X,Y,PID,SSL,PMPROPERTYID,UBID,PROPERTYNAME,PMPARENTPROPERTYID,PARENTPROPERTYNAME,ADDRESSOFRECORD,OWNEROFRECORD,WARD,REPORTEDADDRESS,CITY,STATE,POSTALCODE,YEARBUILT,PRIMARYPROPERTYTYPE_EPACALC,TAXRECORDFLOORAREA,REPORTEDBUILDINGGROSSFLOORAREA,BEPS,BEPS_METRIC_TYPE,PROPERTY_BEPS_METRIC_YEAR,BEPS_PROPERTY_GROUP,PROPERTY_BEPS_METRIC,DISTANCE_FROM_BEPS_ESTIMATED,PERFORMANCE_REQUIREMENT_EST,MEETS_BEPS,LASTUPDATE,LATITUDE,LONGITUDE,XCOORD,YCOORD,MAR_ID,GIS_ID,GLOBALID,OBJECTID
-76.9866964889765,38.9015954435042,PM12004199,4068 0828,12004199,,Engine Company 10,,,1342 FLORIDA AVENUE NE,DISTRICT OF COLUMBIA,5,1342 FLORIDA AVENUE NE,WASHINGTON,DC,20002,1925,Fire Station,13195,13195.0,185,WEATHERNORMALZEDSOUREUI_KBTUFT,2019,Fire station/police station,137.1,,,Meets BEPS,2023/09/16 04:00:00+00,38.90158765,-76.98669421,401154.16995547,137081.62750151,294519,,{0639A2BF-CEF0-2945-E063-782F520A104C},253952
-77.0330648823567,38.9322546166689,PM12004200,2678 0844,12004200,,Engine Company 11,,,3420 14TH STREET NW,DISTRICT OF COLUMBIA HOUSING AUTHORITY,1,3420 14TH STREET NW,WASHINGTON,DC,20010,1984,Fire Station,17479,14219.0,185,WEATHERNORMALZEDSOUREUI_KBTUFT,2019,Fire station/police station,238.1,-22.30%,-20.00%,Does Not Meet BEPS,2023/08/16 04:00:00+00,38.93224682,-77.03306259,397133.31970086,140485.48664446,234580,,{0639A2BF-CEF1-2945-E063-782F520A104C},253953
-76.9991457312753,38.9199158516898,PM12004201,PAR 01310216,12004201,,Engine Company 12,,,2225 5TH ST NE,"KRUPSAW, DAVID L",5,2225 5TH STREET NE,WASHINGTON,DC,20002,1986,Fire Station,14674,15913.0,185,WEATHERNORMALZEDSOUREUI_KBTUFT,2019,Fire station/police station,208.6,-11.31%,-20.00%,Does Not Meet BEPS,2023/09/16 04:00:00+00,38.91990806,-76.99914345,400074.27972152,139115.2600615,294541,,{0639A2BF-CEF2-2945-E063-782F520A104C},258114
-77.0178239217849,38.8828134822265,PM12004202,0495 0839,12004202,,Engine Company 13,,,501 4TH STREET SW,DISTRICT OF COLUMBIA,6,501 4th Street SW,WASHINGTON,DC,20024,1960,Fire Station,23373,23373.0,185,WEATHERNORMALZEDSOUREUI_KBTUFT,2019,Fire station/police station,132.4,,,Meets BEPS,2023/09/16 04:00:00+00,38.8828057,-77.01782163,398453.7103251,134996.75020407,313000,,{0639A2BF-CEF3-2945-E063-782F520A104C},258115
-77.0355601837587,38.9293445782868,PM12004255,"2673 0889; 2674 0853",12004255,,Columbia Heights Education Campus,,,3101 16TH STREET NW,DISTRICT OF COLUMBIA,1,3101 16th Street NW,WASHINGTON,DC,20010,2006,K-12 School,185000,325217.0,36,ENERGYSTARSCORE,2019,K-12 School,24,-12.20%,-20.00%,Does Not Meet BEPS,2023/09/18 04:00:00+00,38.92933679,-77.03555789,396916.8397708,140162.5294995,234375,,{0639A2BF-CEF4-2945-E063-782F520A104C},258116
-77.0331548060057,38.9257266361363,PM12004256,2668 0829,12004256,,Community Of Hope: Girard Street Apartments,,,1413 GIRARD STREET NW,DISTRICT OF COLUMBIA,1,1413 Girard Street NW,WASHINGTON,DC,20009,1950,Other - Lodging/Residential,29000,28402.0,143,WEATHERNORMALZEDSOUREUI_KBTUFT,2019,Lodging,115,,,Meets BEPS,2023/07/21 04:00:00+00,38.92571884,-77.03315251,397125.26004942,139760.82755707,234321,,{0639A2BF-CEF5-2945-E063-782F520A104C},258117
-77.0178544199114,38.8835578135774,PM12004257,0494 0037,12004257,,Consolidated Forensic Lab,,,415 4TH STREET SW,DISTRICT OF COLUMBIA,6,401 E Street SW,WASHINGTON,DC,20024,2012,Laboratory,287000,287000.0,318,WEATHERNORMALZEDSOUREUI_KBTUFT,2019,Laboratory,481.1,-33.90%,-20.00%,Does Not Meet BEPS,2023/09/22 04:00:00+00,38.88355003,-77.01785213,398451.08015775,135079.37707069,309137,,{0639A2BF-CEF6-2945-E063-782F520A104C},258118
-77.0195806455823,38.967292373082,PM12004258,3269 0807,12004258,,Coolidge High School/Ida B. Wells Middle School/Frank Williams Center,,,6315 5TH STREET NW,DISTRICT OF COLUMBIA,4,6315 5TH Street NW,WASHINGTON,DC,20011,1940,K-12 School,246590,483237.0,36,ENERGYSTARSCORE,2019,K-12 School,94,,,Meets BEPS,2023/09/19 04:00:00+00,38.96728457,-77.01957835,398303.30015861,144374.65677173,294615,,{0639A2BF-CEF7-2945-E063-782F520A104C},258119
-76.9991827112452,38.9028786455596,PM12004259,0830 0816,12004259,,DC Office of Aging and Hayes Senior Wellness Center,,,500 K STREET NE,DISTRICT OF COLUMBIA,6,500 K STREET NE,WASHINGTON,DC,20002,1980,Office,19662,19662.0,71,ENERGYSTARSCORE,2019,Office_all,2,-70.00%,-20.00%,Does Not Meet BEPS,2023/07/14 04:00:00+00,38.90287086,-76.99918043,400071.08980808,137223.99036052,300865,,{0639A2BF-CEF8-2945-E063-782F520A104C},258120
-76.9199292659026,38.8960017637971,PM12004260,5226 0800,12004260,,Drew Elementary School,,,5600 EADS STREET NE,DISTRICT OF COLUMBIA,7,5600 EADS STREET NE,WASHINGTON,DC,20019,1959,K-12 School,67763,67238.0,36,ENERGYSTARSCORE,2019,K-12 School,36,,,Meets BEPS,2023/09/21 04:00:00+00,38.89599397,-76.91992701,406946.22978788,136463.64661926,277686,,{0639A2BF-CEF9-2945-E063-782F520A104C},258121
-77.0082937454116,38.9489004061176,PM12004261,PAR 01240155,12004261,,Engine Company 14,,,4801 NORTH CAPITOL STREET NE,DISTRICT OF COLUMBIA,5,4801 NORTH CAPITOL STREET NE,WASHINGTON,DC,20011,1956,Fire Station,13505,13505.0,185,WEATHERNORMALZEDSOUREUI_KBTUFT,2019,Fire station/police station,273,-32.23%,-20.00%,Does Not Meet BEPS,2023/07/14 04:00:00+00,38.94889261,-77.00829146,399281.25967954,142332.83018051,288276,,{0639A2BF-CEFA-2945-E063-782F520A104C},258122
-77.0300179132665,38.9033187863076,PM12004262,0248 0814,12004262,,Engine Company 16,,,1018 13TH STREET NW,DISTRICT OF COLUMBIA,2,1018 13TH STREET NW,WASHINGTON,DC,20005,1932,Fire Station,30104,25634.0,185,WEATHERNORMALZEDSOUREUI_KBTUFT,2019,Fire station/police station,260.7,-29.04%,-20.00%,Does Not Meet BEPS,2023/07/21 04:00:00+00,38.903311,-77.03001562,397396.45001561,137273.27715972,240645,,{0639A2BF-CEFB-2945-E063-782F520A104C},258123
-77.078425144784,38.944981706439,PM12004263,1783 0804,12004263,,Engine Company 20,,,4300 WISCONSIN AVENUE NW,DISTRICT OF COLUMBIA,3,4300 WISCONSIN AVENUE NW,WASHINGTON,DC,20016,1970,Fire Station,11982,13044.0,185,WEATHERNORMALZEDSOUREUI_KBTUFT,2019,Fire station/police station,253.3,-26.96%,-20.00%,Does Not Meet BEPS,2023/09/16 04:00:00+00,38.94497391,-77.07842283,393201.59035288,141900.70676597,222965,,{0639A2BF-CEFC-2945-E063-782F520A104C},258124
-77.0248847585903,38.9106264934945,PM12004380,0365 0832,12004380,,Seaton Elementary School,,,1503 10TH STREET NW,DISTRICT OF COLUMBIA,2,1503 10TH STREET NW,WASHINGTON,DC,20001,1969,K-12 School,46734,65000.0,36,ENERGYSTARSCORE,2019,K-12 School,55,,,Meets BEPS,2023/09/22 04:00:00+00,38.9106187,-77.02488247,397841.91970978,138084.35754682,279203,,{0639A2BF-CEFD-2945-E063-782F520A104C},258125
-77.0748403612183,38.9348539656091,PM12004381,1818 0849,12004381,,Second District Station,,,3320 IDAHO AVENUE NW,DISTRICT OF COLUMBIA,3,3320 Idaho Avenue NW,WASHINGTON,DC,20016,1000,Police Station,33888,33900.0,185,WEATHERNORMALZEDSOUREUI_KBTUFT,2019,Fire station/police station,282.5,-34.51%,-20.00%,Does Not Meet BEPS,2023/07/14 04:00:00+00,38.93484617,-77.07483805,393511.43019431,140776.17764669,222229,,{0639A2BF-CEFE-2945-E063-782F520A104C},258126
-76.9695501528058,38.8534075111997,PM12004382,5728 0800,12004382,,Seventh District Station,,,2455 ALABAMA AVENUE SE,DISTRICT OF COLUMBIA,8,2455 ALABAMA AVENUE SE,WASHINGTON,DC,20020,1988,Police Station,96000,45098.0,185,WEATHERNORMALZEDSOUREUI_KBTUFT,2019,Fire station/police station,213.7,-13.43%,-20.00%,Does Not Meet BEPS,2023/08/19 04:00:00+00,38.85339973,-76.96954788,402643.26013798,131732.75985871,278162,,{0639A2BF-CEFF-2945-E063-782F520A104C},258127
-77.0304706267333,38.9434824533662,PM12004383,2820 0801,12004383,,Sharpe Health - SWING SPACE,,,4300 13TH STREET NW,DISTRICT OF COLUMBIA HOUSING AUTHORITY,4,4300 13TH STREET NW,WASHINGTON,DC,20011,1950,K-12 School,64237,81340.0,36,ENERGYSTARSCORE,2019,K-12 School,64,,,Meets BEPS,2023/09/16 04:00:00+00,38.94347466,-77.03046833,397358.67009099,141731.79727281,255254,,{0639A2BF-CF00-2945-E063-782F520A104C},258128
-77.0225386327197,38.9123900733084,PM12004384,0420N 0012,12004384,,Shaw (Watha T. Daniel) Library,,,700 R STREET NW,DISTRICT OF COLUMBIA HOUSING AUTHORITY,2,700 R Street NW,WASHINGTON,DC,20001,2010,Library,25284,15638.0,206,WEATHERNORMALZEDSOUREUI_KBTUFT,2019,Library,646.8,-68.15%,-20.00%,Does Not Meet BEPS,2023/07/21 04:00:00+00,38.91238228,-77.02253634,398045.45012196,138280.07661655,225963,,{0639A2BF-CF01-2945-E063-782F520A104C},258129
-77.0339748276906,38.984690031968,PM12004385,2740 0021,12004385,,Shepherd Elementary School,,,7800 14TH STREET NW,DISTRICT OF COLUMBIA,4,7800 14TH STREET NW,WASHINGTON,DC,20012,1932,K-12 School,34395,79700.0,36,ENERGYSTARSCORE,2019,K-12 School,27,-9.13%,-20.00%,Does Not Meet BEPS,2023/09/17 04:00:00+00,38.98468223,-77.03397253,397056.58986037,146306.33022449,256319,,{0639A2BF-CF02-2945-E063-782F520A104C},258130
-77.0270078577688,38.9802982700187,PM12004386,2956 0042,12004386,,Shepherd Park Library,,,7420 GEORGIA AVENUE NW,DISTRICT OF COLUMBIA HOUSING AUTHORITY,4,7420 GEORGIA AVENUE NW,WASHINGTON,DC,20012,1990,Library,17194,23095.0,206,WEATHERNORMALZEDSOUREUI_KBTUFT,2019,Library,125.4,,,Meets BEPS,2023/09/17 04:00:00+00,38.98029047,-77.02700556,397660.07007859,145818.60037162,253522,,{0639A2BF-CF03-2945-E063-782F520A104C},258131
-76.993169425479,38.8986023609373,PM12004387,0935 0803,12004387,,Sherwood Recreation Center,,,640 10TH STREET NE,DISTRICT OF COLUMBIA,6,640 10th Street NE,WASHINGTON,DC,20002,2003,Fitness Center/Health Club/Gym,45548,45548.0,206,WEATHERNORMALZEDSOUREUI_KBTUFT,2019,Recreation,127,,,Meets BEPS,2023/09/17 04:00:00+00,38.89859457,-76.99316714,400592.72036044,136749.30969272,301075,,{0639A2BF-CF04-2945-E063-782F520A104C},258132
-77.000054570666,38.8359178014434,PM12004388,PAR 02430058,12004388,,Simon Elementary School,,,401 MISSISSIPPI AVENUE SE,DISTRICT OF COLUMBIA,8,401 MISSISSIPPI AVENUE SE,WASHINGTON,DC,20032,2002,K-12 School,61169,66200.0,36,ENERGYSTARSCORE,2019,K-12 School,28,-8.11%,-20.00%,Does Not Meet BEPS,2023/09/19 04:00:00+00,38.83591003,-77.00005229,399995.46008815,129790.84042368,294481,,{0639A2BF-CF05-2945-E063-782F520A104C},258133
-76.9301524619641,38.9003727237312,PM12004389,5178 0805,12004389,,Sixth District Station,,,5002 HAYES STREET NE,DISTRICT OF COLUMBIA,7,5002 HAYES STREET NE,WASHINGTON,DC,20019,1000,Police Station,130223,85547.0,185,WEATHERNORMALZEDSOUREUI_KBTUFT,2019,Fire station/police station,225.4,-17.92%,-20.00%,Does Not Meet BEPS,2023/09/17 04:00:00+00,38.90036493,-76.9301502,406059.01001424,136948.1296825,294606,,{0639A2BF-CF06-2945-E063-782F520A104C},258134
-76.9384392383271,38.8936542326243,PM12004390,5135 0055,12004390,,Smothers Elementary School,,,4415 CLAY STREET NE,DISTRICT OF COLUMBIA,7,4400 BROOKS STREET NE,WASHINGTON,DC,20019,1923,K-12 School,42465,43000.0,36,ENERGYSTARSCORE,2019,K-12 School,47,,,Meets BEPS,2023/05/04 04:00:00+00,38.89364644,-76.93843697,405340.69037778,136201.80662094,294596,,{0639A2BF-CF07-2945-E063-782F520A104C},258135
-76.9530699959947,38.8840006477524,PM12004391,PAR 02030086,12004391,,Sousa Middle School,,,3650 ELY PLACE SE,DISTRICT OF COLUMBIA,7,3650 ELY PLACE SE,WASHINGTON,DC,20019,1959,K-12 School,92882,160000.0,36,ENERGYSTARSCORE,2019,K-12 School,37,,,Meets BEPS,2023/09/18 04:00:00+00,38.88399286,-76.95306773,404071.99983083,135129.42988478,294584,,{0639A2BF-CF08-2945-E063-782F520A104C},258136
-76.9971810257391,38.8377456463963,PM12004392,PAR 02360114,12004392,,Southeast Tennis and Learning Center,,,601 MISSISSIPPI AVENUE SE,DISTRICT OF COLUMBIA,8,701 Mississippi Avenue SE,WASHINGTON,DC,20032,2001,Fitness Center/Health Club/Gym,192777,39541.0,206,WEATHERNORMALZEDSOUREUI_KBTUFT,2019,Recreation,207.3,-0.63%,-20.00%,Does Not Meet BEPS,2023/09/19 04:00:00+00,38.83773787,-76.99717875,400244.93972841,129993.74692672,295830,,{0639A2BF-CF09-2945-E063-782F520A104C},258137
-77.0158340686138,38.8787057355076,PM12004393,0542 0087,12004393,,Southwest Library,,,900 WESLEY PLACE SW,DISTRICT OF COLUMBIA,6,900 WESLEY PLACE SW,WASHINGTON,DC,20024,1000,Library,21957,21600.0,206,WEATHERNORMALZEDSOUREUI_KBTUFT,2019,Library,107.8,,,Meets BEPS,2023/07/18 04:00:00+00,38.87869795,-77.01583178,398626.28012538,134540.72675612,295165,,{0639A2BF-CF0A-2945-E063-782F520A104C},258138
-76.9706693326616,38.902606671211,PM12004394,4486 0802,12004394,,Spingarn High School,,,850 26TH STREET NE,DISTRICT OF COLUMBIA,5,2500 BENNING ROAD NE,WASHINGTON,DC,20002,1000,K-12 School,577342,225000.0,36,ENERGYSTARSCORE,2019,K-12 School,100,,,Meets BEPS,2023/05/04 04:00:00+00,38.90259888,-76.97066706,402544.35983535,137194.20684491,294545,,{0639A2BF-CF0B-2945-E063-782F520A104C},258139
-76.9686461921077,38.8592893884808,PM12004395,PAR 02140198,12004395,,Stanton Elementary School,,,2745 NAYLOR ROAD SE,DISTRICT OF COLUMBIA,7,2701 NAYLOR ROAD SE,WASHINGTON,DC,20020,1942,K-12 School,76314,59524.0,36,ENERGYSTARSCORE,2019,K-12 School,5,-36.51%,-20.00%,Does Not Meet BEPS,2023/09/18 04:00:00+00,38.85928161,-76.96864392,402721.50007063,132385.71729609,294547,,{0639A2BF-CF0C-2945-E063-782F520A104C},258140
-77.078982623374,38.9231936866056,PM12004396,1808 0801,12004396,,Stoddert Elementary School,,,4001 CALVERT STREET NW,DISTRICT OF COLUMBIA,3,4001 CALVERT STREET NW,WASHINGTON,DC,20007,1932,K-12 School,16740,91125.0,36,ENERGYSTARSCORE,2019,K-12 School,31,-5.08%,-20.00%,Does Not Meet BEPS,2023/09/23 04:00:00+00,38.9231859,-77.07898031,393151.17033201,139482.09036808,224730,,{0639A2BF-CF0D-2945-E063-782F520A104C},258141
-77.0000066637992,38.8963054906471,PM12004398,0811 0015,12004398,,Stuart Hobson Middle School,,,410 E STREET NE,DISTRICT OF COLUMBIA,6,410 E STREET NE,WASHINGTON,DC,20002,1927,K-12 School,138135,105900.0,36,ENERGYSTARSCORE,2019,K-12 School,42,,,Meets BEPS,2023/09/17 04:00:00+00,38.8962977,-77.00000438,399999.62004215,136494.31664519,294483,,{0639A2BF-CF0E-2945-E063-782F520A104C},258142
-77.0180281119005,38.9693129016225,PM12004399,3283 0801,12004399,,Takoma Community and Aquatic Center,,,6500 3RD STREET NW,DISTRICT OF COLUMBIA,4,301/300 Van Buren Street NW,WASHINGTON,DC,20012,2004,Fitness Center/Health Club/Gym,53937,84204.0,206,WEATHERNORMALZEDSOUREUI_KBTUFT,2019,Recreation,215.2,-4.28%,-20.00%,Does Not Meet BEPS,2023/09/22 04:00:00+00,38.9693051,-77.01802582,398437.88987078,144598.92698541,303506,,{0639A2BF-CF0F-2945-E063-782F520A104C},258143
-77.0227972231441,38.9750506763211,PM12004400,3173 0802,12004400,,Takoma Education Campus,,,7010 PINEY BRANCH ROAD NW,DISTRICT OF COLUMBIA,4,7010 PINEY BRANCH ROAD NW,WASHINGTON,DC,20012,1976,K-12 School,111525,119000.0,36,ENERGYSTARSCORE,2019,K-12 School,44,,,Meets BEPS,2023/09/20 04:00:00+00,38.97504287,-77.02279493,398024.75981921,145235.96657228,250934,,{0639A2BF-CF10-2945-E063-782F520A104C},258144
-77.0809971375486,38.9475582142018,PM12004401,1729 0808,12004401,,Tenley-Friendship Library,,,4130 ALBEMARLE STREET NW,DISTRICT OF COLUMBIA,3,4450 Wisconsin Avenue NW,WASHINGTON,DC,20016,2011,Library,14219,21472.0,206,WEATHERNORMALZEDSOUREUI_KBTUFT,2019,Library,257.6,-20.03%,-20.00%,Does Not Meet BEPS,2023/09/19 04:00:00+00,38.94755042,-77.08099483,392978.87964278,142186.91706185,284921,,{0639A2BF-CF11-2945-E063-782F520A104C},258145
-77.0469772707727,38.9031671991346,PM12004402,0073 0886,12004402,,Thaddeus Stevens Early Learning Center (Stevens School),,,1050 21ST STREET NW,DISTRICT OF COLUMBIA,2,1050 21ST STREET NW,WASHINGTON,DC,20037,1980,K-12 School,39500,38573.0,36,ENERGYSTARSCORE,2019,K-12 School,100,,,Meets BEPS,2023/07/14 04:00:00+00,38.90315941,-77.04697497,395925.39020929,137257.06977216,294506,,{0639A2BF-CF12-2945-E063-782F520A104C},258146
-76.9628156227435,38.8576222265397,PM12004403,PAR 02140185,12004403,,Hillcrest Recreation Center,,,3100 ERIE STREET SE,DISTRICT OF COLUMBIA,7,3100 Denver Street SE,WASHINGTON,DC,20020,2004,Fitness Center/Health Club/Gym,174155,21628.0,206,WEATHERNORMALZEDSOUREUI_KBTUFT,2019,Recreation,267.7,-23.05%,-20.00%,Does Not Meet BEPS,2023/09/22 04:00:00+00,38.85761445,-76.96281335,403227.63029211,132200.84049835,296174,,{0639A2BF-CF13-2945-E063-782F520A104C},258147
-76.9923764084782,38.8986771443593,PM12004404,0960 0802,12004404,,House of Ruth Shelter,,,651 10TH STREET NE,DISTRICT OF COLUMBIA,6,651 10TH STREET NE,WASHINGTON,DC,20002,1889,Other - Lodging/Residential,18060,18837.0,143,WEATHERNORMALZEDSOUREUI_KBTUFT,2019,Lodging,180.6,-20.82%,-20.00%,Does Not Meet BEPS,2023/09/19 04:00:00+00,38.89866936,-76.99237413,400661.50977412,136757.61742783,1409,,{0639A2BF-CF14-2945-E063-782F520A104C},258148
-76.9299499082831,38.9054231114866,PM12004405,5174 0105,12004405,,Houston Elementary School,,,1100 50TH PLACE NE,DISTRICT OF COLUMBIA,7,1100 50TH PLACE NE,WASHINGTON,DC,20019,1962,K-12 School,54957,59900.0,36,ENERGYSTARSCORE,2019,K-12 School,13,-24.41%,-20.00%,Does Not Meet BEPS,2023/05/04 04:00:00+00,38.90541532,-76.92994765,406076.14967349,137508.77704535,156316,,{0639A2BF-CF15-2945-E063-782F520A104C},258149
-77.0645317837163,38.9081126949636,PM12004406,1244 0854,12004406,,Hyde-Addison Elementary,,,3219 O STREET NW,DISTRICT OF COLUMBIA,2,3219 O Street NW,WASHINGTON,DC,20007,2019,K-12 School,36528,65831.0,36,ENERGYSTARSCORE,2019,K-12 School,100,,,Meets BEPS,2023/09/19 04:00:00+00,38.90810491,-77.06452948,394403.09996462,137806.99027323,294558,,{0639A2BF-CF16-2945-E063-782F520A104C},258150
-76.99659130435,38.9027657870979,PM12004407,0856 0809,12004407,,J.O. Wilson Elementary School,,,660 K STREET NE,DISTRICT OF COLUMBIA,6,660 K STREET NE,WASHINGTON,DC,20002,1961,K-12 School,55464,98900.0,36,ENERGYSTARSCORE,2019,K-12 School,22,-14.28%,-20.00%,Does Not Meet BEPS,2023/09/21 04:00:00+00,38.902758,-76.99658902,400295.87014798,137211.46719796,288841,,{0639A2BF-CF17-2945-E063-782F520A104C},258151
-77.0809971375486,38.9475582142018,PM12004408,1729 0808,12004408,,Janney Elementary School,,,4130 ALBEMARLE STREET NW,DISTRICT OF COLUMBIA,3,4130 ALBEMARLE STREET NW,WASHINGTON,DC,20016,2010,K-12 School,14219,94920.0,36,ENERGYSTARSCORE,2019,K-12 School,16,-20.84%,-20.00%,Does Not Meet BEPS,2023/09/21 04:00:00+00,38.94755042,-77.08099483,392978.87964278,142186.91706185,285713,,{0639A2BF-CF18-2945-E063-782F520A104C},258152
-77.0229410825204,38.8799152205872,PM12004409,0439 0023,12004409,,Jefferson Middle School,,,801 7TH STREET SW,DISTRICT OF COLUMBIA HOUSING AUTHORITY,6,801 7TH STREET SW,WASHINGTON,DC,20024,1939,K-12 School,123478,114974.0,36,ENERGYSTARSCORE,2019,K-12 School,9,-29.76%,-20.00%,Does Not Meet BEPS,2023/09/19 04:00:00+00,38.87990744,-77.02293879,398009.64026606,134675.12029996,276812,,{0639A2BF-CF19-2945-E063-782F520A104C},258153
-77.0668299411862,38.9157207505667,PM12004410,1299 1010,12004410,,Jelleff Recreation Center and Pool,,,3265 S STREET NW,DISTRICT OF COLUMBIA,3,3265 S STREET NW,WASHINGTON,DC,20007,1987,Fitness Center/Health Club/Gym,20630,21304.0,206,WEATHERNORMALZEDSOUREUI_KBTUFT,2019,Recreation,136.5,,,Meets BEPS,2023/07/14 04:00:00+00,38.91571296,-77.06682764,394204.38964244,138651.68981216,273636,,{0639A2BF-CF1A-2945-E063-782F520A104C},258154
-77.0313551677751,38.8950104730341,PM12004411,0255 0800,12004411,,John A. Wilson Building,,,1350 PENNSYLVANIA AVENUE NW,DISTRICT OF COLUMBIA,2,1350 Pennsylvania Avenue NW,WASHINGTON,DC,20004,1904,Office,278242,268381.0,71,ENERGYSTARSCORE,2019,Office_all,32,-41.28%,-20.00%,Does Not Meet BEPS,2023/07/14 04:00:00+00,38.89500269,-77.03135287,397280.1404147,136351.02733145,293203,,{0639A2BF-CF1B-2945-E063-782F520A104C},258155
-76.9838420033131,38.8513823580406,PM12004412,5876 0940,12004412,,Johnson Middle School,,,1530 BRUCE STREET SE,DISTRICT OF COLUMBIA,8,1400 BRUCE PLACE SE,WASHINGTON,DC,20020,1962,K-12 School,232095,173815.0,36,ENERGYSTARSCORE,2019,K-12 School,40,,,Meets BEPS,2023/09/06 04:00:00+00,38.85137458,-76.98383973,401402.75980637,131507.63710494,294520,,{0639A2BF-CF1C-2945-E063-782F520A104C},258156
-76.9324572607571,38.8933227880517,PM12004413,5187 0823,12004413,,Kelly Miller Middle School,,,301 49TH ST NE,DISTRICT OF COLUMBIA,7,301 49TH STREET NE,WASHINGTON,DC,20019,2004,K-12 School,162221,122281.0,36,ENERGYSTARSCORE,2019,K-12 School,28,-8.11%,-20.00%,Does Not Meet BEPS,2023/09/18 04:00:00+00,38.893315,-76.932455,405859.66288413,136165.38114545,294476,,{0639A2BF-CF1D-2945-E063-782F520A104C},258157
-76.9404872101167,38.9082368660697,PM12004414,5101 0016,12004414,,Kenilworth Recreation Center and Pool,,,1300 44TH STREET NE,DISTRICT OF COLUMBIA,7,4321 Ord Street NE,WASHINGTON,DC,20019,2015,Fitness Center/Health Club/Gym,60621,59150.0,206,WEATHERNORMALZEDSOUREUI_KBTUFT,2019,Recreation,111.9,,,Meets BEPS,2023/09/22 04:00:00+00,38.90822907,-76.94048494,405161.9704006,137820.47755662,314577,,{0639A2BF-CF1E-2945-E063-782F520A104C},258158
-77.0215302070757,38.9089709847003,PM12004415,0446 0802,12004415,,Kennedy Recreation Center,,,1401 7TH STREET NW,DISTRICT OF COLUMBIA,2,1401 7TH STREET NW,WASHINGTON,DC,20001,2003,Fitness Center/Health Club/Gym,18200,17262.0,206,WEATHERNORMALZEDSOUREUI_KBTUFT,2019,Recreation,247.7,-16.83%,-20.00%,Does Not Meet BEPS,2023/09/12 04:00:00+00,38.9089632,-77.02152792,398132.81967802,137900.50949987,279127,,{0639A2BF-CF1F-2945-E063-782F520A104C},258159
-76.9836234386189,38.8660504752464,PM12004416,5767 0818,12004416,,Ketcham Elementary School,,,1919 15TH STREET SE,DISTRICT OF COLUMBIA,8,1919 15TH STREET SE,WASHINGTON,DC,20020,1909,K-12 School,83139,88300.0,36,ENERGYSTARSCORE,2019,K-12 School,1,-48.73%,-20.00%,Does Not Meet BEPS,2023/09/15 04:00:00+00,38.86604269,-76.98362116,401421.44019542,133135.90663477,286537,,{0639A2BF-CF20-2945-E063-782F520A104C},258160
-77.1002891352549,38.9267768629919,PM12004417,1421 0044,12004417,,Key Elementary School,,,4959 ESKRIDGE TERRACE NW,DISTRICT OF COLUMBIA,3,5001 DANA PLACE NW,WASHINGTON,DC,20016,1928,K-12 School,45258,82886.0,36,ENERGYSTARSCORE,2019,K-12 School,79,,,Meets BEPS,2023/08/19 04:00:00+00,38.92676907,-77.10028682,391303.99990016,139881.6666512,294605,,{0639A2BF-CF21-2945-E063-782F520A104C},258161
-76.9576268908857,38.8830068728665,PM12004418,5441 0806,12004418,,Kimball Elementary School,,,3375 MINNESOTA AVENUE SE,DISTRICT OF COLUMBIA,7,3375 MINNESOTA AVENUE SE,WASHINGTON,DC,20019,1942,K-12 School,92511,74122.2,36,ENERGYSTARSCORE,2019,K-12 School,78,,,Meets BEPS,2023/09/12 04:00:00+00,38.88299909,-76.95762462,403676.68013706,135018.92038623,294565,,{0639A2BF-CF22-2945-E063-782F520A104C},258162
-76.9981670859497,38.8425506211508,PM12004419,5975 0806,12004419,,King Elementary School,,,3200 6TH STREET SE,DISTRICT OF COLUMBIA,8,3200 6TH STREET SE,WASHINGTON,DC,20032,1968,K-12 School,77985,65500.0,36,ENERGYSTARSCORE,2019,K-12 School,36,,,Meets BEPS,2023/09/19 04:00:00+00,38.84254284,-76.99816481,400159.31969471,130527.12950259,294557,,{0639A2BF-CF23-2945-E063-782F520A104C},258163
-77.0127576955908,38.8750908893088,PM12004420,0597 0830,12004420,,King Greenleaf Recreation Center,,,201 N STREET SW,UNITED STATES OF AMERICA,6,201 N STREET SW,WASHINGTON,DC,20024,2005,Fitness Center/Health Club/Gym,16562,15960.0,206,WEATHERNORMALZEDSOUREUI_KBTUFT,2019,Recreation,211.5,-2.60%,-20.00%,Does Not Meet BEPS,2023/09/10 04:00:00+00,38.87508311,-77.01275541,398893.15996539,134139.41037601,52917,,{0639A2BF-CF24-2945-E063-782F520A104C},258164
-77.0061908051708,38.8370797011231,PM12004421,6095 0036,12004421,,King Office Building,,,3720 MARTIN LUTHER KING JR AVENUE SE,DISTRICT OF COLUMBIA,8,3720 MARTIN LUTHER KING JR AVENUE SE,WASHINGTON,DC,20032,1000,Office,34500,34500.0,71,ENERGYSTARSCORE,2019,Office_all,59,-16.48%,-16.48%,Does Not Meet BEPS,2023/09/17 04:00:00+00,38.83707193,-77.00618852,399462.71030731,129919.83745994,278424,,{0639A2BF-CF25-2945-E063-782F520A104C},258165
-77.0344108807339,38.9285333454052,PM12004422,2672 0890,12004422,,La Casa Permanent Supportive Housing Program,,,1444 IRVING STREET NW,DISTRICT OF COLUMBIA,1,1444 Irving Street NW,WASHINGTON,DC,20010,1980,Other - Lodging/Residential,44850,30099.0,143,WEATHERNORMALZEDSOUREUI_KBTUFT,2019,Lodging,186.6,-23.37%,-20.00%,Does Not Meet BEPS,2023/07/21 04:00:00+00,38.92852555,-77.03440858,397016.46041063,140072.43669567,306034,,{0639A2BF-CF26-2945-E063-782F520A104C},258166
-77.0680394312603,38.9666353521091,PM12004423,2012 0012,12004423,,Lafayette Elementary School,,,5701 BROAD BRANCH ROAD NW,DISTRICT OF COLUMBIA,4,5701 BROAD BRANCH ROAD NW,WASHINGTON,DC,20015,1931,K-12 School,47473,141069.0,36,ENERGYSTARSCORE,2019,K-12 School,70,,,Meets BEPS,2023/09/12 04:00:00+00,38.96662755,-77.06803712,394103.71021247,144303.73666378,294611,,{0639A2BF-CF27-2945-E063-782F520A104C},258167
-77.008239972995,38.967735063289,PM12004424,3727 0012,12004424,,Lamond Recreation Center,,,20 TUCKERMAN STREET NE,UNITED STATES OF AMERICA,4,20 Tuckerman Street NE,WASHINGTON,DC,20011,2007,Fitness Center/Health Club/Gym,16000,14842.0,206,WEATHERNORMALZEDSOUREUI_KBTUFT,2019,Recreation,190.7,,,Meets BEPS,2023/07/21 04:00:00+00,38.96772726,-77.00823768,399286.11023826,144423.64980568,296166,,{0639A2BF-CF28-2945-E063-782F520A104C},258168
-76.9995866047448,38.9551359287905,PM12004425,3761 0804,12004425,,Lamont Riggs Library,,,5401 SOUTH DAKOTA AVENUE NE,DISTRICT OF COLUMBIA HOUSING AUTHORITY,5,5401 SOUTH DAKOTA AVENUE NE,WASHINGTON,DC,20011,1950,Library,17849,17927.0,206,WEATHERNORMALZEDSOUREUI_KBTUFT,2019,Library,198.6,,,Meets BEPS,2023/05/16 04:00:00+00,38.95512813,-76.99958432,400036.02982379,143024.99705928,288645,,{0639A2BF-CF29-2945-E063-782F520A104C},258169
-76.976731473995,38.9247248573624,PM12004426,4212 0803,12004426,,Langdon Elementary School,,,1920 EVARTS STREET NE,DISTRICT OF COLUMBIA,5,1900 EVARTS STREET NE,WASHINGTON,DC,20018,1948,K-12 School,99900,101400.0,36,ENERGYSTARSCORE,2019,K-12 School,33,-3.05%,-20.00%,Does Not Meet BEPS,2023/09/19 04:00:00+00,38.92471706,-76.9767292,402017.89967029,139649.35663207,294532,,{0639A2BF-CF2A-2945-E063-782F520A104C},258170
-76.9745291951301,38.92659506555,PM12004427,4215 0820,12004427,,Langdon Park Community Center and Pool,,,2901 20TH STREET NE,DISTRICT OF COLUMBIA,5,2901 20TH STREET NE,WASHINGTON,DC,20018,1000,Social/Meeting Hall,14269,14269.0,192,WEATHERNORMALZEDSOUREUI_KBTUFT,2019,Social/meeting,279.2,-31.23%,-20.00%,Does Not Meet BEPS,2023/05/16 04:00:00+00,38.92658727,-76.97452692,402208.80981826,139857.01688426,287283,,{0639A2BF-CF2B-2945-E063-782F520A104C},258171
-77.0043307598566,38.9149347975856,PM12004428,3530 0891,12004428,,Langley Elementary School,,,151 T STREET NE,DISTRICT OF COLUMBIA,5,101 T Street NE,WASHINGTON,DC,20002,1923,K-12 School,412627,110290.0,36,ENERGYSTARSCORE,2019,K-12 School,62,,,Meets BEPS,2023/08/04 04:00:00+00,38.91492701,-77.00432847,399624.61035207,138562.33038416,285757,,{0639A2BF-CF2C-2945-E063-782F520A104C},258172
-76.9995637329207,38.9597886064883,PM12004429,PAR 01380037,12004429,,LaSalle-Backus Education Campus,,,445 RIGGS ROAD NE,DISTRICT OF COLUMBIA,4,501 RIGGS ROAD NE,WASHINGTON,DC,20011,2008,K-12 School,61344,58821.0,36,ENERGYSTARSCORE,2019,K-12 School,63,,,Meets BEPS,2023/09/15 04:00:00+00,38.95978081,-76.99956145,400038.00964163,143541.48741896,294489,,{0639A2BF-CF2D-2945-E063-782F520A104C},258173
-77.0043307598566,38.9149347975856,PM12004430,3530 0891,12004430,,McKinley Middle School and Technology High School,,,151 T STREET NE,DISTRICT OF COLUMBIA,5,151 T STREET NE,WASHINGTON,DC,20002,1928,K-12 School,412627,285822.0,36,ENERGYSTARSCORE,2019,K-12 School,46,,,Meets BEPS,2023/09/22 04:00:00+00,38.91492701,-77.00432847,399624.61035207,138562.33038416,296345,,{0639A2BF-CF2E-2945-E063-782F520A104C},258174
-77.026594815579,38.9228340208319,PM12004431,2864 0830,12004431,,Meyer Elementary School (swing space),,,2501 11TH STREET NW,DISTRICT OF COLUMBIA,1,2501 11TH STREET NW,WASHINGTON,DC,20001,1000,K-12 School,61423,60285.0,36,ENERGYSTARSCORE,2019,K-12 School,39,,,Meets BEPS,2023/09/22 04:00:00+00,38.92282623,-77.02659252,397694.00020511,139439.53710832,242979,,{0639A2BF-CF2F-2945-E063-782F520A104C},258175
-76.9829459565985,38.8566637840361,PM12004432,5829 0801,12004432,,Moten Elementary School,,,1565 MORRIS ROAD SE,DISTRICT OF COLUMBIA,8,1565 MORRIS ROAD SE,WASHINGTON,DC,20020,1955,K-12 School,182558,119700.0,36,ENERGYSTARSCORE,2019,K-12 School,58,,,Meets BEPS,2023/09/18 04:00:00+00,38.856656,-76.98294368,401480.43008798,132093.92656153,294524,,{0639A2BF-CF30-2945-E063-782F520A104C},258176
-77.014880238788,38.8134699243276,PM12004433,6264 0802,12004433,,MPD Bomb Squad Trailers and Tactical Village,,,ANACOSTIA FWY SW,DISTRICT OF COLUMBIA,8,4669 Blue Plains Drive SW,WASHINGTON,DC,20001,1000,Other - Public Services,358523,38725.0,229,WEATHERNORMALZEDSOUREUI_KBTUFT,2019,Other,158.1,,,Meets BEPS,2023/07/14 04:00:00+00,38.81346215,-77.01487796,398707.86264268,127299.08253894,299768,,{0639A2BF-CF31-2945-E063-782F520A104C},258177
-77.014880238788,38.8134699243276,PM12004434,6264 0802,12004434,,MPD Evidence Control Branch,,,ANACOSTIA FWY SW,DISTRICT OF COLUMBIA,8,17 DC Village Lane SW,WASHINGTON,DC,20001,1950,Non-Refrigerated Warehouse,358523,39501.0,19,ENERGYSTARSCORE,2019,Warehouse_all,6,-30.48%,-20.00%,Does Not Meet BEPS,2023/09/22 04:00:00+00,38.81346215,-77.01487796,398707.86264268,127299.08253894,307895,,{0639A2BF-CF32-2945-E063-782F520A104C},258178
-77.044272685285,38.9171774656644,PM12004435,2535 0826,12004435,,Oyster-Adams Bilingual School (Adams),,,2000 19TH STREET NW,DISTRICT OF COLUMBIA,1,2020 19TH STREET NW,WASHINGTON,DC,20009,1900,K-12 School,86344,75000.0,36,ENERGYSTARSCORE,2019,K-12 School,60,,,Meets BEPS,2023/07/21 04:00:00+00,38.91716968,-77.04427039,396160.73973243,138812.20748234,294534,,{0639A2BF-CF33-2945-E063-782F520A104C},258179
-77.0124443939808,38.9043953256108,PM12004436,0557 0171,12004436,,Walker-Jones Education Campus,,,1100 1ST STREET NW,DISTRICT OF COLUMBIA,6,1125 NEW JERSEY AVENUE NW,WASHINGTON,DC,20001,2009,K-12 School,121524,121700.0,36,ENERGYSTARSCORE,2019,K-12 School,12,-25.67%,-20.00%,Does Not Meet BEPS,2023/09/12 04:00:00+00,38.90438754,-77.01244211,398920.78967914,137392.42733396,307735,,{0639A2BF-CF34-2945-E063-782F520A104C},258180
-76.9867622704466,38.9248321815657,PM12004264,3956 0802,12004264,,Engine Company 26,,,1340 BRENTWOOD ROAD NE,DISTRICT OF COLUMBIA,5,1340 RHODE ISLAND Avenue NE,WASHINGTON,DC,20018,1937,Fire Station,10213,10213.0,185,WEATHERNORMALZEDSOUREUI_KBTUFT,2019,Fire station/police station,202.4,-8.60%,-20.00%,Does Not Meet BEPS,2023/09/16 04:00:00+00,38.92482439,-76.98675999,401148.08995809,139661.09723654,294518,,{0639A2BF-CF35-2945-E063-782F520A104C},258181
-76.9713681888726,38.8526480828011,PM12004265,5845 0833,12004265,,Engine Company 32,,,2425 IRVING STREET SE,DISTRICT OF COLUMBIA,8,2425 Irving Street SE,WASHINGTON,DC,20020,2004,Fire Station,10300,10300.0,185,WEATHERNORMALZEDSOUREUI_KBTUFT,2019,Fire station/police station,249.5,-25.85%,-20.00%,Does Not Meet BEPS,2023/09/16 04:00:00+00,38.8526403,-76.97136592,402485.47975151,131648.4066563,47304,,{0639A2BF-CF36-2945-E063-782F520A104C},258182
-77.0051497049593,38.8309031005548,PM12004266,6169 0806,12004266,,Engine Company 33,,,101 ATLANTIC STREET SE,DISTRICT OF COLUMBIA HOUSING AUTHORITY,8,101 ATLANTIC STREET SE,WASHINGTON,DC,20032,1987,Fire Station,16206,14519.0,185,WEATHERNORMALZEDSOUREUI_KBTUFT,2019,Fire station/police station,188.9,-2.06%,-20.00%,Does Not Meet BEPS,2023/09/23 04:00:00+00,38.83089533,-77.00514742,399553.06034971,129234.18738883,294471,,{0639A2BF-CF37-2945-E063-782F520A104C},258183
-77.0250274864807,38.9234046839377,PM12004267,2882 1036,12004267,,Engine Company 4,,,2531 SHERMAN AVENUE NW,DISTRICT OF COLUMBIA,1,2531 SHERMAN AVENUE NW,WASHINGTON,DC,20001,1974,Fire Station,20340,19315.0,185,WEATHERNORMALZEDSOUREUI_KBTUFT,2019,Fire station/police station,198.4,-6.75%,-20.00%,Does Not Meet BEPS,2023/07/21 04:00:00+00,38.92339689,-77.02502519,397829.93032252,139502.84678279,232303,,{0639A2BF-CF38-2945-E063-782F520A104C},258184
-76.9829321133469,38.8856509669702,PM12004268,1073 0806,12004268,,Engine Company 8,,,1520 C STREET SE,DISTRICT OF COLUMBIA,6,1520 C STREET SE,WASHINGTON,DC,20003,1963,Fire Station,9947,10080.0,185,WEATHERNORMALZEDSOUREUI_KBTUFT,2019,Fire station/police station,181.2,,,Meets BEPS,2023/09/16 04:00:00+00,38.88564318,-76.98292984,401481.02965304,135311.71988527,289723,,{0639A2BF-CF39-2945-E063-782F520A104C},258185
-76.951671761904,38.8844327233744,PM12004269,5423 1793,12004269,,Family Shelter 37th St SE,,,342 37TH ST SE,BANNEKER COURT CONDO,7,342 37TH STREET SE,WASHINGTON,DC,20019,1950,Other - Lodging/Residential,11015,14196.0,143,WEATHERNORMALZEDSOUREUI_KBTUFT,2019,Lodging,146.2,-2.19%,-2.19%,Does Not Meet BEPS,2023/05/23 04:00:00+00,38.88442494,-76.95166949,404193.29037878,135177.45738651,34876,,{0639A2BF-CF3A-2945-E063-782F520A104C},258186
-76.9798652376219,38.8638429250731,PM12004270,"5760 0038; 5760 0039",12004270,,Family Shelter V Street SE,,,1703 V STREET SE,DISTRICT OF COLUMBIA,8,1701-1711 V Street SE,WASHINGTON,DC,20002,1000,Other - Lodging/Residential,19672,22182.0,143,WEATHERNORMALZEDSOUREUI_KBTUFT,2019,Lodging,70.4,,,Meets BEPS,2023/05/04 04:00:00+00,38.86383514,-76.97986296,401747.65022214,132890.91762007,155327,,{0639A2BF-CF3B-2945-E063-782F520A104C},258187
-77.0132992198482,38.8955119070046,PM12004271,0571 0820,12004271,,Federal City Shelter/John L.Young Shelter,,,425 2ND STREET NW,DISTRICT OF COLUMBIA HOUSING AUTHORITY,6,425 2nd Street NW,WASHINGTON,DC,20001,1949,Other - Lodging/Residential,188720,183860.0,143,WEATHERNORMALZEDSOUREUI_KBTUFT,2019,Lodging,197,-27.41%,-20.00%,Does Not Meet BEPS,2023/07/14 04:00:00+00,38.89550412,-77.01329693,398846.50021201,136406.30697676,299726,,{0639A2BF-CF3C-2945-E063-782F520A104C},258188
-77.014880238788,38.8134699243276,PM12004272,6264 0802,12004272,,FEMS Training Academy,,,ANACOSTIA FWY SW,DISTRICT OF COLUMBIA,8,4600 Shepherd Parkway SW,WASHINGTON,DC,20001,1000,Adult Education,358523,55816.0,110,WEATHERNORMALZEDSOUREUI_KBTUFT,2019,Education,62.2,,,Meets BEPS,2023/09/19 04:00:00+00,38.81346215,-77.01487796,398707.86264268,127299.08253894,295479,,{0639A2BF-CF3D-2945-E063-782F520A104C},258189
-77.014880238788,38.8134699243276,PM12004273,6264 0802,12004273,,FEMS Training Academy - New Building,,,ANACOSTIA FWY SW,DISTRICT OF COLUMBIA,8,4600 Overlook Avenue SW,WASHINGTON,DC,20001,1000,Adult Education,358523,14666.0,110,WEATHERNORMALZEDSOUREUI_KBTUFT,2019,Education,158.7,-30.69%,-20.00%,Does Not Meet BEPS,2023/07/14 04:00:00+00,38.81346215,-77.01487796,398707.86264268,127299.08253894,812829,,{0639A2BF-CF3E-2945-E063-782F520A104C},258190
-76.9869986521078,38.8819711772472,PM12004275,1043 0806,12004275,,Field Operations Division Administrative Office,,,1338 REAR G STREET SE,DISTRICT OF COLUMBIA,6,1340 G STREET SE,WASHINGTON,DC,20003,1000,Mixed Use Property,29310,39310.0,229,WEATHERNORMALZEDSOUREUI_KBTUFT,2019,Other,88,,,Meets BEPS,2023/09/08 04:00:00+00,38.88196339,-76.98699637,401128.27032275,134903.17675542,66568,,{0639A2BF-CF3F-2945-E063-782F520A104C},258191
-76.9736423332435,38.9150853806462,PM12004276,4395 0817,12004276,,Fifth District Station,,,1805 BLADENSBURG ROAD NE,DISTRICT OF COLUMBIA,5,1805 BLADENSBURG ROAD NE,WASHINGTON,DC,20002,1978,Police Station,43955,43955.0,185,WEATHERNORMALZEDSOUREUI_KBTUFT,2019,Fire station/police station,185.5,,,Meets BEPS,2023/07/14 04:00:00+00,38.91507759,-76.97364006,402286.07973942,138579.36717467,286486,,{0639A2BF-CF40-2945-E063-782F520A104C},258192
-77.0162072858419,38.9220303359476,PM12004277,PAR 01080006,12004277,,Fire Alarm Headquarters,,,300 MCMILLAN DRIVE NW,DISTRICT OF COLUMBIA,1,300 MCMILLAN DRIVE NW,WASHINGTON,DC,20001,1000,Other - Public Services,32476,27224.0,229,WEATHERNORMALZEDSOUREUI_KBTUFT,2019,Other,14,,,Meets BEPS,2023/09/15 04:00:00+00,38.92202254,-77.016205,398594.74964543,139350.1095656,295043,,{0639A2BF-CF41-2945-E063-782F520A104C},258193
-77.0252648859603,38.9118892193506,PM12004279,0364 0837,12004279,,Former Shaw Middle School (future Benjamin Banneker High School),,,925 RHODE ISLAND AVENUE NW,DISTRICT OF COLUMBIA,6,920 R Street NW,WASHINGTON,DC,20001,1000,K-12 School,187700,230400.0,139,WEATHERNORMALZEDSOUREUI_KBTUFT,2019,K-12 School,2.9,,,Meets BEPS,2023/09/22 04:00:00+00,38.91188143,-77.02526259,397808.99033215,138224.54003333,-38430,,{0639A2BF-CF42-2945-E063-782F520A104C},258194
-76.9446884794138,38.8692057649217,PM12004280,5369 0807,12004280,,Fort Davis Community Center,,,41ST ST SE,DISTRICT OF COLUMBIA,7,1400 41ST STREET SE,WASHINGTON,DC,20020,1980,Social/Meeting Hall,13408,13408.0,192,WEATHERNORMALZEDSOUREUI_KBTUFT,2019,Social/meeting,304.1,-36.86%,-20.00%,Does Not Meet BEPS,2023/09/09 04:00:00+00,38.86919798,-76.94468622,404800.20256435,133487.4939019,295122,,{0639A2BF-CF43-2945-E063-782F520A104C},258195
-77.0774836026013,38.9529259268218,PM12004281,"1759 0804; 1759 0809; 1759 0810",12004281,,Fort Reno,,,3903 CHESAPEAKE STREET NW,DISTRICT OF COLUMBIA,3,3903/4025 Chesapeake Street NW,WASHINGTON,DC,20001,1000,Other - Public Services,27365,26090.0,229,WEATHERNORMALZEDSOUREUI_KBTUFT,2019,Other,6.6,,,Meets BEPS,2023/07/14 04:00:00+00,38.95291813,-77.07748129,393283.96014692,142782.51690514,284803,,{0639A2BF-CF44-2945-E063-782F520A104C},258196
-76.9783044569299,38.857654057966,PM12004282,PAR 02200045,12004282,,Fort Stanton Recreation Center and Pool,,,1800 ERIE STREET SE,DISTRICT OF COLUMBIA,8,1812 ERIE STREET SE,WASHINGTON,DC,20020,2012,Fitness Center/Health Club/Gym,23852,23862.0,206,WEATHERNORMALZEDSOUREUI_KBTUFT,2019,Recreation,192.5,,,Meets BEPS,2023/09/22 04:00:00+00,38.85764628,-76.97830218,401883.27023681,132203.94027675,296165,,{0639A2BF-CF45-2945-E063-782F520A104C},258197
-77.0311611844066,38.9702697241508,PM12004283,PAR 00890064,12004283,,Fort Stevens Recreation Center,,,1327 VAN BUREN STREET NW,DISTRICT OF COLUMBIA,4,1812 ERIE STREET SE,WASHINGTON,DC,20012,1955,Fitness Center/Health Club/Gym,11274,11274.0,206,WEATHERNORMALZEDSOUREUI_KBTUFT,2019,Recreation,227.6,-9.49%,-20.00%,Does Not Meet BEPS,2023/09/12 04:00:00+00,38.97026192,-77.03115889,397299.81972821,144705.44967171,296165,,{0639A2BF-CF46-2945-E063-782F520A104C},258198
-77.0025835473491,38.947311070867,PM12004284,PAR 01230057,12004284,,Fort Totten Solid Waste Transfer Station,,,4900 BATES ROAD NE,DISTRICT OF COLUMBIA,5,4900 BATES ROAD NE,WASHINGTON,DC,20011,1961,Other - Public Services,34612,65431.0,229,WEATHERNORMALZEDSOUREUI_KBTUFT,2019,Other,94.7,,,Meets BEPS,2023/07/14 04:00:00+00,38.94730327,-77.00258126,399776.2400101,142156.36964138,301206,,{0639A2BF-CF47-2945-E063-782F520A104C},258199
-77.0274132738899,38.9631335819335,PM12004285,PAR 01010055,12004285,,Fourth District Station,,,6001 GEORGIA AVENUE NW,DISTRICT OF COLUMBIA,4,6001 GEORGIA AVENUE NW,WASHINGTON,DC,20011,1960,Police Station,57049,48250.0,185,WEATHERNORMALZEDSOUREUI_KBTUFT,2019,Fire station/police station,288.1,-35.79%,-20.00%,Does Not Meet BEPS,2023/07/21 04:00:00+00,38.96312578,-77.02741098,397624.36982255,143913.16677387,243485,,{0639A2BF-CF48-2945-E063-782F520A104C},258200
-77.0256091167845,38.9325973896044,PM12004286,2894 0896,12004286,,Fourth District Substation,,,750 PARK ROAD NW,DISTRICT OF COLUMBIA,1,750 PARK ROAD NW,WASHINGTON,DC,20010,1920,Police Station,13680,13671.0,185,WEATHERNORMALZEDSOUREUI_KBTUFT,2019,Fire station/police station,208.5,-11.27%,-20.00%,Does Not Meet BEPS,2023/07/21 04:00:00+00,38.9325896,-77.02560682,397779.78028454,140523.33046707,233054,,{0639A2BF-CF49-2945-E063-782F520A104C},258201
-76.9542032722354,38.8648797830118,PM12004287,PAR 02070064,12004287,,Francis A. Gregory Library,,,3660 ALABAMA AVE SE WASHINGTON DC 20020,UNITED STATES OF AMERICA,7,3660 Alabama Avenue SE,WASHINGTON,DC,20020,2004,Library,18777,36888.0,206,WEATHERNORMALZEDSOUREUI_KBTUFT,2019,Library,124.5,,,Meets BEPS,2023/09/23 04:00:00+00,38.864872,-76.954201,403974.73844266,133006.82097819,290019,,{0639A2BF-CF4A-2945-E063-782F520A104C},258202
-77.0330701047863,38.9179024704259,PM12004288,0204 0844,12004288,,Franklin D. Reeves Municipal Center,,,1414 V STREET NW,DISTRICT OF COLUMBIA HOUSING AUTHORITY,1,2000 14th Street NW,WASHINGTON,DC,20009,1986,Office,533329,346323.0,71,ENERGYSTARSCORE,2019,Office_all,56,-19.82%,-19.82%,Does Not Meet BEPS,2023/09/23 04:00:00+00,38.91789468,-77.03306781,397132.28998763,138892.27701629,239976,,{0639A2BF-CF4B-2945-E063-782F520A104C},258203
-76.9851352821237,38.9188617909754,PM12004289,4107 0239,12004289,,Fueling Fleet Storage,,,1333 W ST NE,DISTRICT OF COLUMBIA,5,1241 W Street NE,WASHINGTON,DC,20018,1000,Other - Public Services,11000,11000.0,229,WEATHERNORMALZEDSOUREUI_KBTUFT,2019,Other,280.7,-18.42%,-20.00%,Does Not Meet BEPS,2023/09/14 04:00:00+00,38.918854,-76.985133,401289.2801791,138998.35517523,301879,,{0639A2BF-CF4C-2945-E063-782F520A104C},258204
-76.970807048213,38.8517411638095,PM12004290,5725 0013,12004290,,Garfield Elementary School,,,2435 ALABAMA AVENUE SE,DISTRICT OF COLUMBIA,8,2435 ALABAMA AVENUE SE,WASHINGTON,DC,20020,1910,K-12 School,53580,78704.0,36,ENERGYSTARSCORE,2019,K-12 School,40,,,Meets BEPS,2023/09/18 04:00:00+00,38.85173338,-76.97080478,402534.21971425,131547.74752633,278160,,{0639A2BF-CF4D-2945-E063-782F520A104C},258205
-77.025665425534,38.9179301944276,PM12004291,0359 0800,12004291,,Garnett Patterson School,,,2055 10TH STREET NW,DISTRICT OF COLUMBIA,1,2001 10TH STREET NW,WASHINGTON,DC,20001,1000,K-12 School,108183,82700.0,36,ENERGYSTARSCORE,2019,K-12 School,79,,,Meets BEPS,2023/07/21 04:00:00+00,38.9179224,-77.02566313,397774.44025219,138895.14760328,294533,,{0639A2BF-CF4E-2945-E063-782F520A104C},258206
-77.0284557017386,38.9138396020876,PM12004292,0276 0134,12004292,,Garrison Elementary School,,,1200 S STREET NW,DISTRICT OF COLUMBIA,2,1200 S STREET NW,WASHINGTON,DC,20009,1960,K-12 School,67579,61040.0,36,ENERGYSTARSCORE,2019,K-12 School,68,,,Meets BEPS,2023/09/12 04:00:00+00,38.91383181,-77.02845341,397532.3198694,138441.12976007,294509,,{0639A2BF-CF4F-2945-E063-782F520A104C},258207
-77.0133530575428,38.9053876754649,PM12004293,0557 0849,12004293,,Georgetown Library,,,128 M STREET NW,DISTRICT OF COLUMBIA,6,3260 R Street NW,WASHINGTON,DC,20007,1000,Library,44816,20159.0,206,WEATHERNORMALZEDSOUREUI_KBTUFT,2019,Library,250.6,-17.80%,-20.00%,Does Not Meet BEPS,2023/07/14 04:00:00+00,38.90537989,-77.01335077,398841.98995832,137502.59736858,295142,,{0639A2BF-CF50-2945-E063-782F520A104C},258208
-77.0385409859534,38.9240076557408,PM12004294,2576 0064,12004294,,H.D. Cooke Elementary School,,,2525 17TH STREET NW,DISTRICT OF COLUMBIA,1,2525 17TH STREET NW,WASHINGTON,DC,20001,1909,K-12 School,66429,85708.0,36,ENERGYSTARSCORE,2019,K-12 School,38,,,Meets BEPS,2023/07/21 04:00:00+00,38.92399986,-77.03853869,396658.12990853,139570.18954025,235863,,{0639A2BF-CF51-2945-E063-782F520A104C},258209
-76.9227011024117,38.8968193746523,PM12004295,5218 0026,12004295,,H.D. Woodson High School,,,540 55TH STREET NE,DISTRICT OF COLUMBIA,7,540 55TH STREET NE,WASHINGTON,DC,20019,2013,K-12 School,236535,241775.0,36,ENERGYSTARSCORE,2019,K-12 School,36,,,Meets BEPS,2023/09/17 04:00:00+00,38.89681158,-76.92269884,406705.70027337,136554.20053162,309633,,{0639A2BF-CF52-2945-E063-782F520A104C},258210
-77.0686292379838,38.9154030645513,PM12004296,1297 0853,12004296,,Hardy Middle School/Fillmore Arts Center,,,1819 35TH STREET NW,DISTRICT OF COLUMBIA,2,1819 35TH STREET NW,WASHINGTON,DC,20007,1931,K-12 School,132328,91100.0,36,ENERGYSTARSCORE,2019,K-12 School,17,-19.70%,-20.00%,Does Not Meet BEPS,2023/09/19 04:00:00+00,38.91539528,-77.06862693,394048.32018555,138616.54046495,274432,,{0639A2BF-CF53-2945-E063-782F520A104C},258211
-77.0078704377334,38.9139938541,PM12004297,3530 0894,12004297,,Harry Thomas Recreation Center and Pool,,,1743 LINCOLN ROAD NE,DISTRICT OF COLUMBIA,5,1743 Lincoln Road NE,WASHINGTON,DC,20002,1970,Fitness Center/Health Club/Gym,12000,12000.0,206,WEATHERNORMALZEDSOUREUI_KBTUFT,2019,Recreation,173,,,Meets BEPS,2023/07/14 04:00:00+00,38.91398606,-77.00786815,399317.62007726,138457.89762531,296786,,{0639A2BF-CF54-2945-E063-782F520A104C},258212
-76.9971810257391,38.8377456463963,PM12004298,PAR 02360114,12004298,,Hart Middle School,,,601 MISSISSIPPI AVENUE SE,DISTRICT OF COLUMBIA,8,601 MISSISSIPPI AVENUE SE,WASHINGTON,DC,20032,1956,K-12 School,192777,149164.0,36,ENERGYSTARSCORE,2019,K-12 School,29,-7.09%,-20.00%,Does Not Meet BEPS,2023/09/23 04:00:00+00,38.83773787,-76.99717875,400244.93972841,129993.74692672,5534,,{0639A2BF-CF55-2945-E063-782F520A104C},258213
-77.0169395208357,38.9563612675864,PM12004299,3296 0064,12004299,,Hattie Holmes Senior Wellness Center,,,326 KENNEDY STREET NW,DISTRICT OF COLUMBIA,4,324 Kennedy Street NW,WASHINGTON,DC,20011,2010,Social/Meeting Hall,12478,12691.0,192,WEATHERNORMALZEDSOUREUI_KBTUFT,2019,Social/meeting,245.7,-21.86%,-20.00%,Does Not Meet BEPS,2023/09/22 04:00:00+00,38.95635347,-77.01693723,398531.95987668,143161.15714845,307575,,{0639A2BF-CF56-2945-E063-782F520A104C},258214
-77.0715848702459,38.940876359834,PM12004300,1905 0008,12004300,,Hearst Elementary School,,,3950 37TH STREET NW,DISTRICT OF COLUMBIA,3,3950 37TH STREET NW,WASHINGTON,DC,20008,1932,K-12 School,60927,62406.0,36,ENERGYSTARSCORE,2019,K-12 School,24,-12.20%,-20.00%,Does Not Meet BEPS,2023/07/14 04:00:00+00,38.94086857,-77.07158256,393794.2101665,141444.49043598,294586,,{0639A2BF-CF57-2945-E063-782F520A104C},258215
-76.9991871249567,38.8289936867811,PM12004301,6207 0809,12004301,,Hendley Elementary School,,,425 CHESAPEAKE STREET SE,DISTRICT OF COLUMBIA,8,425 CHESAPEAKE STREET SE,WASHINGTON,DC,20032,1959,K-12 School,76059,70200.0,36,ENERGYSTARSCORE,2019,K-12 School,18,-18.59%,-20.00%,Does Not Meet BEPS,2023/09/22 04:00:00+00,38.82898591,-76.99918485,400070.77965241,129022.21667947,24445,,{0639A2BF-CF58-2945-E063-782F520A104C},258216
-77.0165343781721,38.8939071934118,PM12004302,0533 0831,12004302,,Henry Daly Building,,,301 C STREET NW,DISTRICT OF COLUMBIA,2,300 Indiana Avenue NW,WASHINGTON,DC,20001,1942,Office,557922,622379.0,71,ENERGYSTARSCORE,2019,Office_all,83,,,Meets BEPS,2023/07/14 04:00:00+00,38.89389941,-77.01653209,398565.81998777,136228.21732631,279642,,{0639A2BF-CF59-2945-E063-782F520A104C},258217
-76.9860985139989,38.8648827921023,PM12004303,5781 0994,12004303,,Engine Company 15,,,2101 14TH STREET SE,DISTRICT OF COLUMBIA,8,2101 14TH STREET SE,WASHINGTON,DC,20020,1968,Fire Station,16176,10577.0,185,WEATHERNORMALZEDSOUREUI_KBTUFT,2019,Fire station/police station,257.9,-28.27%,-20.00%,Does Not Meet BEPS,2023/09/16 04:00:00+00,38.86487501,-76.98609624,401206.65973369,133006.24994731,156246,,{0639A2BF-CF5A-2945-E063-782F520A104C},258218
-76.9946054714962,38.8832611737673,PM12004304,0925 0826,12004304,,Engine Company 18,,,414 8TH STREET SE,DISTRICT OF COLUMBIA,6,414 8TH STREET SE,WASHINGTON,DC,20003,1960,Fire Station,11236,13224.0,185,WEATHERNORMALZEDSOUREUI_KBTUFT,2019,Fire station/police station,183.8,,,Meets BEPS,2023/09/08 04:00:00+00,38.88325339,-76.99460319,400468.25005729,135046.31013912,280007,,{0639A2BF-CF5B-2945-E063-782F520A104C},258219
-77.0195284040223,38.8970861625261,PM12004305,0488 0833,12004305,,Engine Company 2,,,500 F STREET NW,DISTRICT OF COLUMBIA,2,500 F STREET NW,WASHINGTON,DC,20001,1978,Fire Station,26650,35241.0,185,WEATHERNORMALZEDSOUREUI_KBTUFT,2019,Fire station/police station,146,,,Meets BEPS,2023/09/10 04:00:00+00,38.89707838,-77.01952611,398306.16039759,136581.15948332,299998,,{0639A2BF-CF5C-2945-E063-782F520A104C},258220
-77.0266095442428,38.9734271548389,PM12004306,2968 0028,12004306,,Engine Company 22 (New),,,6825 GEORGIA AVENUE NW,DISTRICT OF COLUMBIA,4,6825 Georgia Avenue NW,WASHINGTON,DC,20012,2017,Fire Station,43253,19332.0,185,WEATHERNORMALZEDSOUREUI_KBTUFT,2019,Fire station/police station,125.5,,,Meets BEPS,2023/07/21 04:00:00+00,38.97341935,-77.02660725,397694.35982013,145055.82968473,253890,,{0639A2BF-CF5D-2945-E063-782F520A104C},258221
-77.0271638833152,38.9521162910911,PM12004307,3002 0063,12004307,,Engine Company 24,,,5101 GEORGIA AVENUE NW,DISTRICT OF COLUMBIA,4,5101 Georgia Avenue NW,WASHINGTON,DC,20011,1994,Fire Station,17772,17772.0,185,WEATHERNORMALZEDSOUREUI_KBTUFT,2019,Fire station/police station,191.2,-3.24%,-20.00%,Does Not Meet BEPS,2023/07/21 04:00:00+00,38.95210849,-77.02716159,397645.61983792,142690.13962212,251752,,{0639A2BF-CF5E-2945-E063-782F520A104C},258222
-77.0007843064813,38.8431924847793,PM12004308,5990 0803,12004308,,Engine Company 25,,,3203 MARTIN LUTHER KING JR AVENUE SE,DISTRICT OF COLUMBIA,8,3203 MARTIN LUTHER KING JR AVENUE SE,WASHINGTON,DC,20032,1912,Fire Station,9144,10248.0,185,WEATHERNORMALZEDSOUREUI_KBTUFT,2019,Fire station/police station,163,,,Meets BEPS,2023/09/16 04:00:00+00,38.84318471,-77.00078203,399932.10966674,130598.38021347,278344,,{0639A2BF-CF5F-2945-E063-782F520A104C},258223
-77.0109027093813,38.8958425912216,PM12004309,0630 0833,12004309,,Engine Company 3,,,439 NEW JERSEY AVENUE NW,DISTRICT OF COLUMBIA,6,439 New Jersey Avenue NW,WASHINGTON,DC,20001,1916,Fire Station,11485,11836.0,185,WEATHERNORMALZEDSOUREUI_KBTUFT,2019,Fire station/police station,141.6,,,Meets BEPS,2023/09/10 04:00:00+00,38.8958348,-77.01090042,399054.40023443,136442.98752596,237163,,{0639A2BF-CF60-2945-E063-782F520A104C},258224
-76.9334343592238,38.8907012720578,PM12004310,5140 0810,12004310,,Engine Company 30,,,50 49TH STREET NE,DISTRICT OF COLUMBIA,7,50 49th Street NE,WASHINGTON,DC,20019,1960,Fire Station,11143,11143.0,185,WEATHERNORMALZEDSOUREUI_KBTUFT,2019,Fire station/police station,246.9,-25.07%,-20.00%,Does Not Meet BEPS,2023/09/16 04:00:00+00,38.89069348,-76.9334321,405775.1097389,135874.30963788,156317,,{0639A2BF-CF61-2945-E063-782F520A104C},258225
-77.0699553688439,38.9541809320851,PM12004311,1983 0807,12004311,,Engine Company 31,,,3601 EVERETT STREET NW,DISTRICT OF COLUMBIA,3,4930 CONNECTICUT AVENUE NW,WASHINGTON,DC,20008,1930,Fire Station,8585,11934.0,185,WEATHERNORMALZEDSOUREUI_KBTUFT,2019,Fire station/police station,140.6,,,Meets BEPS,2023/07/14 04:00:00+00,38.95417314,-77.06995306,393936.61001822,142921.30749038,294604,,{0639A2BF-CF62-2945-E063-782F520A104C},258226
-77.0160534433332,38.9076494223097,PM12004312,0522 0814,12004312,,Engine Company 6,,,1302 NEW JERSEY AVENUE NW,DISTRICT OF COLUMBIA,2,1300 NEW JERSEY AVENUE NW,WASHINGTON,DC,20001,1973,Fire Station,18144,18432.0,185,WEATHERNORMALZEDSOUREUI_KBTUFT,2019,Fire station/police station,182.6,,,Meets BEPS,2023/09/12 04:00:00+00,38.90764163,-77.01605115,398607.81037551,137753.70664813,294514,,{0639A2BF-CF63-2945-E063-782F520A104C},258227
-77.010914546609,38.8767737368668,PM12004313,0650N 0810,12004313,,Engine Company 7 and FEMS Fleet Maintenance Center,,,1103 HALF STREET SW,DISTRICT OF COLUMBIA,6,1101 HALF STREET SW,WASHINGTON,DC,20024,1000,"Repair Services (Vehicle, Shoe, Locksmith, etc)",53457,45296.0,242,WEATHERNORMALZEDSOUREUI_KBTUFT,2019,Service,303,-20.13%,-20.00%,Does Not Meet BEPS,2023/09/16 04:00:00+00,38.87676595,-77.01091226,399053.12009454,134326.19758231,277735,,{0639A2BF-CF64-2945-E063-782F520A104C},258228
-77.0375278248347,38.9173045920052,PM12004314,0175 0826,12004314,,Engine Company 9,,,1617 U STREET NW,DISTRICT OF COLUMBIA HOUSING AUTHORITY,1,1617 U STREET NW,WASHINGTON,DC,20009,1966,Fire Station,10476,10151.0,185,WEATHERNORMALZEDSOUREUI_KBTUFT,2019,Fire station/police station,201.6,-8.23%,-20.00%,Does Not Meet BEPS,2023/07/21 04:00:00+00,38.9172968,-77.03752553,396745.67987454,138826.05680917,241846,,{0639A2BF-CF65-2945-E063-782F520A104C},258229
-76.9992366419615,38.8834681283307,PM12004315,0845 0003,12004315,,First District Substation,,,500 E STREET SE,DISTRICT OF COLUMBIA,6,500 E STREET SE,WASHINGTON,DC,20003,1888,Police Station,11646,12201.0,185,WEATHERNORMALZEDSOUREUI_KBTUFT,2019,Fire station/police station,145.8,,,Meets BEPS,2023/07/14 04:00:00+00,38.88346034,-76.99923436,400066.42997145,135069.26961805,289645,,{0639A2BF-CF66-2945-E063-782F520A104C},258230
-76.9820312884794,38.9129642469986,PM12004316,"4092 0005; 4092 0809",12004316,,DPW Tire Shop,,,2019 WEST VIRGINIA AVENUE NE,DISTRICT OF COLUMBIA HOUSING AUTHORITY,5,1827 WEST VIRGINIA AVENUE NE,WASHINGTON,DC,20002,1980,"Repair Services (Vehicle, Shoe, Locksmith, etc)",93496,72613.0,242,WEATHERNORMALZEDSOUREUI_KBTUFT,2019,Service,113.5,,,Meets BEPS,2023/07/14 04:00:00+00,38.91295646,-76.98202901,401558.58997806,138343.72749749,286497,,{0639A2BF-CF67-2945-E063-782F520A104C},258231
-76.980194104378,38.871249985448,PM12004318,5568 0801,12004318,,Kramer Middle School,,,1700 Q STREET SE,DISTRICT OF COLUMBIA,8,1700 Q STREET SE,WASHINGTON,DC,20020,2015,K-12 School,139292,145000.0,36,ENERGYSTARSCORE,2019,K-12 School,36,,,Meets BEPS,2023/09/18 04:00:00+00,38.8712422,-76.98019183,401718.92989258,133713.14974299,289467,,{0639A2BF-CF68-2945-E063-782F520A104C},258232
-77.0129869010464,38.8281828352058,PM12004319,PAR 02520090,12004319,,Leckie Elementary School,,,4221 MARTIN LUTHER KING JR AVENUE SW,DISTRICT OF COLUMBIA,8,4201 MARTIN LUTHER KING JR AVENUE SW,WASHINGTON,DC,20032,1970,K-12 School,103980,76352.0,36,ENERGYSTARSCORE,2019,K-12 School,7,-32.88%,-20.00%,Does Not Meet BEPS,2023/07/14 04:00:00+00,38.82817506,-77.01298462,398872.52981244,128932.28677923,294592,,{0639A2BF-CF69-2945-E063-782F520A104C},258233
-76.9968224047432,38.8986844664225,PM12004320,0860 0808,12004320,,Ludlow-Taylor Elementary School,,,601 G STREET NE,DISTRICT OF COLUMBIA,6,659 G STREET NE,WASHINGTON,DC,20002,1969,K-12 School,20649,63348.0,36,ENERGYSTARSCORE,2019,K-12 School,35,-1.02%,-20.00%,Does Not Meet BEPS,2023/07/14 04:00:00+00,38.89867668,-76.99682012,400275.84019747,136758.40718061,294494,,{0639A2BF-CF6A-2945-E063-782F520A104C},258234
-76.992343698307,38.9317099873528,PM12004321,3880 0020,12004321,,Luke C. Moore High School,,,1000 LAWRENCE STREET NE,DISTRICT OF COLUMBIA,5,1001 MONROE STREET NE,WASHINGTON,DC,20019,1891,K-12 School,37736,63795.0,36,ENERGYSTARSCORE,2019,K-12 School,17,-19.70%,-20.00%,Does Not Meet BEPS,2023/09/21 04:00:00+00,38.93170219,-76.99234142,400664.03958544,140424.53672489,294504,,{0639A2BF-CF6B-2945-E063-782F520A104C},258235
-77.0288894497215,38.9430906700159,PM12004322,2915 0802,12004322,,MacFarland Middle School,,,4301 13TH STREET NW,DISTRICT OF COLUMBIA,4,4400 IOWA AVENUE NW,WASHINGTON,DC,20011,1000,K-12 School,348003,127066.0,36,ENERGYSTARSCORE,2019,K-12 School,32,-4.07%,-20.00%,Does Not Meet BEPS,2023/08/16 04:00:00+00,38.94308287,-77.02888715,397495.73039458,141688.26053233,294595,,{0639A2BF-CF6C-2945-E063-782F520A104C},258236
-76.9835884769306,38.8417021473733,PM12004323,PAR 02290168,12004323,,Malcolm X Elementary School @ Green,,,1500 MISSISSIPPI AVENUE SE,DISTRICT OF COLUMBIA,8,1500 MISSISSIPPI AVENUE SE,WASHINGTON,DC,20032,1000,K-12 School,62571,87700.0,36,ENERGYSTARSCORE,2019,K-12 School,63,,,Meets BEPS,2023/09/06 04:00:00+00,38.84169437,-76.9835862,401424.96017837,130433.06996311,294523,,{0639A2BF-CF6D-2945-E063-782F520A104C},258237
-76.9861488104764,38.8449869411288,PM12004324,5914 0806,12004324,,Malcolm X Opportunity Center,,,1351 ALABAMA AVENUE SE,DISTRICT OF COLUMBIA,8,1351 ALABAMA AVENUE SE,WASHINGTON,DC,20032,1972,Social/Meeting Hall,138912,70800.0,192,WEATHERNORMALZEDSOUREUI_KBTUFT,2019,Social/meeting,224.7,-14.55%,-20.00%,Does Not Meet BEPS,2023/09/13 04:00:00+00,38.84497916,-76.98614653,401202.63039969,130797.66760934,289201,,{0639A2BF-CF6E-2945-E063-782F520A104C},258238
-77.0878285074288,38.9343001049134,PM12004325,1603 0804,12004325,,Mann Elementary School,,,4430 NEWARK STREET NW,DISTRICT OF COLUMBIA,3,4430 NEWARK STREET NW,WASHINGTON,DC,20016,1931,K-12 School,16688,59744.0,36,ENERGYSTARSCORE,2019,K-12 School,43,,,Meets BEPS,2023/09/16 04:00:00+00,38.93429231,-77.08782619,392385.28038506,140715.6976574,294597,,{0639A2BF-CF6F-2945-E063-782F520A104C},258239
-77.0408184544669,38.9193716214753,PM12004326,"2558 0810; 2558 0821",12004326,,"Marie Reed Community Learning, Recreation/Aquatic Center, and Elementary School",,,2154 CHAMPLAIN STREET NW,DISTRICT OF COLUMBIA,1,2200/2154 Champlain Street NW,WASHINGTON,DC,20009,1977,Social/Meeting Hall,162700,173398.0,192,WEATHERNORMALZEDSOUREUI_KBTUFT,2019,Social/meeting,161.4,,,Meets BEPS,2023/07/21 04:00:00+00,38.91936383,-77.04081616,396460.40974284,139055.63690067,235577,,{0639A2BF-CF70-2945-E063-782F520A104C},258240
-77.0247685456052,38.8986994497367,PM12004328,0375 0128,12004328,,Martin Luther King Jr Memorial Library,,,901 G STREET NW,DISTRICT OF COLUMBIA,2,901 G STREET NW,WASHINGTON,DC,20001,1970,Library,333696,430000.0,206,WEATHERNORMALZEDSOUREUI_KBTUFT,2019,Library,62.4,,,Meets BEPS,2023/09/23 04:00:00+00,38.89869166,-77.02476625,397851.64038462,136760.3566973,239815,,{0639A2BF-CF71-2945-E063-782F520A104C},258241
-76.9128226874986,38.8914382860244,PM12004329,PAR 01890022,12004329,,Marvin Gaye Recreation Center,,,15 61ST STREET NE,DISTRICT OF COLUMBIA,7,6201 BANKS PLACE NE,WASHINGTON,DC,20019,2018,Fitness Center/Health Club/Gym,15000,15000.0,206,WEATHERNORMALZEDSOUREUI_KBTUFT,2019,Recreation,33.4,,,Meets BEPS,2023/09/22 04:00:00+00,38.8914305,-76.91282043,407563.20014177,135957.63040948,288795,,{0639A2BF-CF72-2945-E063-782F520A104C},258242
-76.9887086156532,38.8924386701089,PM12004330,1010 0147,12004330,,Maury Elementary School,,,1250 CONSTITUTION AVENUE NE,DISTRICT OF COLUMBIA,6,1250 CONSTITUTION AVENUE NE,WASHINGTON,DC,20002,1886,K-12 School,71750,62169.6,36,ENERGYSTARSCORE,2019,K-12 School,44,,,Meets BEPS,2023/09/17 04:00:00+00,38.89243088,-76.98870634,400979.7596612,136065.12966502,294511,,{0639A2BF-CF73-2945-E063-782F520A104C},258243
-77.014880238788,38.8134699243276,PM12004331,6264 0802,12004331,,Metropolitan Police Academy,,,ANACOSTIA FWY SW,DISTRICT OF COLUMBIA,8,4665 BLUE PLAINS DRIVE SW,WASHINGTON,DC,20001,1000,Adult Education,358523,133754.0,110,WEATHERNORMALZEDSOUREUI_KBTUFT,2019,Education,115.6,-4.84%,-4.84%,Does Not Meet BEPS,2023/09/22 04:00:00+00,38.81346215,-77.01487796,398707.86264268,127299.08253894,295480,,{0639A2BF-CF74-2945-E063-782F520A104C},258244
-76.9827322835949,38.8974387913257,PM12004332,4543 0846,12004332,,Miner Elementary School,,,601 15TH ST NE,DISTRICT OF COLUMBIA,6,601 15TH STREET NE,WASHINGTON,DC,20002,2003,K-12 School,61458,96370.0,36,ENERGYSTARSCORE,2019,K-12 School,79,,,Meets BEPS,2023/09/19 04:00:00+00,38.897431,-76.98273,401498.12048518,136620.26366676,289548,,{0639A2BF-CF75-2945-E063-782F520A104C},258245
-76.9781342792251,38.9159782497656,PM12004333,PAR 01530159,12004333,,MPD Fleet Maintenance,,,2175 WEST VIRGINIA AVENUE NE,DISTRICT OF COLUMBIA,5,2175 West Virginia Avenue NE,WASHINGTON,DC,20002,2001,"Repair Services (Vehicle, Shoe, Locksmith, etc)",40870,41576.0,242,WEATHERNORMALZEDSOUREUI_KBTUFT,2019,Service,129.8,,,Meets BEPS,2023/07/14 04:00:00+00,38.91597046,-76.978132,401896.49013209,138678.38027395,50951,,{0639A2BF-CF76-2945-E063-782F520A104C},258246
-77.0204372864793,38.8750047854567,PM12004334,0473 0879,12004334,,MPD Harbor Patrol/FEMS Fire Boat,,,515 WATER ST SW,DISTRICT OF COLUMBIA,6,550 WATER STREET SW,WASHINGTON,DC,20024,1995,Police Station,10578,10578.0,185,WEATHERNORMALZEDSOUREUI_KBTUFT,2019,Fire station/police station,598.2,-69.07%,-20.00%,Does Not Meet BEPS,2023/07/14 04:00:00+00,38.874997,-77.020435,398226.76783535,134129.97265989,294491,,{0639A2BF-CF77-2945-E063-782F520A104C},258247
-77.0238128477562,38.9400533989681,PM12004335,3026 0806,12004335,,MPD Patrol Service North,,,801 SHEPHERD STREET NW,DISTRICT OF COLUMBIA,4,801 SHEPHERD STREET NW,WASHINGTON,DC,20011,1903,Police Station,61151,51824.0,185,WEATHERNORMALZEDSOUREUI_KBTUFT,2019,Fire station/police station,158.5,,,Meets BEPS,2023/07/21 04:00:00+00,38.9400456,-77.02381055,397935.74037747,141350.96960181,252510,,{0639A2BF-CF78-2945-E063-782F520A104C},258248
-77.0371468982458,38.9304755106212,PM12004336,2595 0830,12004336,,Mt. Pleasant Library,,,3160 16TH STREET NW,DISTRICT OF COLUMBIA,1,3160 16TH STREET NW,WASHINGTON,DC,20010,1932,Library,15970,25572.0,206,WEATHERNORMALZEDSOUREUI_KBTUFT,2019,Library,197.1,,,Meets BEPS,2023/07/21 04:00:00+00,38.93046772,-77.0371446,396779.31011092,140288.12725894,295138,,{0639A2BF-CF79-2945-E063-782F520A104C},258249
-77.0703587149024,38.9531431172213,PM12004337,1980 0001,12004337,,Murch Elementary School,,,3600 ELLICOTT STREET NW,DISTRICT OF COLUMBIA,3,4810 36TH STREET NW,WASHINGTON,DC,20008,2018,K-12 School,47375,113843.0,36,ENERGYSTARSCORE,2019,K-12 School,18,-18.59%,-20.00%,Does Not Meet BEPS,2023/09/19 04:00:00+00,38.95313532,-77.07035641,393901.55967076,142806.12689562,294602,,{0639A2BF-CF7A-2945-E063-782F520A104C},258250
-76.9308541632274,38.886006199286,PM12004338,5334 0802,12004338,,Nalle Elementary School,,,245 50TH STREET SE,DISTRICT OF COLUMBIA,7,219 50TH STREET SE,WASHINGTON,DC,20019,1950,K-12 School,56479,77000.0,36,ENERGYSTARSCORE,2019,K-12 School,22,-14.28%,-20.00%,Does Not Meet BEPS,2023/09/18 04:00:00+00,38.88599841,-76.9308519,405999.35018061,135353.28685136,294474,,{0639A2BF-CF7B-2945-E063-782F520A104C},258251
-76.970633171232,38.8633062196052,PM12004339,5631 0811,12004339,,Naylor Road Family Shelter,,,2601 NAYLOR ROAD SE,DISTRICT OF COLUMBIA,8,2601 & 2603 Naylor Road SE,WASHINGTON,DC,20020,1950,Other - Lodging/Residential,31120,31137.0,143,WEATHERNORMALZEDSOUREUI_KBTUFT,2019,Lodging,118.6,,,Meets BEPS,2023/09/18 04:00:00+00,38.86329844,-76.9706309,402548.89991974,132831.55725305,287132,,{0639A2BF-CF7C-2945-E063-782F520A104C},258252
-77.0205616327794,38.9074796291292,PM12004340,0447 0888,12004340,,New Endeavors Shelter N St NW,,,611 N STREET NW,DISTRICT OF COLUMBIA,2,611 N STREET NW,WASHINGTON,DC,20001,1980,Other - Lodging/Residential,21780,14604.0,143,WEATHERNORMALZEDSOUREUI_KBTUFT,2019,Lodging,138.9,,,Meets BEPS,2023/09/23 04:00:00+00,38.90747184,-77.02055934,398216.79020667,137734.93697874,279854,,{0639A2BF-CF7D-2945-E063-782F520A104C},258253
-76.9855819506314,38.915125388758,PM12004341,"4038 0001; PAR 01420024",12004341,,New York Avenue Men's Emergency Shelter,,,1357 NEW YORK AVENUE NE,DISTRICT OF COLUMBIA,5,1355 NEW YORK AVENUE NE,WASHINGTON,DC,20002,1950,Other - Lodging/Residential,13050,31579.0,143,WEATHERNORMALZEDSOUREUI_KBTUFT,2019,Lodging,182.7,-21.73%,-20.00%,Does Not Meet BEPS,2023/09/23 04:00:00+00,38.9151176,-76.98557967,401250.61005737,138583.57733588,66060,,{0639A2BF-CF7E-2945-E063-782F520A104C},258254
-76.9864537669785,38.9498147064471,PM12004342,PAR 01480074,12004342,,North Michigan Park Recreation Center,,,1333 EMERSON STREET NE,DISTRICT OF COLUMBIA,5,1333 Emerson Street NE,WASHINGTON,DC,20017,2003,Fitness Center/Health Club/Gym,16905,16905.0,206,WEATHERNORMALZEDSOUREUI_KBTUFT,2019,Recreation,154.1,,,Meets BEPS,2023/07/21 04:00:00+00,38.94980691,-76.98645148,401174.43040026,142434.38025488,296163,,{0639A2BF-CF7F-2945-E063-782F520A104C},258255
-76.9964323958646,38.8944163184567,PM12004343,0864 0817,12004343,,Northeast Library,,,330 7TH STREET NE,DISTRICT OF COLUMBIA,6,330 7th Street NE,WASHINGTON,DC,20002,2014,Library,15459,13900.0,206,WEATHERNORMALZEDSOUREUI_KBTUFT,2019,Library,284.6,-27.62%,-20.00%,Does Not Meet BEPS,2023/07/14 04:00:00+00,38.89440853,-76.99643011,400309.69032789,136284.60986084,37106,,{0639A2BF-CF80-2945-E063-782F520A104C},258256
-76.9918451667754,38.9251857728059,PM12004344,PAR 01320059,12004344,,Noyes Elementary School,,,2725 10TH STREET NE,DISTRICT OF COLUMBIA,5,2725 10TH STREET NE,WASHINGTON,DC,20018,1931,K-12 School,42924,68743.0,36,ENERGYSTARSCORE,2019,K-12 School,14,-23.19%,-20.00%,Does Not Meet BEPS,2023/09/21 04:00:00+00,38.92517798,-76.99184288,400707.33036774,139700.29708579,289594,,{0639A2BF-CF81-2945-E063-782F520A104C},258257
-76.9811245816711,38.9132666941716,PM12004345,4092 0810,12004345,,O and P Buildings,,,2049 WEST VIRGINIA AVENUE NE,DISTRICT OF COLUMBIA HOUSING AUTHORITY,5,1725 15TH STREET NE,WASHINGTON,DC,20002,1000,Non-Refrigerated Warehouse,125570,72326.0,19,ENERGYSTARSCORE,2019,Warehouse_all,7,-27.64%,-20.00%,Does Not Meet BEPS,2023/09/23 04:00:00+00,38.9132589,-76.9811223,401637.22027792,138377.31671181,301201,,{0639A2BF-CF82-2945-E063-782F520A104C},258258
-76.9923915635895,38.9154741395581,PM12004346,3863 0808,12004346,,"Office of Cable Television, Film, Music and Entertainment",,,1899 9TH ST NE,DISTRICT OF COLUMBIA,5,1899 9TH STREET NE,WASHINGTON,DC,20018,1000,Other,38765,30525.0,229,WEATHERNORMALZEDSOUREUI_KBTUFT,2019,Other,749.3,-69.44%,-20.00%,Does Not Meet BEPS,2023/09/16 04:00:00+00,38.91546635,-76.99238928,400660.04012816,138622.2202267,289751,,{0639A2BF-CF83-2945-E063-782F520A104C},258259
-77.0248393150183,38.9079330258667,PM12004347,0367 0821,12004347,,Office of Public Records/DC Records Center,,,1300 NAYLOR COURT NW,DISTRICT OF COLUMBIA,2,1300 NAYLOR COURT NW,WASHINGTON,DC,20001,1883,Non-Refrigerated Warehouse,27640,27300.0,19,ENERGYSTARSCORE,2019,Warehouse_all,11,-17.57%,-20.00%,Does Not Meet BEPS,2023/07/21 04:00:00+00,38.90792524,-77.02483702,397845.78028301,137785.36033332,303382,,{0639A2BF-CF84-2945-E063-782F520A104C},258260
-76.9428875825976,38.8924916193953,PM12004348,5083 0808,12004348,,Old Sixth District Station,,,100 42ND STREET NE,DISTRICT OF COLUMBIA,7,100 42nd Street NE,WASHINGTON,DC,20019,1000,Police Station,10891,47518.0,185,WEATHERNORMALZEDSOUREUI_KBTUFT,2019,Fire station/police station,135.3,,,Meets BEPS,2023/07/14 04:00:00+00,38.89248383,-76.94288532,404954.86976644,136072.49693458,294469,,{0639A2BF-CF85-2945-E063-782F520A104C},258261
-77.0156468917338,38.8954541697358,PM12004349,0532 0020,12004349,,One Judiciary Square,,,441 4TH STREET NW,DISTRICT OF COLUMBIA,2,441 4th Street NW,WASHINGTON,DC,20001,1989,Office,580642,850354.0,71,ENERGYSTARSCORE,2019,Office_all,36,-38.10%,-20.00%,Does Not Meet BEPS,2023/09/22 04:00:00+00,38.89544638,-77.0156446,398642.84031241,136399.92966254,285552,,{0639A2BF-CF86-2945-E063-782F520A104C},258262
-77.000054570666,38.8359178014434,PM12004350,PAR 02430058,12004350,,Oxon Run Pool,,,401 MISSISSIPPI AVENUE SE,DISTRICT OF COLUMBIA,8,501 MISSISSIPPI AVENUE SE,WASHINGTON,DC,20032,1000,Fitness Center/Health Club/Gym,61169,28223.0,206,WEATHERNORMALZEDSOUREUI_KBTUFT,2019,Recreation,22.1,,,Meets BEPS,2023/05/04 04:00:00+00,38.83591003,-77.00005229,399995.46008815,129790.84042368,310268,,{0639A2BF-CF87-2945-E063-782F520A104C},258263
-77.0572056758684,38.9236036251797,PM12004351,2132 0829,12004351,,Oyster-Adams Bilingual School (Oyster),,,2801 CALVERT STREET NW,DISTRICT OF COLUMBIA,3,2801 CALVERT STREET NW,WASHINGTON,DC,20001,2002,K-12 School,47984,49484.0,36,ENERGYSTARSCORE,2019,K-12 School,16,-20.84%,-20.00%,Does Not Meet BEPS,2023/09/12 04:00:00+00,38.92359583,-77.05720337,395039.60026634,139526.18751591,275944,,{0639A2BF-CF88-2945-E063-782F520A104C},258264
-77.0971769533671,38.9183895857753,PM12004352,1391 0824,12004352,,Palisades Library,,,4901 V STREET NW,DISTRICT OF COLUMBIA,3,4901 V STREET NW,WASHINGTON,DC,20007,1936,Library,22536,20110.0,206,WEATHERNORMALZEDSOUREUI_KBTUFT,2019,Library,136.4,,,Meets BEPS,2023/09/16 04:00:00+00,38.9183818,-77.09717464,391572.86986572,138950.3172777,224474,,{0639A2BF-CF89-2945-E063-782F520A104C},258265
-77.0215399227921,38.9354134676182,PM12004353,3032 0001,12004353,,Parkview Recreation Center,,,700 PRINCETON PLACE NW,DISTRICT OF COLUMBIA,1,693 OTIS PLACE NW,WASHINGTON,DC,20010,1990,Fitness Center/Health Club/Gym,13408,13408.0,206,WEATHERNORMALZEDSOUREUI_KBTUFT,2019,Recreation,205.8,,,Meets BEPS,2023/09/22 04:00:00+00,38.93540567,-77.02153763,398132.67003312,140835.84765739,295160,,{0639A2BF-CF8A-2945-E063-782F520A104C},258266
-77.0082402884286,38.8267901340877,PM12004354,6223S 0099,12004354,,Patterson Elementary School,,,4399 SOUTH CAPITOL TERRACE SW,DISTRICT OF COLUMBIA,8,4399 SOUTH CAPITOL TERRACE SW,WASHINGTON,DC,20032,2004,K-12 School,94461,81007.0,36,ENERGYSTARSCORE,2019,K-12 School,55,,,Meets BEPS,2023/09/23 04:00:00+00,38.82678236,-77.00823801,399284.66972078,128777.63989171,301073,,{0639A2BF-CF8B-2945-E063-782F520A104C},258267
-76.9998566966113,38.8928384666067,PM12004356,0814 0823,12004356,,Peabody Elementary School,,,425 C STREET NE,DISTRICT OF COLUMBIA,6,425 C STREET NE,WASHINGTON,DC,20003,1880,K-12 School,34176,37800.0,36,ENERGYSTARSCORE,2019,K-12 School,24,-12.20%,-20.00%,Does Not Meet BEPS,2023/09/16 04:00:00+00,38.89283068,-76.99985441,400012.63030851,136109.4500167,288145,,{0639A2BF-CF8C-2945-E063-782F520A104C},258268
-77.0288894497215,38.9430906700159,PM12004357,2915 0802,12004357,,Petworth Library,,,4301 13TH STREET NW,DISTRICT OF COLUMBIA,4,4200 Kansas Ave NW,WASHINGTON,DC,20011,1938,Library,348003,21000.0,206,WEATHERNORMALZEDSOUREUI_KBTUFT,2019,Library,222.8,-7.54%,-20.00%,Does Not Meet BEPS,2023/09/23 04:00:00+00,38.94308287,-77.02888715,397495.73039458,141688.26053233,295146,,{0639A2BF-CF8D-2945-E063-782F520A104C},258269
-76.9399369393756,38.8872479839436,PM12004358,5351 0878,12004358,,Plummer Elementary School,,,4601 TEXAS AVENUE SE,DISTRICT OF COLUMBIA,7,4601 TEXAS AVENUE SE,WASHINGTON,DC,20019,1959,K-12 School,61075,69400.0,36,ENERGYSTARSCORE,2019,K-12 School,53,,,Meets BEPS,2023/09/19 04:00:00+00,38.8872402,-76.93993468,405211.229594,135490.57743436,19536,,{0639A2BF-CF8E-2945-E063-782F520A104C},258270
-77.0314001274897,38.9416314812776,PM12004359,2822 0800,12004359,,Powell Elementary School,,,1350 UPSHUR STREET NW,DISTRICT OF COLUMBIA,4,1350 UPSHUR STREET NW,WASHINGTON,DC,20011,2016,K-12 School,37674,75380.0,36,ENERGYSTARSCORE,2019,K-12 School,16,-20.84%,-20.00%,Does Not Meet BEPS,2023/09/18 04:00:00+00,38.94162369,-77.03139783,397278.02014137,141526.35045941,255302,,{0639A2BF-CF8F-2945-E063-782F520A104C},258271
-77.0162072858419,38.9220303359476,PM12004360,PAR 01080006,12004360,,Public Safety Communications Center,,,300 MCMILLAN DRIVE NW,DISTRICT OF COLUMBIA,1,310 MCMILLAN DRIVE NW,WASHINGTON,DC,20001,1000,Other - Public Services,32476,38075.0,229,WEATHERNORMALZEDSOUREUI_KBTUFT,2019,Other,342.9,-33.22%,-20.00%,Does Not Meet BEPS,2023/07/14 04:00:00+00,38.92202254,-77.016205,398594.74964543,139350.1095656,299642,,{0639A2BF-CF90-2945-E063-782F520A104C},258272
-77.009413050514,38.8795727668557,PM12004361,"0644 0810; 0644 0812",12004361,,Randall Recreation Center and Pool,,,820 SOUTH CAPITOL STREET SW,DISTRICT OF COLUMBIA,6,820 South Capitol Street SW,WASHINGTON,DC,20024,1000,Fitness Center/Health Club/Gym,11551,11551.0,206,WEATHERNORMALZEDSOUREUI_KBTUFT,2019,Recreation,324.2,-36.46%,-20.00%,Does Not Meet BEPS,2023/09/19 04:00:00+00,38.87956498,-77.00941077,399183.43959146,134636.89665251,276842,,{0639A2BF-CF91-2945-E063-782F520A104C},258273
-76.9643585536647,38.8700995190671,PM12004362,5663 0074,12004362,,Randle Highlands Elementary School,,,1650 30TH STREET SE,DISTRICT OF COLUMBIA,7,1650 30TH STREET SE,WASHINGTON,DC,20020,2007,K-12 School,52705,75500.0,36,ENERGYSTARSCORE,2019,K-12 School,11,-26.98%,-20.00%,Does Not Meet BEPS,2023/09/18 04:00:00+00,38.87009174,-76.96435628,403093.17026445,133585.85749105,156337,,{0639A2BF-CF92-2945-E063-782F520A104C},258274
-77.0264349541093,38.9358190075857,PM12004363,PAR 00970053,12004363,,Raymond Education Campus,,,915 SPRING ROAD NW,DISTRICT OF COLUMBIA,4,915 SPRING ROAD NW,WASHINGTON,DC,20010,1924,K-12 School,69482,65306.0,36,ENERGYSTARSCORE,2019,K-12 School,34,-2.04%,-20.00%,Does Not Meet BEPS,2023/09/13 04:00:00+00,38.93581121,-77.02643266,397708.28001296,140880.97764978,226682,,{0639A2BF-CF93-2945-E063-782F520A104C},258275
-77.0266362926479,38.9364397959332,PM12004364,2901 0816,12004364,,Raymond Recreation Center,,,3725 10TH STREET NW,DISTRICT OF COLUMBIA,4,3725 10TH STREET NW,WASHINGTON,DC,20010,2013,Fitness Center/Health Club/Gym,23952,23952.0,206,WEATHERNORMALZEDSOUREUI_KBTUFT,2019,Recreation,99.4,,,Meets BEPS,2023/09/23 04:00:00+00,38.936432,-77.026634,397690.84387758,140949.89584631,310493,,{0639A2BF-CF94-2945-E063-782F520A104C},258276
-77.026252514,38.9521814489565,PM12004365,3002 0064,12004365,,Ready Reserve Garage,,,915 GALLATIN STREET NW,DISTRICT OF COLUMBIA,4,915 GALLATIN STREET NW,WASHINGTON,DC,20011,2005,Fire Station,12900,14839.0,185,WEATHERNORMALZEDSOUREUI_KBTUFT,2019,Fire station/police station,41.7,,,Meets BEPS,2023/09/19 04:00:00+00,38.95217365,-77.02625022,397724.61992162,142697.3498643,298231,,{0639A2BF-CF95-2945-E063-782F520A104C},258277
-77.0195321019831,38.8950144267081,PM12004366,0489 0802,12004366,,Recorder of Deeds,,,515 D STREET NW,DISTRICT OF COLUMBIA,2,515 D Street NW,WASHINGTON,DC,20001,1942,Office,42529,44842.0,71,ENERGYSTARSCORE,2019,Office_all,82,,,Meets BEPS,2023/08/10 04:00:00+00,38.89500664,-77.01952981,398305.79023147,136351.17997273,238954,,{0639A2BF-CF96-2945-E063-782F520A104C},258278
-76.9412321983528,38.8769511515136,PM12004367,PAR 01960012,12004367,,Ridge Road Community Center and Pool,,,810 RIDGE ROAD SE,DISTRICT OF COLUMBIA,7,830 Ridge Road SE,WASHINGTON,DC,20019,2016,Social/Meeting Hall,24282,24282.0,192,WEATHERNORMALZEDSOUREUI_KBTUFT,2019,Social/meeting,244.8,-21.57%,-20.00%,Does Not Meet BEPS,2023/09/22 04:00:00+00,38.87694337,-76.94122993,405099.59039223,134347.47746858,310262,,{0639A2BF-CF97-2945-E063-782F520A104C},258279
-76.9995637329207,38.9597886064883,PM12004368,PAR 01380037,12004368,,Riggs-Lasalle Recreation Center,,,445 RIGGS ROAD NE,DISTRICT OF COLUMBIA,4,501B Riggs Road NE,WASHINGTON,DC,20011,2007,Fitness Center/Health Club/Gym,61344,25000.0,206,WEATHERNORMALZEDSOUREUI_KBTUFT,2019,Recreation,345.5,-40.38%,-20.00%,Does Not Meet BEPS,2023/09/17 04:00:00+00,38.95978081,-76.99956145,400038.00964163,143541.48741896,294489,,{0639A2BF-CF98-2945-E063-782F520A104C},258280
-77.0323629229574,38.9220117542436,PM12004369,2662 0205,12004369,,Rita Bright Community Center,,,2500 14TH STREET NW,DISTRICT OF COLUMBIA,1,2500 14th Street NW,WASHINGTON,DC,20009,1980,Social/Meeting Hall,17382,16768.0,192,WEATHERNORMALZEDSOUREUI_KBTUFT,2019,Social/meeting,126.2,,,Meets BEPS,2023/07/14 04:00:00+00,38.92200396,-77.03236063,397193.77982623,139348.41968743,234200,,{0639A2BF-CF99-2945-E063-782F520A104C},258281
-76.9578098267757,38.8954365825898,PM12004370,5003 0005,12004370,,River Terrace Education Campus,,,420 34TH STREET NE,DISTRICT OF COLUMBIA,7,420 34th Street NE,WASHINGTON,DC,20019,2014,K-12 School,39815,67864.0,36,ENERGYSTARSCORE,2019,K-12 School,16,-20.84%,-20.00%,Does Not Meet BEPS,2023/09/19 04:00:00+00,38.89542879,-76.95780756,403660.16971026,136398.70658434,294485,,{0639A2BF-CF9A-2945-E063-782F520A104C},258282
-76.9327070417314,38.9065705044337,PM12004371,5159 0066,12004371,,Ron Brown College Preparatory High School,,,4800 MEADE STREET NE,DISTRICT OF COLUMBIA,7,4800 MEADE STREET NE,WASHINGTON,DC,20019,1966,K-12 School,181530,181541.0,36,ENERGYSTARSCORE,2019,K-12 School,29,-7.09%,-20.00%,Does Not Meet BEPS,2023/07/14 04:00:00+00,38.90656271,-76.93270478,405836.90989225,137635.96673269,294601,,{0639A2BF-CF9B-2945-E063-782F520A104C},258283
-77.0288894497215,38.9430906700159,PM12004372,2915 0802,12004372,,Roosevelt High School/Roosevelt STAY High School,,,4301 13TH STREET NW,DISTRICT OF COLUMBIA,4,4301 13TH STREET NW,WASHINGTON,DC,20011,1950,K-12 School,348003,327870.0,36,ENERGYSTARSCORE,2019,K-12 School,28,-8.11%,-20.00%,Does Not Meet BEPS,2023/09/22 04:00:00+00,38.94308287,-77.02888715,397495.73039458,141688.26053233,252605,,{0639A2BF-CF9C-2945-E063-782F520A104C},258284
-76.9791385916356,38.8978271860835,PM12004373,4533 0803,12004373,,"Rosedale Community Center, Library and Pool",,,17TH ST SE,DISTRICT OF COLUMBIA,6,1701 Gales Street NE,WASHINGTON,DC,20002,1000,Social/Meeting Hall,22140,22140.0,192,WEATHERNORMALZEDSOUREUI_KBTUFT,2019,Social/meeting,409.3,-53.09%,-20.00%,Does Not Meet BEPS,2023/09/16 04:00:00+00,38.8978194,-76.97913631,401809.85241013,136663.44427224,307101,,{0639A2BF-CF9D-2945-E063-782F520A104C},258285
-77.0397067491436,38.9123841758782,PM12004374,0155 0821,12004374,,Ross Elementary School,,,1730 R STREET NW,DISTRICT OF COLUMBIA,2,1730 R STREET NW,WASHINGTON,DC,20009,1940,K-12 School,18579,22400.0,36,ENERGYSTARSCORE,2019,K-12 School,57,,,Meets BEPS,2023/07/21 04:00:00+00,38.91237639,-77.03970445,396556.48021572,138279.93037006,241714,,{0639A2BF-CF9E-2945-E063-782F520A104C},258286
-76.9936065406112,38.8628597666731,PM12004376,5789 0030,12004376,,Savoy Elementary School,,,2400 SHANNON PLACE SE,DISTRICT OF COLUMBIA,8,2400 SHANNON PLACE SE,WASHINGTON,DC,20020,1968,K-12 School,61020,99795.0,36,ENERGYSTARSCORE,2019,K-12 School,32,-4.07%,-20.00%,Does Not Meet BEPS,2023/09/21 04:00:00+00,38.86285199,-76.99360426,400555.08011531,132781.60747371,278153,,{0639A2BF-CF9F-2945-E063-782F520A104C},258287
-77.0523232972303,38.9074772887844,PM12004377,0023 0803,12004377,,School Without Walls @ Francis Stevens,,,2425 N STREET NW,DISTRICT OF COLUMBIA,2,2425 N STREET NW,WASHINGTON,DC,20037,1927,K-12 School,151726,127991.0,36,ENERGYSTARSCORE,2019,K-12 School,46,,,Meets BEPS,2023/07/21 04:00:00+00,38.9074695,-77.052321,395461.94973486,137735.7768856,294544,,{0639A2BF-CFA0-2945-E063-782F520A104C},258288
-77.0481887642911,38.8981319059808,PM12004378,0080 0841,12004378,,School Without Walls High School,,,2130 G STREET NW,DISTRICT OF COLUMBIA,2,2130 G STREET NW,WASHINGTON,DC,20037,1882,K-12 School,31409,66400.0,36,ENERGYSTARSCORE,2019,K-12 School,32,-4.07%,-20.00%,Does Not Meet BEPS,2023/07/21 04:00:00+00,38.89812412,-77.04818647,395820.00964115,136698.16700484,242528,,{0639A2BF-CFA1-2945-E063-782F520A104C},258289
-76.9931426626139,38.8975898193254,PM12004379,0935 0804,12004379,,School-Within-School @Goding,,,920 F STREET NE,DISTRICT OF COLUMBIA,6,920 F STREET NE,WASHINGTON,DC,20002,1959,K-12 School,65610,87221.0,36,ENERGYSTARSCORE,2019,K-12 School,62,,,Meets BEPS,2023/09/17 04:00:00+00,38.89758203,-76.99314038,400595.05011797,136636.90984907,289072,,{0639A2BF-CFA2-2945-E063-782F520A104C},258290
-77.0305429010619,38.9447082821959,PM12004184,2818 0800,12004184,,Dorothy I Height Elementary School,,,1300 ALLISON STREET NW,DISTRICT OF COLUMBIA,4,1300 ALLISON STREET NW,WASHINGTON,DC,20011,1940,K-12 School,78137,75878.0,36,ENERGYSTARSCORE,2019,K-12 School,43,,,Meets BEPS,2023/09/22 04:00:00+00,38.94470049,-77.03054061,397352.44959093,141867.87743001,255251,,{0639A2BF-CFA3-2945-E063-782F520A104C},258291
-76.9777638224354,38.8526443412241,PM12004185,PAR 02220098,12004185,,Douglass Community Center and Pool,,,1898 STANTON TERRACE SE,DISTRICT OF COLUMBIA,8,1921-1922 Frederick Douglass Court SE,WASHINGTON,DC,20020,1000,Fitness Center/Health Club/Gym,14441,14441.0,206,WEATHERNORMALZEDSOUREUI_KBTUFT,2019,Recreation,61.6,,,Meets BEPS,2023/09/06 04:00:00+00,38.85263656,-76.97776155,401930.32988787,131647.83680493,310261,,{0639A2BF-CFA4-2945-E063-782F520A104C},258292
-77.0304719734589,38.9145203041258,PM12004186,0238 0870,12004186,,BPO Office and Warehouse,,,1325 S STREET NW,DISTRICT OF COLUMBIA HOUSING AUTHORITY,1,1325 S STREET NW,WASHINGTON,DC,20009,1000,Non-Refrigerated Warehouse,16064,29249.0,103,WEATHERNORMALZEDSOUREUI_KBTUFT,2019,Warehouse_all,126.9,-18.83%,-20.00%,Does Not Meet BEPS,2023/07/14 04:00:00+00,38.91451251,-77.03046968,397357.47996046,138516.74954067,240485,,{0639A2BF-CFA5-2945-E063-782F520A104C},258293
-76.983522850699,38.9109512197334,PM12004187,4092 0809,12004187,,"DPW Main Garage, Packer, Welding Shop",,,1833 WEST VIRGINIA AVENUE NE,DISTRICT OF COLUMBIA HOUSING AUTHORITY,5,1833 WEST VIRGINIA AVENUE NE,WASHINGTON,DC,20002,1000,"Repair Services (Vehicle, Shoe, Locksmith, etc)",97050,107738.0,242,WEATHERNORMALZEDSOUREUI_KBTUFT,2019,Service,179.1,,,Meets BEPS,2023/09/22 04:00:00+00,38.91094343,-76.98352057,401429.270141,138120.2401427,301125,,{0639A2BF-CFA6-2945-E063-782F520A104C},258294
-76.9521393522008,38.8969862685667,PM12004188,PAR 01690114,12004188,,DPW Solid Waste Transfer Station,,,3400 BENNING RD NE,POTOMAC ELECTRIC POWER COMPANY,7,3300 BENNING ROAD NE,WASHINGTON,DC,20019,1000,Other - Public Services,419689,205218.0,229,WEATHERNORMALZEDSOUREUI_KBTUFT,2019,Other,66.9,,,Meets BEPS,2023/07/14 04:00:00+00,38.89697848,-76.95213708,404151.99032568,136570.97708936,300816,,{0639A2BF-CFA7-2945-E063-782F520A104C},258295
-77.070478848276,38.9131584365558,PM12004189,1293 0211,12004189,,Duke Ellington School of the Arts,,,3500 R STREET NW,DISTRICT OF COLUMBIA,2,3500 R STREET NW,WASHINGTON,DC,20007,1898,K-12 School,186758,268449.0,36,ENERGYSTARSCORE,2019,K-12 School,42,,,Meets BEPS,2023/07/14 04:00:00+00,38.91315065,-77.07047654,393887.72017266,138367.49018455,294569,,{0639A2BF-CFA8-2945-E063-782F520A104C},258296
-77.0146961497836,38.9085313379735,PM12004190,0554 0860,12004190,,Dunbar High School,,,1301 NEW JERSEY AVENUE NW,DISTRICT OF COLUMBIA,5,101 N Street NW,WASHINGTON,DC,20001,2014,K-12 School,161228,276536.0,36,ENERGYSTARSCORE,2019,K-12 School,54,,,Meets BEPS,2023/09/21 04:00:00+00,38.90852355,-77.01469386,398725.55009971,137851.58715489,309947,,{0639A2BF-CFA9-2945-E063-782F520A104C},258297
-76.9796865698469,38.8904104484381,PM12004191,1095 0800,12004191,,Eastern High School,,,1700 EAST CAPITOL STREET NE,DISTRICT OF COLUMBIA,6,1700 EAST CAPITOL STREET NE,WASHINGTON,DC,20003,1923,K-12 School,338936,288800.0,36,ENERGYSTARSCORE,2019,K-12 School,57,,,Meets BEPS,2023/09/17 04:00:00+00,38.89040266,-76.97968429,401762.50027951,135840.11684247,289529,,{0639A2BF-CFAA-2945-E063-782F520A104C},258298
-76.9970309877191,38.8865931646447,PM12004192,0872 0800,12004192,,Eastern Market,,,635 NORTH CAROLINA AVENUE SE,DISTRICT OF COLUMBIA,6,225 7th Street SE,WASHINGTON,DC,20003,1873,Food Sales,44366,29906.0,592,WEATHERNORMALZEDSOUREUI_KBTUFT,2019,Food sales,230.3,,,Meets BEPS,2023/09/22 04:00:00+00,38.88658538,-76.99702871,400257.78964643,135416.17710631,300829,,{0639A2BF-CFAB-2945-E063-782F520A104C},258299
-77.0658234447965,38.9327348635465,PM12004193,2088 0800,12004193,,Eaton Elementary School,,,3301 LOWELL STREET NW,DISTRICT OF COLUMBIA,3,3301 LOWELL STREET NW,WASHINGTON,DC,20008,1911,K-12 School,53444,49100.0,139,WEATHERNORMALZEDSOUREUI_KBTUFT,2019,K-12 School,113,,,Meets BEPS,2023/09/10 04:00:00+00,38.93272707,-77.06582114,394293.03989241,140540.33686593,294562,,{0639A2BF-CFAC-2945-E063-782F520A104C},258300
-76.9789801956316,38.8924392796091,PM12004194,1093 0825,12004194,,Eliot-Hine Middle School,,,1830 CONSTITUTION AVENUE NE,DISTRICT OF COLUMBIA,6,1830 CONSTITUTION AVENUE NE,WASHINGTON,DC,20002,1950,K-12 School,167404,155100.0,36,ENERGYSTARSCORE,2019,K-12 School,68,,,Meets BEPS,2023/05/04 04:00:00+00,38.89243149,-76.97897792,401823.72992219,136065.34676076,286499,,{0639A2BF-CFAD-2945-E063-782F520A104C},258301
-77.0361082945843,38.9301571220934,PM12004195,2673 0890,12004195,,Embassy Building 10,,,3149 16TH STREET NW,UNITED STATES OF AMERICA,1,3149 16th Street NW,WASHINGTON,DC,20010,1929,Office,12177,13600.0,71,ENERGYSTARSCORE,2019,Office_all,100,,,Meets BEPS,2023/09/21 04:00:00+00,38.93014933,-77.036106,396869.34982312,140252.74709281,234376,,{0639A2BF-CFAE-2945-E063-782F520A104C},258302
-77.0262745890057,38.9598010587827,PM12004196,2988 0802,12004196,,Emery Heights Recreation Center,,,5801 GEORGIA AVE NW,DISTRICT OF COLUMBIA,4,5801 Georgia Avenue NW,WASHINGTON,DC,20011,2003,Fitness Center/Health Club/Gym,36387,36387.0,206,WEATHERNORMALZEDSOUREUI_KBTUFT,2019,Recreation,159.1,,,Meets BEPS,2023/09/19 04:00:00+00,38.95979326,-77.02627229,397722.95031448,143543.19705372,285269,,{0639A2BF-CFAF-2945-E063-782F520A104C},258303
-77.0079061391479,38.9136060337386,PM12004197,3530 0892,12004197,,Emery Shelter/DCPS Offices,,,1725 LINCOLN ROAD NE,DISTRICT OF COLUMBIA,5,1725 Lincoln Road NE,WASHINGTON,DC,20002,1908,Mixed Use Property,50268,104411.0,229,WEATHERNORMALZEDSOUREUI_KBTUFT,2019,Other,49.4,,,Meets BEPS,2023/05/23 04:00:00+00,38.91359824,-77.00790385,399314.52020104,138414.8466566,155923,,{0639A2BF-CFB0-2945-E063-782F520A104C},258304
-77.0470963656612,38.9035214498281,DC00730885,0073 0885,,,,,,2100 L STREET NW,2100 L HOLDINGS LLC,2,,WASHINGTON,DC,,,,193264,,,,,,,,,Does Not Meet BEPS: Incomplete/Missing Report,,38.90351366,-77.04709407,395915.07976079,137296.39970284,242486,,{0639A2BF-CFB1-2945-E063-782F520A104C},258305
-77.0381438472266,38.9059473954527,DC01820827,0182 0827,,,,,,1675 M STREET NW,DISTRICT OF COLUMBIA HOUSING AUTHORITY,2,,WASHINGTON,DC,,,,32805,,,,,,,,,Does Not Meet BEPS: Incomplete/Missing Report,,38.90593961,-77.03814155,396691.73012577,137565.33727975,242022,,{0639A2BF-CFB2-2945-E063-782F520A104C},258306
-77.0341630080692,38.8990997538315,DC02210041,0221 0041,,,,,,1503 PENNSYLVANIA AVE NW,GRANITE LLC,2,,WASHINGTON,DC,,,,52090,,,,,,,,,Does Not Meet BEPS: Incomplete/Missing Report,,38.89909197,-77.03416071,397036.73034269,136805.05732287,243359,,{0639A2BF-CFB3-2945-E063-782F520A104C},258307
-77.0299861540759,38.9185442543108,DC02350205,0235 0205,,,,,,1301 V STREET NW,DISTRICT OF COLUMBIA,1,,WASHINGTON,DC,,,,52133,,,,,,,,,Does Not Meet BEPS: Incomplete/Missing Report,,38.91853646,-77.02998386,397399.76000578,138963.42761216,240335,,{0639A2BF-CFB4-2945-E063-782F520A104C},258308
-77.0293069096601,38.9021314853065,DC02850050,0285 0050,,,,,,925 13TH STREET NW,DISTRICT OF COLUMBIA,2,,WASHINGTON,DC,,,,45690,,,,,,,,,Does Not Meet BEPS: Incomplete/Missing Report,,38.9021237,-77.02930462,397458.07972831,137141.45724731,240926,,{0639A2BF-CFB5-2945-E063-782F520A104C},258309
-77.0254062969061,38.9014507903723,DC03747078,0374 7078,,,,,,950 NEW YORK AVE NW,CCDC HOTEL LLC,2,,WASHINGTON,DC,,,,319800,,,,,,,,,Does Not Meet BEPS: Incomplete/Missing Report,,38.901443,-77.025404,397796.40346564,137065.79268567,309621,,{0639A2BF-CFB6-2945-E063-782F520A104C},258310
-77.0210980999227,38.915287811165,DC04410090,0441 0090,,,,,,620 T STREET NW,DISTRICT OF COLUMBIA HOUSING AUTHORITY,1,,WASHINGTON,DC,,,,25600,,,,,,,,,Does Not Meet BEPS: Incomplete/Missing Report,,38.91528002,-77.02109581,398170.45990301,138601.71992534,238442,,{0639A2BF-CFB7-2945-E063-782F520A104C},258311
-77.0207002922418,38.8860527834912,DC04630819,0463 0819,,,,,,600 MARYLAND AVE SW,OCEAN VIEW DEVELOPMENT COMPANY LP,6,,WASHINGTON,DC,,,,628340,,,,,,,,,Does Not Meet BEPS: Incomplete/Missing Report,,38.886045,-77.020698,398204.22426987,135356.39012432,5831,,{0639A2BF-CFB8-2945-E063-782F520A104C},258312
-77.024631737489,38.8797550673418,DC04730930,0473 0930,,,,,,800 MAINE AVE SW,WHARF 1 OFFICE REIT LEASEHOLDER LLC,6,,WASHINGTON,DC,,,,13568,,,,,,,,,Does Not Meet BEPS: Incomplete/Missing Report,,38.87974728,-77.02462945,397862.93978447,134657.3795397,302922,,{0639A2BF-CFB9-2945-E063-782F520A104C},258313
-77.0270962887222,38.8812517792533,DC04730952,0473 0952,,,,,,1120 MAINE AVE SW,DISTRICT OF COLUMBIA,6,,WASHINGTON,DC,,,,13816,,,,,,,,,Does Not Meet BEPS: Incomplete/Missing Report,,38.881244,-77.027094,397649.14381723,134823.5874609,314722,,{0639A2BF-CFBA-2945-E063-782F520A104C},258314
-77.0168417040109,38.8963923781314,DC0488E0800,0488E 0800,,,,,,409 E STREET NW,DISTRICT OF COLUMIBA,2,,WASHINGTON,DC,,,,83593,,,,,,,,,Does Not Meet BEPS: Incomplete/Missing Report,,38.89638459,-77.01683942,398539.20960525,136504.09685684,301242,,{0639A2BF-CFBB-2945-E063-782F520A104C},258315
-77.0179658634953,38.8830668664193,DC04950838,0495 0838,,,,,,400 E ST SW,CITY PARTNERS LLC,6,,WASHINGTON,DC,,,,167820,,,,,,,,,Does Not Meet BEPS: Incomplete/Missing Report,,38.88305908,-77.01796358,398441.39960059,135024.87974387,311526,,{0639A2BF-CFBC-2945-E063-782F520A104C},258316
-77.0170775480477,38.908865430965,DC05110823,0511 0823,,,,,,429 O STREET NW,DISTRICT OF COLUMBIA,2,,WASHINGTON,DC,,,,33696,,,,,,,,,Does Not Meet BEPS: Incomplete/Missing Report,,38.90885764,-77.01707526,398519.00988299,137888.70982046,237434,,{0639A2BF-CFBD-2945-E063-782F520A104C},258317
-77.0099257437393,38.9098666342654,DC06150827,0615 0827,,,,,,43 P STREET NW,DISTRICT OF COLUMBIA,5,,WASHINGTON,DC,,,,42024,,,,,,,,,Does Not Meet BEPS: Incomplete/Missing Report,,38.90985884,-77.00992346,399139.31969718,137999.75950611,301249,,{0639A2BF-CFBE-2945-E063-782F520A104C},258318
-77.0103188299659,38.9093164605902,DC06160116,0616 0116,,,,,,30 P STREET NW,DISTRICT OF COLUMBIA,5,,WASHINGTON,DC,,,,57770,,,,,,,,,Does Not Meet BEPS: Incomplete/Missing Report,,38.90930867,-77.01031654,399105.22022956,137938.68990009,294465,,{0639A2BF-CFBF-2945-E063-782F520A104C},258319
-77.0110314524528,38.8986986991936,DC06250063,0625 0063,,,,,,65 MASSACHUSETTS AVENUE NW,DISTRICT OF COLUMBIA,6,,WASHINGTON,DC,,,,18852,,,,,,,,,Does Not Meet BEPS: Incomplete/Missing Report,,38.89869091,-77.01102917,399043.26961485,136760.03981457,237153,,{0639A2BF-CFC0-2945-E063-782F520A104C},258320
-77.008246291443,38.9050807916527,DC06730851,0673 0851,,,,,,1133 N CAPITOL ST NE,DISTRICT OF COLUMBIA HOUSING AUTHORITY,6,,WASHINGTON,DC,,,,157896,,,,,,,,,Does Not Meet BEPS: Incomplete/Missing Report,,38.905073,-77.008244,399284.9344361,137468.4776959,149791,,{0639A2BF-CFC1-2945-E063-782F520A104C},258321
-77.0086085637031,38.8763003762179,DC07000877,0700 0877,,,,,,1 M ST SE,1M PROPERTIES LLC,6,,WASHINGTON,DC,,,,172263,,,,,,,,,Does Not Meet BEPS: Incomplete/Missing Report,,38.87629259,-77.00860628,399253.20990722,134273.6296533,314715,,{0639A2BF-CFC2-2945-E063-782F520A104C},258322
-77.0082869125526,38.8742637805607,DC07050804,0705 0804,,,,,,1500 S CAPITOL ST SE,DISTRICT OF COLUMBIA,6,,WASHINGTON,DC,,,,1200000,,,,,,,,,Does Not Meet BEPS: Incomplete/Missing Report,,38.874256,-77.00828463,399281.0998269,134047.550237,303109,,{0639A2BF-CFC3-2945-E063-782F520A104C},258323
-77.0038922869658,38.8794877809596,DC07370831,0737 0831,,,,,,150 I ST SE,SQUARE 737 LLC,6,,WASHINGTON,DC,,,,400000,,,,,,,,,Does Not Meet BEPS: Incomplete/Missing Report,,38.87948,-77.00389,399662.46930093,134627.42832788,313888,,{0639A2BF-CFC4-2945-E063-782F520A104C},258324
-77.0025687529428,38.8985380954037,DC07530187,0753 0187,,,,,,215 G STREET NE,DISTRICT OF COLUMBIA,6,,WASHINGTON,DC,,,,51875,,,,,,,,,Does Not Meet BEPS: Incomplete/Missing Report,,38.89853031,-77.00256647,399777.36988683,136742.15726665,286687,,{0639A2BF-CFC5-2945-E063-782F520A104C},258325
-76.9931429128798,38.8829889266828,DC09480005,0948 0005,,,,,,921 PENNSYLVANIA AVENUE SE,DISTRICT OF COLUMBIA,6,,WASHINGTON,DC,,,,21820,,,,,,,,,Does Not Meet BEPS: Incomplete/Missing Report,,38.88298114,-76.99314063,400595.15021831,135016.09681544,82564,,{0639A2BF-CFC6-2945-E063-782F520A104C},258326
-76.9912915251265,38.8976098477403,DC09830070,0983 0070,,,,,,1100 F ST NE,5534-114 F STREET NE LLC,6,,WASHINGTON,DC,,,,53746,,,,,,,,,Does Not Meet BEPS: Incomplete/Missing Report,,38.89760206,-76.99128924,400755.63038584,136639.14703316,74598,,{0639A2BF-CFC7-2945-E063-782F520A104C},258327
-76.9880722847718,38.9004817895692,DC10260842,1026 0842,,,,,,1300 H ST NE,DISTRICT OF COLUMBIA,6,,WASHINGTON,DC,,,,24000,,,,,,,,,Does Not Meet BEPS: Incomplete/Missing Report,,38.900474,-76.98807,401034.84742684,136957.98690776,286021,,{0639A2BF-CFC8-2945-E063-782F520A104C},258328
-77.084192404951,38.9100993773896,DC13630980,1363 0980,,,,,,1550 FOXHALL ROAD NW,DISTRICT OF COLUMBIA,3,,WASHINGTON,DC,,,,24960,,,,,,,,,Does Not Meet BEPS: Incomplete/Missing Report,,38.91009159,-77.08419009,392698.06039738,138028.91696644,274137,,{0639A2BF-CFC9-2945-E063-782F520A104C},258329
-77.0816586312647,38.9481849106952,DC17300017,1730 0017,,,,,,4125 ALBEMARLE STREET NW,DISTRICT OF COLUMBIA,3,,WASHINGTON,DC,,,,30330,,,,,,,,,Does Not Meet BEPS: Incomplete/Missing Report,,38.94817712,-77.08165632,392921.59994408,142256.53746211,264423,,{0639A2BF-CFCA-2945-E063-782F520A104C},258330
-77.0768992655977,38.941697486554,DC18230802,1823 0802,,,,,,4000 WISCONSIN AVE NW,CHARLES B KING TRUSTEE,3,,WASHINGTON,DC,,,,697573,,,,,,,,,Does Not Meet BEPS: Incomplete/Missing Report,,38.94168969,-77.07689696,393333.5596151,141536.01668675,222230,,{0639A2BF-CFCB-2945-E063-782F520A104C},258331
-77.0756653144749,38.9399687892312,DC18230804,1823 0804,,,,,,3900 WISCONSIN AVE,NASH ROADSIDE 3900 WISCONSIN LLC,3,,WASHINGTON,DC,,,,156672,,,,,,,,,Does Not Meet BEPS: Incomplete/Missing Report,,38.939961,-77.075663,393440.37642785,141344.02746543,222231,,{0639A2BF-CFCC-2945-E063-782F520A104C},258332
-77.0652032926421,38.9462334231465,DC19650004,1965 0004,,,,,,4340 CONNECTICUT AVENUE NW,DISTRICT OF COLUMBIA,3,,WASHINGTON,DC,,,,155859,,,,,,,,,Does Not Meet BEPS: Incomplete/Missing Report,,38.94622563,-77.06520099,394347.87965094,142038.7572149,223153,,{0639A2BF-CFCD-2945-E063-782F520A104C},258333
-77.0645916619762,38.9450774681188,DC20470001,2047 0001,,,,,,4250 CONNECTICUT AVENUE NW,WASHINGTON METROPOLITAN AREA TRANSIT,3,,WASHINGTON,DC,,,,383495,,,,,,,,,Does Not Meet BEPS: Incomplete/Missing Report,,38.94506967,-77.06458936,394400.80961545,141910.39763964,220626,,{0639A2BF-CFCE-2945-E063-782F520A104C},258334
-77.0613941922432,38.9413874948515,DC22351478,2235 1478,,,,,,4007 CONNECTICUT AVE NW,TILDEN COURT CONDOMINIUM,3,,WASHINGTON,DC,,,,50571,,,,,,,,,Does Not Meet BEPS: Incomplete/Missing Report,,38.9413797,-77.06139189,394677.71974473,141500.58693302,223354,,{0639A2BF-CFCF-2945-E063-782F520A104C},258335
-77.0380443597885,38.9234724358858,DC25760063,2576 0063,,,,,,1631 EUCLID ST NW,JUBILEE HOUSING LIMITED PARTNERSHIP,1,,WASHINGTON,DC,,,,59772,,,,,,,,,Does Not Meet BEPS: Incomplete/Missing Report,,38.92346464,-77.03804206,396701.17025733,139510.75751409,235862,,{0639A2BF-CFD0-2945-E063-782F520A104C},258336
-77.0277237838394,38.926384306754,DC28560812,2856 0812,,,,,,2830 11TH STREET NW,DISTRICT OF COLUMBIA,1,,WASHINGTON,DC,,,,84287,,,,,,,,,Does Not Meet BEPS: Incomplete/Missing Report,,38.92637651,-77.02772149,397596.22000476,139833.67752573,231713,,{0639A2BF-CFD1-2945-E063-782F520A104C},258337
-77.0244838484804,38.9189789455821,DC28730875,2873 0875,,,,,,943 FLORIDA AVE NW,9TH AND V STREET PARCE C LLC,1,,WASHINGTON,DC,,,,268572,,,,,,,,,Does Not Meet BEPS: Incomplete/Missing Report,,38.91897115,-77.02448156,397876.93966681,139011.53950365,316867,,{0639A2BF-CFD2-2945-E063-782F520A104C},258338
-77.025878032329,38.9296139315228,DC28910112,2891 0112,,,,,,770 KENYON STREET NW,DISTRICT OF COLUMBIA,1,,WASHINGTON,DC,,,,48591,,,,,,,,,Does Not Meet BEPS: Incomplete/Missing Report,,38.92960614,-77.02587574,397756.36990671,140192.14718637,285409,,{0639A2BF-CFD3-2945-E063-782F520A104C},258339
-77.0262034388962,38.9777929054475,DC29645709,2964 5709,,,,,,7215 GEORGIA AVE NW,GEORGIA ROW CONDOMINIUM,4,,WASHINGTON,DC,,,,73037,,,,,,,,,Does Not Meet BEPS: Incomplete/Missing Report,,38.9777851,-77.02620114,397729.69021112,145540.45971629,314102,,{0639A2BF-CFD4-2945-E063-782F520A104C},258340
-77.0249024591072,38.9613186199715,DC29850814,2985 0814,,,,,,5901 9TH STREET NW,DISTRICT OF COLUMBIA,4,,WASHINGTON,DC,,,,157644,,,,,,,,,Does Not Meet BEPS: Incomplete/Missing Report,,38.96131082,-77.02490016,397841.92035222,143711.62696137,254272,,{0639A2BF-CFD5-2945-E063-782F520A104C},258341
-77.0138896248243,38.9539530662769,DC33270002,3327 0002,,,,,,5200 2ND STREET NW,DISTRICT OF COLUMBIA,4,,WASHINGTON,DC,,,,74323,,,,,,,,,Does Not Meet BEPS: Incomplete/Missing Report,,38.95394527,-77.01388733,398796.27031756,142893.78025255,294608,,{0639A2BF-CFD6-2945-E063-782F520A104C},258342
-77.0128697455015,38.9621726636334,DC33810812,3381 0812,,,,,,100 PEABODY STREET NW,DISTRICT OF COLUMBIA,4,,WASHINGTON,DC,,,,157164,,,,,,,,,Does Not Meet BEPS: Incomplete/Missing Report,,38.96216486,-77.01286745,398884.80036001,143806.21762389,277545,,{0639A2BF-CFD7-2945-E063-782F520A104C},258343
-77.0074492826209,38.9104127871375,DC35166030,3516 6030,,,,,,50 FLORIDA AVE NE,THE LEXICON CONDOMINIUM,5,,WASHINGTON,DC,,,,85191,,,,,,,,,Does Not Meet BEPS: Incomplete/Missing Report,,38.910405,-77.007447,399354.11266426,138060.36731984,302309,,{0639A2BF-CFD8-2945-E063-782F520A104C},258344
-77.0025405980209,38.9236628126801,DC35520816,3552 0816,,,,,,301 DOUGLAS STREET NE,DISTRICT OF COLUMBIA,5,,WASHINGTON,DC,,,,91984,,,,,,,,,Does Not Meet BEPS: Incomplete/Missing Report,,38.92365502,-77.00253831,399779.89019493,139531.20702137,294477,,{0639A2BF-CFD9-2945-E063-782F520A104C},258345
-76.9969146596245,38.9113025849134,DC35940004,3594 0004,,,,,,501 NEW YORK AVE NE,VASUDAV INC,5,,WASHINGTON,DC,,,,160000,,,,,,,,,Does Not Meet BEPS: Incomplete/Missing Report,,38.91129479,-76.99691238,400267.78968422,138159.11952012,288413,,{0639A2BF-CFDA-2945-E063-782F520A104C},258346
-76.9970431663207,38.932065218037,DC36553225,3655 3225,,,,,,625 MONROE ST NE,MONROE STREET BLOCK A1 RETAIL LLC,5,,WASHINGTON,DC,,,,196755,,,,,,,,,Does Not Meet BEPS: Incomplete/Missing Report,,38.93205742,-76.99704088,400256.57015145,140463.94663747,309938,,{0639A2BF-CFDB-2945-E063-782F520A104C},258347
-76.9972696748561,38.9533486571637,DC37570802,3757 0802,,,,,,5171 SOUTH DAKOTA AVENUE NE,DISTRICT OF COLUMBIA,5,,WASHINGTON,DC,,,,122928,,,,,,,,,Does Not Meet BEPS: Incomplete/Missing Report,,38.95334086,-76.99726739,400236.85990547,142826.59720951,294607,,{0639A2BF-CFDC-2945-E063-782F520A104C},258348
-76.993268794573,38.932841965052,DC38270803,3827 0803,,,,,,901 NEWTON STREET NE,DISTRICT OF COLUMBIA HOUSING AUTHORITY,5,,WASHINGTON,DC,,,,17140,,,,,,,,,Does Not Meet BEPS: Incomplete/Missing Report,,38.93283417,-76.99326651,400583.82009773,140550.19000184,289588,,{0639A2BF-CFDD-2945-E063-782F520A104C},258349
-76.9877747535374,38.9224031348982,DC39540803,3954 0803,,,,,,1304 SARATOGA AVENUE NE,BRENTWOOD ASSOCIATES,5,,WASHINGTON,DC,,,,62134,,,,,,,,,Does Not Meet BEPS: Incomplete/Missing Report,,38.92239534,-76.98777247,401060.33021168,139391.4398081,149262,,{0639A2BF-CFDE-2945-E063-782F520A104C},258350
-76.9868669096878,38.9296137171244,DC39600806,3960 0806,,,,,,1404 JACKSON STREET NE,DISTRICT OF COLUMBIA,5,,WASHINGTON,DC,,,,56028,,,,,,,,,Does Not Meet BEPS: Incomplete/Missing Report,,38.92960592,-76.98686463,401138.93986422,140191.88672602,294522,,{0639A2BF-CFDF-2945-E063-782F520A104C},258351
-76.9855270015227,38.922256555974,DC40250003,4025 0003,,,,,,2435 14TH STREET NE,BRENTWOOD ASSOCIATES,5,,WASHINGTON,DC,,,,178333,,,,,,,,,Does Not Meet BEPS: Incomplete/Missing Report,,38.92224876,-76.98552472,401255.25009849,139375.19669468,287056,,{0639A2BF-CFE0-2945-E063-782F520A104C},258352
-76.9834425611213,38.9006965520396,DC40680837,4068 0837,,,,,,808 BLADENSBURG RD NE,DELTA SENIOR HOUSING OWNER LLC,5,,WASHINGTON,DC,,,,202000,,,,,,,,,Does Not Meet BEPS: Incomplete/Missing Report,,38.90068876,-76.98344028,401436.44023417,136981.88965747,316453,,{0639A2BF-CFE1-2945-E063-782F520A104C},258353
-76.9556287137179,38.9254664413038,DC43270002,4327 0002,,,,,,3400 COMMODORE JOSHUA BARNEY DRIVE NE,DISTRICT OF COLUMBIA,5,,WASHINGTON,DC,,,,144120,,,,,,,,,Does Not Meet BEPS: Incomplete/Missing Report,,38.92545865,-76.95562644,403847.76021213,139732.35740867,306501,,{0639A2BF-CFE2-2945-E063-782F520A104C},258354
-76.9544275909146,38.9213664985635,DC43271318,4327 1318,,,,,,2470 MARKET ST NE,FORT LINCOLN RETAIL LLC,5,,WASHINGTON,DC,,,,50018,,,,,,,,,Does Not Meet BEPS: Incomplete/Missing Report,,38.9213587,-76.95442532,403952.14002363,139277.27951589,309918,,{0639A2BF-CFE3-2945-E063-782F520A104C},258355
-76.9714800384076,38.9011313299499,DC44860012,4486 0012,,,,,,820 26TH STREET NE,DISTRICT OF COLUMBIA,5,,WASHINGTON,DC,,,,90449,,,,,,,,,Does Not Meet BEPS: Incomplete/Missing Report,,38.90112354,-76.97147776,402474.09031963,137030.40994868,294499,,{0639A2BF-CFE4-2945-E063-782F520A104C},258356
-76.9775594174085,38.8967209725019,DC45310037,4531 0037,,,,,,500 19TH STREET NE,DISTRICT OF COLUMBIA,6,,WASHINGTON,DC,,,,73976,,,,,,,,,Does Not Meet BEPS: Incomplete/Missing Report,,38.89671318,-76.97755714,401946.87009214,136540.67754142,290080,,{0639A2BF-CFE5-2945-E063-782F520A104C},258357
-76.9536290466847,38.8901179138078,DC50470806,5047 0806,,,,,,3534 EAST CAPITOL ST NE,3500 EAST CAP VENTURE LLC,7,,WASHINGTON,DC,,,,138277,,,,,,,,,Does Not Meet BEPS: Incomplete/Missing Report,,38.89011013,-76.95362678,404023.149843,135808.46945739,287970,,{0639A2BF-CFE6-2945-E063-782F520A104C},258358
-76.9448237481077,38.8910295898385,DC50840315,5084 0315,,,,,,100 41ST STREET NE,DISTRICT OF COLUMBIA,7,,WASHINGTON,DC,,,,107130,,,,,,,,,Does Not Meet BEPS: Incomplete/Missing Report,,38.8910218,-76.94482148,404787.00019992,135910.09684491,294468,,{0639A2BF-CFE7-2945-E063-782F520A104C},258359
-76.9290894556512,38.8966470071527,DC51940826,5194 0826,,,,,,601 50TH ST NE,PROGRESSIVE NATIONAL BAPTIST CONVENTION INC,7,,WASHINGTON,DC,,,,74743,,,,,,,,,Does Not Meet BEPS: Incomplete/Missing Report,,38.89663922,-76.92908719,406151.54038199,136534.61733399,289784,,{0639A2BF-CFE8-2945-E063-782F520A104C},258360
-76.9206375223932,38.8902992252592,DC52440804,5244 0804,,,,,,5600 EAST CAPITOL STREET NE,DISTRICT OF COLUMBIA,7,,WASHINGTON,DC,,,,139654,,,,,,,,,Does Not Meet BEPS: Incomplete/Missing Report,,38.89029144,-76.92063526,406885.34036121,135830.56743686,289793,,{0639A2BF-CFE9-2945-E063-782F520A104C},258361
-76.9217450848442,38.8894873265586,DC52830153,5283 0153,,,,,,5601 EAST CAPITOL STREET SE,DISTRICT OF COLUMBIA,7,,WASHINGTON,DC,,,,73007,,,,,,,,,Does Not Meet BEPS: Incomplete/Missing Report,,38.88947954,-76.92174283,406789.32968077,135740.35726927,294610,,{0639A2BF-CFEA-2945-E063-782F520A104C},258362
-76.9713274481551,38.8542644559109,DC57410869,5741 0869,,,,,,2412 HARTFORD ST SE,PB HAN TIV OWNER LLC,8,,WASHINGTON,DC,,,,59408,,,,,,,,,Does Not Meet BEPS: Incomplete/Missing Report,,38.85425668,-76.97132518,402488.95968156,131827.83745754,148200,,{0639A2BF-CFEB-2945-E063-782F520A104C},258363
-76.9834063104182,38.8518500148931,DC58760049,5876 0049,,,,,,3100 BRUCE PL SE,BRUCE GARDENS LLC,8,,WASHINGTON,DC,,,,50912,,,,,,,,,Does Not Meet BEPS: Incomplete/Missing Report,,38.85184224,-76.98340403,401440.57043235,131559.55746673,287511,,{0639A2BF-CFEC-2945-E063-782F520A104C},258364
-76.9874566389335,38.8401634431458,DC59160014,5916 0014,,,,,,1320 MISSISSIPPI AVENUE SE,DISTRICT OF COLUMBIA,8,,WASHINGTON,DC,,,,19074,,,,,,,,,Does Not Meet BEPS: Incomplete/Missing Report,,38.84015567,-76.98745436,401089.17025576,130262.21038194,290141,,{0639A2BF-CFED-2945-E063-782F520A104C},258365
-76.9833770705652,38.836417290103,DC59190801,5919 0801,,,,,,1350 SOUTHERN AVENUE SE,DISTRICT OF COLUMBIA,8,,WASHINGTON,DC,,,,10120,,,,,,,,,Does Not Meet BEPS: Incomplete/Missing Report,,38.83640951,-76.9833748,401443.4196594,129846.41754238,277943,,{0639A2BF-CFEE-2945-E063-782F520A104C},258366
-76.984233376246,38.8361327326299,DC59190802,5919 0802,,,,,,1328 SOUTHERN AVENUE SE,DISTRICT OF COLUMBIA,8,,WASHINGTON,DC,,,,406926,,,,,,,,,Does Not Meet BEPS: Incomplete/Missing Report,,38.83612496,-76.9842311,401369.08013082,129814.81736211,286060,,{0639A2BF-CFEF-2945-E063-782F520A104C},258367
-76.9863307160967,38.8340742398048,DC59210018,5921 0018,,,,,,4300 12TH STREET SE,DISTRICT OF COLUMBIA,8,,WASHINGTON,DC,,,,27672,,,,,,,,,Does Not Meet BEPS: Incomplete/Missing Report,,38.83406646,-76.98632844,401187.02007217,129586.28051082,288153,,{0639A2BF-CFF0-2945-E063-782F520A104C},258368
-76.9923954772622,38.8344095377984,DC59260004,5926 0004,,,,,,908 WAHLER PLACE SE,DISTRICT OF COLUMBIA,8,,WASHINGTON,DC,,,,70364,,,,,,,,,Does Not Meet BEPS: Incomplete/Missing Report,,38.83440176,-76.9923932,400660.45000762,129623.43971603,294502,,{0639A2BF-CFF1-2945-E063-782F520A104C},258369
-76.9917328543182,38.8355351628231,DC59280043,5928 0043,,,,,,900 VARNEY STREET SE,DISTRICT OF COLUMBIA HOUSING AUTHORITY,8,,WASHINGTON,DC,,,,98218,,,,,,,,,Does Not Meet BEPS: Incomplete/Missing Report,,38.83552739,-76.99173058,400717.96976393,129748.39729628,278744,,{0639A2BF-CFF2-2945-E063-782F520A104C},258370
-76.9880630684667,38.8368453326346,DC59280091,5928 0091,,,,,,1130 VARNEY STREET SE,DISTRICT OF COLUMBIA HOUSING AUTHORITY,8,,WASHINGTON,DC,,,,13494,,,,,,,,,Does Not Meet BEPS: Incomplete/Missing Report,,38.83683756,-76.98806079,401036.57021637,129893.87036177,277895,,{0639A2BF-CFF3-2945-E063-782F520A104C},258371
-76.9930397761919,38.8402768484523,DC59340803,5934 0803,,,,,,3400 WHEELER ROAD SE,DISTRICT OF COLUMBIA,8,,WASHINGTON,DC,,,,90985,,,,,,,,,Does Not Meet BEPS: Incomplete/Missing Report,,38.84026907,-76.9930375,400604.45986632,130274.74677233,294566,,{0639A2BF-CFF4-2945-E063-782F520A104C},258372
-76.9981452789143,38.8435047775766,DC5954W0801,5954W 0801,,,,,,3100 MARTIN LUTHER KING JR AVE SE,DISTRICT OF COLUMBIA,8,,WASHINGTON,DC,,,,69393,,,,,,,,,Does Not Meet BEPS: Incomplete/Missing Report,,38.843497,-76.998143,400161.21094762,130633.04792083,301280,,{0639A2BF-CFF5-2945-E063-782F520A104C},258373
-77.0020991159101,38.836324847725,DC60920801,6092 0801,,,,,,3713 4TH ST SE,BOWLING GREEN APARTMENTS LIMITED PARTNERSHIP,8,,WASHINGTON,DC,,,,30651,,,,,,,,,Under Review,,38.83631707,-77.00209684,399817.94961782,129836.02672708,147489,,{0639A2BF-CFF6-2945-E063-782F520A104C},258374
-77.0031530811711,38.8354410942528,DC61180041,6118 0041,,,,,,3819 2ND ST SE,BOWLING GREEN APARTMENTS LTD PRTNSHP,8,,WASHINGTON,DC,,,,31434,,,,,,,,,Under Review,,38.83543332,-77.0031508,399726.44005077,129737.92708834,147478,,{0639A2BF-CFF7-2945-E063-782F520A104C},258375
-76.9949692789919,38.8328157739652,DC61240809,6124 0809,,,,,,3855 8TH ST SE,DISTRICT OF COLUMBIA,8,,WASHINGTON,DC,,,,232956,,,,,,,,,Does Not Meet BEPS: Incomplete/Missing Report,,38.832808,-76.994967,400436.99309661,129446.50609519,289443,,{0639A2BF-CFF8-2945-E063-782F520A104C},258376
-77.0032132832145,38.8239017689183,DC62040802,6204 0802,,,,,,4600 LIVINGSTON RD SE,DISTRICT OF COLUMBIA,8,,WASHINGTON,DC,,,,327156,,,,,,,,,Does Not Meet BEPS: Incomplete/Missing Report,,38.823894,-77.003211,399721.1682875,128456.98542148,294600,,{0639A2BF-CFF9-2945-E063-782F520A104C},258377
-77.0516764326173,38.9021363434721,PM10016666,0028 0000,10016666,,Varsity on K (vy67),,,950 24TH ST NW,"GATEWAY BAILEY, INC",2,950 24th St NW,WASHINGTON,DC,20037,1985,Multifamily Housing,120431,120431.0,66,ENERGYSTARSCORE,2019,Multifamily Housing,61,-3.49%,-3.49%,Does Not Meet BEPS,2023/09/14 04:00:00+00,38.90212856,-77.05167413,395517.72024817,137142.85735817,274741,,{0639A2BF-CFFA-2945-E063-782F520A104C},258378
-76.9943325167962,38.8415575867535,PM10070208,PAR 02350075,10070208,,Wheeler,,,3301 WHEELER ROAD SE,DISTRICT OF COLUMBIA,8,3301 Wheeler Rd SE,WASHINGTON,DC,20032,1966,,110558,,,,,,,,,Does Not Meet BEPS: Incomplete/Missing Report,2023/05/04 04:00:00+00,38.84154981,-76.99433024,400492.21987706,130416.90998429,294563,,{0639A2BF-CFFB-2945-E063-782F520A104C},258379
-77.0793794179269,38.9494890780957,PM10179953,1770 0026,10179953,,Frequency,,,4000 BRANDYWINE ST NW,4000 BRANDYWINE STREET NW GROUND OWNER LLC,3,4000 Brandywine Street NW,WASHINGTON,DC,20016,1964,Multifamily Housing,59068,51135.0,66,ENERGYSTARSCORE,2019,Multifamily Housing,87,,,Meets BEPS,2023/05/04 04:00:00+00,38.94948128,-77.07937711,393119.29970865,142401.13667941,265176,,{0639A2BF-CFFC-2945-E063-782F520A104C},258380
-77.0278038823271,38.9176739495964,PM10183045,0304 2506,10183045,,Lincoln Condominium,,,2001 12TH ST NW,THE LINCOLN CONDO,1,2001 12th St NW,WASHINGTON,DC,20009,2001,Multifamily Housing,133735,161876.0,66,ENERGYSTARSCORE,2019,Multifamily Housing,77,,,Meets BEPS,2023/09/13 04:00:00+00,38.91766616,-77.02780159,397588.97991783,138866.75712509,284156,,{0639A2BF-CFFD-2945-E063-782F520A104C},258381
-77.0321345431104,38.9569556866974,PM10288675,2801 0095,10288675,,Longfellow Apartments,,,5521 COLORADO AVE NW,5521 COLARDO APARTMENTS LLC,4,5521 Colorado Avenue NW,WASHINGTON,DC,20011,1932,Multifamily Housing,66224,55075.0,66,ENERGYSTARSCORE,2019,Multifamily Housing,62,-2.82%,-2.82%,Does Not Meet BEPS,2023/07/28 04:00:00+00,38.95694789,-77.03213225,397214.94966047,143227.49719751,254814,,{0639A2BF-CFFE-2945-E063-782F520A104C},258382
-77.0264873218922,38.9749445024001,PM10290459,2967 0077,10290459,,Walter Reed Apartments,,,6939 GEORGIA AVE NW,6939 GEORGIA APARTMENTS LLC,4,6939 Georgia Avenue NW,WASHINGTON,DC,20012,1967,Multifamily Housing,59616,59616.0,66,ENERGYSTARSCORE,2019,Multifamily Housing,33,-19.83%,-19.83%,Does Not Meet BEPS,2023/09/19 04:00:00+00,38.9749367,-77.02648503,397704.99961177,145224.26698993,253848,,{0639A2BF-CFFF-2945-E063-782F520A104C},258383
-77.0205211529348,38.8958189746331,PM1029531,0457 0039,1029531,,600 E Street,,,600 E ST NW,6TH & E ASSOCIATES LLC,2,"600 E Street, NW",WASHINGTON,DC,20004,1975,Office,438018,356387.0,153,WEATHERNORMALZEDSOUREUI_KBTUFT,2019,Office_all,33.6,,,Meets BEPS,2023/05/04 04:00:00+00,38.89581119,-77.02051886,398220.0102831,136440.51021698,238715,,{0639A2BF-D000-2945-E063-782F520A104C},258384
-77.0440573242166,38.9011864800766,PM1030273,0118 0029,1030273,,1919 Penn Ave,,,1912 I ST NW,1919 PENNSYLVANIA ASSOCIATE LLC,2,1919 Pennsylvania Ave. NW,WASHINGTON,DC,20006,1978,Office,381951,265243.0,71,ENERGYSTARSCORE,2019,Office_all,71,,,Meets BEPS,2023/05/04 04:00:00+00,38.90117869,-77.04405503,396178.55972991,137037.0676356,241082,,{0639A2BF-D001-2945-E063-782F520A104C},258385
-77.0497888450181,38.9064027993208,PM1030284,0050 0086,1030284,,1255 23rd Street,,,1255 23RD ST NW,DWF V 1255 23RD STREET LLC,2,"1255 23rd Street, NW",WASHINGTON,DC,20037,1983,Office,83314,358737.0,71,ENERGYSTARSCORE,2019,Office_all,73,,,Meets BEPS,2023/05/04 04:00:00+00,38.90639501,-77.04978655,395681.70961708,137616.37681257,300164,,{0639A2BF-D002-2945-E063-782F520A104C},258386
-77.0360768215748,38.9053366822313,PM1034322,0197 0853,1034322,,American Chemical Society - Headquarters,,,1155 16TH ST NW,AMERICAN CHEMICAL SOCIETY,2,"1155 16th Street, N.W.",WASHINGTON,DC,20036,1954,Office,144462,115470.0,71,ENERGYSTARSCORE,2019,Office_all,84,,,Meets BEPS,2023/05/04 04:00:00+00,38.90532889,-77.03607453,396870.98969431,137497.46952234,278895,,{0639A2BF-D003-2945-E063-782F520A104C},258387
-77.0357263535311,38.9053673012223,PM1034332,0197 0854,1034332,,American Chemical Society - 1550 Building,,,1550 M ST NW,AMERICAN CHEMICAL SOCIETY,2,1550 M St. NW,WASHINGTON,DC,20036,1987,Office,96839,85277.0,71,ENERGYSTARSCORE,2019,Office_all,83,,,Meets BEPS,2023/05/04 04:00:00+00,38.90535951,-77.03572406,396901.38987334,137500.85663642,242331,,{0639A2BF-D004-2945-E063-782F520A104C},258388
-77.0336736259215,38.9034605992143,PM1034459,0216 0034,1034459,,1090 Vermont Avenue NW,,,1090 VERMONT AVE NW,1090 VERMONT AVENUE NW ASSOCIATES,2,1090 Vermont Avenue NW,WASHINGTON,DC,20005,1982,Office,229257,163045.0,71,ENERGYSTARSCORE,2019,Office_all,77,,,Meets BEPS,2023/05/04 04:00:00+00,38.90345281,-77.03367133,397079.3601463,137289.12982504,240259,,{0639A2BF-D005-2945-E063-782F520A104C},258389
-77.0393683198657,38.9186179416566,PM10362427,2562 0824,10362427,,CubeSmart - #106,,,1701 FLORIDA AVE NW,CS FLORIDA AVENUE LLC,1,1701 Florida Ave. NW,WASHINGTON,DC,20009,2017,Self-Storage Facility,97668,106000.0,21,WEATHERNORMALZEDSOUREUI_KBTUFT,2019,Nonrefrigerated warehouse (Self-Storage Facility),16.2,,,Meets BEPS,2023/05/04 04:00:00+00,38.91861015,-77.03936602,396586.13025419,138971.91686947,235649,,{0639A2BF-D006-2945-E063-782F520A104C},258390
-77.0315704681618,38.9050980674734,PM10363096,0247 0873,10363096,,A0000037 - DONOVAN_DC_LHOTOMJOAD,,,1155 14TH ST NW,LHO TOM JOAD CIRCLE DC LLC,2,1155 14TH STREET,WASHINGTON,DC,20005,2007,Hotel,112867,145297.0,54,ENERGYSTARSCORE,2019,Hotel,58,,,Meets BEPS,2023/05/04 04:00:00+00,38.90509028,-77.03156817,397261.85038883,137470.83706358,242940,,{0639A2BF-D007-2945-E063-782F520A104C},258391
-77.0224535769424,38.8963944069303,PM10363172,0430 0800,10363172,,A0000039 - MONACO_DC_JAYHAWK,,,701 E STREET NW,UNITED STATES OF AMERICA,2,700 F STREET NW,WASHINGTON,DC,20004,2001,Hotel,173622,175900.0,54,ENERGYSTARSCORE,2019,Hotel,55,,,Meets BEPS,2023/05/04 04:00:00+00,38.89638662,-77.02245129,398052.38970797,136504.42696698,301590,,{0639A2BF-D008-2945-E063-782F520A104C},258392
-77.0283926451175,38.8985271959295,PM10380316,0288 0847,10380316,,(71068A) METRO CENTER Macy's,,,1201 G ST NW,MACY'S RETAIL HOLDINGS INC,2,1201 G. STREET NW,WASHINGTON,DC,20005,1985,Retail Store,215108,272371.0,64,ENERGYSTARSCORE,2019,Retail_all,85,,,Meets BEPS,2023/05/04 04:00:00+00,38.89851941,-77.02839035,397537.26024545,136741.3271011,242928,,{0639A2BF-D009-2945-E063-782F520A104C},258393
-77.045692400523,38.9107326329171,PM10383194,0094 0031,10383194,,Washington DC EMR,,,2015 MASSACHUSETTS AVE NW,DUPONT ERH PROPCO LLC,2,2015 Massachusetts Ave NW,WASHINGTON,DC,20036,1970,Hotel,283088,280883.0,54,ENERGYSTARSCORE,2019,Hotel,96,,,Meets BEPS,2023/09/13 04:00:00+00,38.91072484,-77.0456901,396037.26018207,138096.83752693,225934,,{0639A2BF-D00A-2945-E063-782F520A104C},258394
-77.0475700481899,38.9064084982545,PM10385889,0070 0188,10385889,,Ellington Building,,,2121 WARD PL NW,ELLINGTON BUILDING LLC,2,"2121 Ward Place, N.W.",WASHINGTON,DC,20037,1994,Office,55474,51833.0,71,ENERGYSTARSCORE,2019,Office_all,16,-53.88%,-20.00%,Does Not Meet BEPS,2023/09/13 04:00:00+00,38.90640071,-77.04756775,395874.15995214,137616.90694008,279548,,{0639A2BF-D00B-2945-E063-782F520A104C},258395
-77.046252579687,38.9188181068872,PM10386105,2537 0153,10386105,,"Mendota Apts., Inc.",,,2220 20TH ST NW,MENDOTA APARTMENTS INC,1,"2220 20th Street, NW",WASHINGTON,DC,20009,1901,Multifamily Housing,87737,78091.0,66,ENERGYSTARSCORE,2019,Multifamily Housing,98,,,Meets BEPS,2023/07/25 04:00:00+00,38.91881032,-77.04625028,395989.13005197,138994.41737494,235127,,{0639A2BF-D00C-2945-E063-782F520A104C},258396
-77.0398258054408,38.9269533957062,PM10386222,2589 0847,10386222,,5557 - Harvard Hall,,,1650 HARVARD ST NW,1650 HARVARD ST NW WASHINGTON DC LLC,1,1650 Harvard Street NW,WASHINGTON,DC,20009,1929,Multifamily Housing,174979,174979.0,66,ENERGYSTARSCORE,2019,Multifamily Housing,56,-6.72%,-6.72%,Does Not Meet BEPS,2023/08/20 04:00:00+00,38.9269456,-77.03982351,396546.85981378,139897.2396047,236287,,{0639A2BF-D00D-2945-E063-782F520A104C},258397
-77.0355096215994,38.907943665366,PM10388826,0195 0149,10388826,,The Darcy Hotel,,,1515 RHODE ISLAND AVE NW,NW DC PROPERTY LLC,2,"1515 Rhode Island Avenue, NW",WASHINGTON,DC,200055504,1960,Hotel,183223,183223.0,54,ENERGYSTARSCORE,2019,Hotel,57,,,Meets BEPS,2023/05/04 04:00:00+00,38.90793588,-77.03550733,396920.29969826,137786.84734514,242312,,{0639A2BF-D00E-2945-E063-782F520A104C},258398
-77.019628773533,38.8856411682828,PM10397047,0493 0805,10397047,,Holiday Inn Capitol,,,550 C ST SW,FEDERAL CENTER HOTEL ASSOCIATES,6,"550 C Street, SW",WASHINGTON,DC,20024,1981,Hotel,439048,279396.0,54,ENERGYSTARSCORE,2019,Hotel,9,-35.67%,-20.00%,Does Not Meet BEPS,2023/09/14 04:00:00+00,38.88563338,-77.01962648,398297.1804129,135310.67658761,276671,,{0639A2BF-D00F-2945-E063-782F520A104C},258399
-77.015990184933,38.8836511673714,PM10397066,0537 0809,10397066,,Residence Inn Capitol,,,333 E ST SW,SOUTHWEST CAPITOL ASSOCIATES LLC,6,"333 E Street, SW",WASHINGTON,DC,20004,2005,Hotel,235962,190000.0,54,ENERGYSTARSCORE,2019,Hotel,59,,,Meets BEPS,2023/05/04 04:00:00+00,38.88364338,-77.0159879,398612.82977561,135089.70965939,277584,,{0639A2BF-D010-2945-E063-782F520A104C},258400
-77.0473239359137,38.909418017239,PM10397079,0068 0095,10397079,,Residence Inn Dupont Circle,,,2120 P STREET NW,HALIFAX SQUARE ASSOCIATES,2,"2120 P Street, NW",WASHINGTON,DC,20037,2000,Hotel,81833,81833.0,54,ENERGYSTARSCORE,2019,Hotel,60,,,Meets BEPS,2023/05/04 04:00:00+00,38.90941023,-77.04732164,395895.67974551,137950.97712128,279547,,{0639A2BF-D011-2945-E063-782F520A104C},258401
-77.021364783639,38.8786557588545,PM10402306,0472 0128,10402306,,Waterside Towers and Townhomes,,,911 6TH ST SW,TODD S DECKELBAUM TRUSTEE,6,907 6th Street SW,WASHINGTON,DC,20024,1971,Multifamily Housing,1037766,674080.0,66,ENERGYSTARSCORE,2019,Multifamily Housing,38,-17.07%,-17.07%,Does Not Meet BEPS,2023/09/19 04:00:00+00,38.87864798,-77.02136249,398146.38041241,134535.27747059,299515,,{0639A2BF-D012-2945-E063-782F520A104C},258402
-77.0736354335555,38.9376575022493,PM10402656,1908 1073,10402656,,The Crestview - 3601 Wisconsin Ave NW,,,3601 WISCONSIN AVE NW,THE CRESTVIEW CONDOMINIUM,3,3601 Wisconsin Avenue NW,WASHINGTON,DC,20016,1986,Multifamily Housing,60748,60748.0,66,ENERGYSTARSCORE,2019,Multifamily Housing,82,,,Meets BEPS,2023/05/04 04:00:00+00,38.93764971,-77.07363312,393616.15041492,141087.31008716,223183,,{0639A2BF-D013-2945-E063-782F520A104C},258403
-76.975753711948,38.9177862930223,PM10415097,4263 0007,10415097,,CubeSmart - #402,,,1850 NEW YORK AVE NE,1850 NY AVE SELF STORAGE PARTNERS LLC,5,1850 New York Ave NE,WASHINGTON,DC,20002,2018,Self-Storage Facility,156771,114200.0,21,WEATHERNORMALZEDSOUREUI_KBTUFT,2019,Nonrefrigerated warehouse (Self-Storage Facility),20.9,,,Meets BEPS,2023/05/04 04:00:00+00,38.9177785,-76.97575143,402102.89042303,138879.13996281,308923,,{0639A2BF-D014-2945-E063-782F520A104C},258404
-76.9457458422545,38.9012456012358,PM10419564,5058 0008,10419564,,Lotus Square (lt123),,,800 KENILWORTH AVE NE,KENILWORTH AVE APARTMENTS LLC,7,800 Kenilworth Ave NE,WASHINGTON,DC,20019,2018,Multifamily Housing,246295,246295.0,66,ENERGYSTARSCORE,2019,Multifamily Housing,93,,,Meets BEPS,2023/06/10 04:00:00+00,38.90123781,-76.94574358,404706.32961324,137044.10691445,301198,,{0639A2BF-D015-2945-E063-782F520A104C},258405
-76.9727478672721,38.8741336697739,PM10420376,5560 0055,10420376,,The Grays on Pennsylvania Ave (gr274),,,2323 PENNSYLVANIA AVE SE,2300 PENNSYLVANIA AVENUE LLC,7,2323 Pennsylvania Ave SE,WASHINGTON,DC,20019,2009,Multifamily Housing,76800,101799.0,66,ENERGYSTARSCORE,2019,Multifamily Housing,59,-4.81%,-4.81%,Does Not Meet BEPS,2023/09/19 04:00:00+00,38.87412589,-76.97274559,402365.01032951,134033.42746834,48543,,{0639A2BF-D016-2945-E063-782F520A104C},258406
-77.0103095500168,38.8969651956074,PM10439960,0628 0896,10439960,,Capitol Place III- 50 F Street,,,50 F ST NW,50 F STREET LLC,6,50 F Street NW,WASHINGTON,DC,20001,1985,Office,266907,212247.0,71,ENERGYSTARSCORE,2019,Office_all,81,,,Meets BEPS,2023/05/04 04:00:00+00,38.89695741,-77.01030726,399105.87029972,136567.60017677,218241,,{0639A2BF-D017-2945-E063-782F520A104C},258407
-77.0507224365289,38.9055279569961,PM10440131,0036 3072,10440131,,The Mark on M Condo Reporting,,,2311 M ST NW,THE MARK OF M CONDOMINIUM,2,2311 M Street N.W.,WASHINGTON,DC,200371445,1989,Mixed Use Property,69325,69325.0,229,SOURCEEUI_KBTU_FT,2019,Other,259.2,-11.65%,-20.00%,Does Not Meet BEPS,2023/09/14 04:00:00+00,38.90552017,-77.05072014,395600.67972768,137519.30704713,242749,,{0639A2BF-D018-2945-E063-782F520A104C},258408
-77.0087086760775,38.8288146365142,PM10443487,6201 0027,10443487,,Madison Courts Apartments,,,20 CHESAPEAKE ST SW,CHESAPEAKE PRESERVATION LLC,8,32 Chesapeake Street S.W.,WASHINGTON,DC,20032,1944,Multifamily Housing,61642,61642.0,66,ENERGYSTARSCORE,2019,Multifamily Housing,29,-22.06%,-20.00%,Does Not Meet BEPS,2023/09/19 04:00:00+00,38.82880686,-77.00870639,399244.02036159,129002.37666575,147192,,{0639A2BF-D019-2945-E063-782F520A104C},258409
-76.9928748459437,38.9197830981752,PM10497404,3848 0820,10497404,,1060 Brentwood,,,1060 BRENTWOOD RD NE,ACADIA BRENTWOOD LLC,5,1060 Brentwood Road NE,WASHINGTON,DC,20018,1997,Strip Mall,57515,57529.0,228,WEATHERNORMALZEDSOUREUI_KBTUFT,2019,Strip shopping mall,127.5,,,Meets BEPS,2023/05/04 04:00:00+00,38.91977531,-76.99287256,400618.09029642,139100.54747466,302477,,{0639A2BF-D01A-2945-E063-782F520A104C},258410
-77.0431464197571,38.903968420576,PM1050505,0140 0089,1050505,,1899 L Street,,,1105 19TH ST NW,1899 L STREET TOWER LLC,2,"1899 L St, NW",WASHINGTON,DC,20036,1975,Office,147460,165802.0,71,ENERGYSTARSCORE,2019,Office_all,71,,,Meets BEPS,2023/05/04 04:00:00+00,38.90396063,-77.04314412,396257.72022036,137345.84764596,241298,,{0639A2BF-D01B-2945-E063-782F520A104C},258411
-76.9599158226879,38.9298257629316,PM10517231,4335 0070,10517231,,East Blade Investors LP Reporting,,,3182 BLADENSBURG RD NE,EAST BLADE INVESTORS LIMITED PARTNERSHIP,5,3172-3182 Bladensburg Rd NE,WASHINGTON,DC,20018,1996,Manufacturing/Industrial Plant,135000,93383.0,229,WEATHERNORMALZEDSOUREUI_KBTUFT,2019,Other,141.7,,,Meets BEPS,2023/05/04 04:00:00+00,38.92981797,-76.95991355,403475.79998399,140216.1073077,287710,,{0639A2BF-D01C-2945-E063-782F520A104C},258412
-77.0413683594381,38.9079997515207,PM10517262,0158 1058,10517262,,The Palladium Condominium,,,1325 18TH ST NW,"BRISTOL, RAYMOND C",2,1325 18th ST NW,WASHINGTON,DC,20036,1974,Multifamily Housing,284184,195480.0,66,ENERGYSTARSCORE,2019,Multifamily Housing,84,,,Meets BEPS,2023/05/04 04:00:00+00,38.90799196,-77.04136606,396412.15021933,137793.28663868,226568,,{0639A2BF-D01D-2945-E063-782F520A104C},258413
-77.0440316516176,38.9251491420347,PM10523583,2584 0827,10523583,,1820 Clydesdale Place Coop,,,1820 CLYDESDALE PL NW,1820 CLYDESDALE COOPERATIVE INC,1,1820 Clydesdale PL NW,WASHINGTON,DC,20009,1927,Multifamily Housing,55350,55350.0,66,ENERGYSTARSCORE,2019,Multifamily Housing,84,,,Meets BEPS,2023/06/13 04:00:00+00,38.92514135,-77.04402935,396182.07024553,139697.11995427,236085,,{0639A2BF-D01E-2945-E063-782F520A104C},258414
-77.0466754693879,38.9176447206475,PM10523747,2536 1117,10523747,,2029 Connecticut Avenue Condominium,,,2029 CONNECTICUT AVE NW,2029 CONNECTICUT AVE CONDO,1,2029 Connecticut Avenue NW,WASHINGTON,DC,20008,1917,Multifamily Housing,73652,117168.0,66,ENERGYSTARSCORE,2019,Multifamily Housing,99,,,Meets BEPS,2023/05/09 04:00:00+00,38.91763693,-77.04667317,395952.39002061,138864.17992952,226222,,{0639A2BF-D01F-2945-E063-782F520A104C},258415
-77.0470690478437,38.9183795345579,PM10523750,2537 0300,10523750,,2101 Connecticut Ave COOP Apt Inc,,,2101 CONNECTICUT AVE NW,2101 CONNECTICUT AVENUE,1,2101 Connecticut Ave NW,WASHINGTON,DC,20008,1928,Multifamily Housing,236646,218059.0,66,ENERGYSTARSCORE,2019,Multifamily Housing,77,,,Meets BEPS,2023/08/03 04:00:00+00,38.91837174,-77.04706675,395918.29987195,138945.76751033,243235,,{0639A2BF-D020-2945-E063-782F520A104C},258416
-77.0816643742823,38.9220826480361,PM10523761,1708 2428,10523761,,2325 42nd St NW Condominium,,,2325 42ND ST NW,2325 42ND ST CONDO,3,2325 42nd St NW,WASHINGTON,DC,20007,1980,Multifamily Housing,51118,51118.0,66,ENERGYSTARSCORE,2019,Multifamily Housing,44,-13.74%,-13.74%,Does Not Meet BEPS,2023/05/04 04:00:00+00,38.92207486,-77.08166206,392918.51034411,139358.96017327,274745,,{0639A2BF-D021-2945-E063-782F520A104C},258417
-77.0568552723529,38.9162954197006,PM10523763,2500 0088,10523763,,2540 Massachusetts Avenue NW Inc.,,,2540 MASSACHUSETTS AVE NW,2540 MASSACHUSETTS AVENUE NW INC,2,2540 Massachusetts Avenue NW,WASHINGTON,DC,20008,1920,Multifamily Housing,83663,80578.0,66,ENERGYSTARSCORE,2019,Multifamily Housing,86,,,Meets BEPS,2023/05/04 04:00:00+00,38.91628763,-77.05685297,395069.48001003,138714.89696226,275925,,{0639A2BF-D022-2945-E063-782F520A104C},258418
-77.0439345365068,38.9260631356195,PM10523769,2586 0812,10523769,,3025 Ontario Cooperative,,,3025 ONTARIO RD NW,3025 ONTARIO ROAD INC,1,3025 Ontario Rd. NW,WASHINGTON,DC,20009,1949,Multifamily Housing,54862,44535.0,66,ENERGYSTARSCORE,2019,Multifamily Housing,96,,,Meets BEPS,2023/06/03 04:00:00+00,38.92605534,-77.04393224,396190.53979995,139798.5765774,236089,,{0639A2BF-D023-2945-E063-782F520A104C},258419
-77.0605717276851,38.9399982414026,PM10523773,2234 1303,10523773,,3901 Connecticut Avenue Condominium,,,3901 CONNECTICUT AVE NW,3901 CONNECTICUT AVE CONDO,3,3901 Connecticut Avenue NW,WASHINGTON,DC,20008,1920,Multifamily Housing,85154,79521.0,66,ENERGYSTARSCORE,2019,Multifamily Housing,72,,,Meets BEPS,2023/08/18 04:00:00+00,38.93999045,-77.06056942,394748.92024634,141346.3202879,223342,,{0639A2BF-D024-2945-E063-782F520A104C},258420
-77.0538801049232,38.9028881132992,PM10523903,0015 2002,10523903,,Bader Condominium,,,2515 K ST NW,THE BADER CONDO,2,2515 K St Nw,WASHINGTON,DC,20037,1939,Multifamily Housing,51614,51614.0,66,ENERGYSTARSCORE,2019,Multifamily Housing,66,,,Meets BEPS,2023/05/04 04:00:00+00,38.90288033,-77.0538778,395326.62038471,137226.42038498,274804,,{0639A2BF-D025-2945-E063-782F520A104C},258421
-77.0359082547756,38.9275262157421,PM10524048,2671 1055,10524048,,Claiborne Cooperative,,,3033 16TH ST NW,CLAIBORNE COOPERATIVE ASSOCIATION INC,1,3033 16th Street NW,WASHINGTON,DC,20009,1909,Multifamily Housing,69726,69726.0,66,ENERGYSTARSCORE,2019,Multifamily Housing,78,,,Meets BEPS,2023/09/19 04:00:00+00,38.92751842,-77.03590596,396886.57985887,139960.68662975,284559,,{0639A2BF-D026-2945-E063-782F520A104C},258422
-77.0315111357506,38.91798010265,PM10524050,0236 2676,10524050,,Langston Hughes Condominium,,,1390 V ST NW,LANGSTON HUGHES CONDO,1,1390 V St NW,WASHINGTON,DC,20009,2005,Multifamily Housing,60428,111831.0,66,ENERGYSTARSCORE,2019,Multifamily Housing,5,-39.80%,-20.00%,Does Not Meet BEPS,2023/09/17 04:00:00+00,38.91797231,-77.03150884,397267.49011288,138900.84677755,297785,,{0639A2BF-D027-2945-E063-782F520A104C},258423
-76.9879913691308,38.8954055683476,PM10524052,1030 2855,10524052,,Lincoln Park Terrace Condominium,,,421 13TH ST NE,LINCOLN PARK TERR A CONDO,6,401 13th St NE,WASHINGTON,DC,20002,2007,Multifamily Housing,53883,66685.0,66,ENERGYSTARSCORE,2019,Multifamily Housing,87,,,Meets BEPS,2023/09/25 04:00:00+00,38.89539778,-76.98798909,401041.93996655,136394.48692999,150793,,{0639A2BF-D028-2945-E063-782F520A104C},258424
-77.0492560408107,38.904009893092,PM10524120,0051 1014,10524120,,The Carriage House Condominium,,,2201 L ST NW,THE CARRIAGE HOUSE CONDOMINIUM,2,2201 L St NW,WASHINGTON,DC,20037,1967,Multifamily Housing,103487,103487.0,66,ENERGYSTARSCORE,2019,Multifamily Housing,65,-0.72%,-0.72%,Does Not Meet BEPS,2023/09/13 04:00:00+00,38.90400211,-77.04925374,395727.78014694,137350.72045238,226257,,{0639A2BF-D029-2945-E063-782F520A104C},258425
-77.0373300115916,38.9273292087832,PM10524126,2591 1367,10524126,,Embassy Condominium,,,1613 HARVARD ST NW,EMBASSY CONDOMINIUM,1,1613 Harvard St NW,WASHINGTON,DC,20009,1925,Multifamily Housing,67964,67964.0,66,ENERGYSTARSCORE,2019,Multifamily Housing,76,,,Meets BEPS,2023/05/23 04:00:00+00,38.92732142,-77.03732771,396763.29041285,139938.86739172,236375,,{0639A2BF-D02A-2945-E063-782F520A104C},258426
-77.0342492742331,38.9099797477503,PM10524132,0209 2932,10524132,,Metropole Condominium,,,1515 15TH ST NW,ANFIELD 1470 CHURCH LLC,2,1515 15th St NW,WASHINGTON,DC,20005,2008,Multifamily Housing,196356,151885.0,66,ENERGYSTARSCORE,2019,Multifamily Housing,2,-45.04%,-20.00%,Does Not Meet BEPS,2023/09/17 04:00:00+00,38.90997196,-77.03424698,397029.69994986,138012.82713115,300331,,{0639A2BF-D02B-2945-E063-782F520A104C},258427
-77.0817967728652,38.9192797847295,PM10524133,1318 2410,10524133,,Phylmar Plaza Condominium,,,4100 W ST NW,PHYLMAR PLAZA CONDO,3,4100 W St NW,WASHINGTON,DC,20007,1957,Multifamily Housing,60736,82078.0,66,ENERGYSTARSCORE,2019,Multifamily Housing,56,-6.72%,-6.72%,Does Not Meet BEPS,2023/07/26 04:00:00+00,38.919272,-77.08179446,392906.75023283,139047.82947719,224795,,{0639A2BF-D02C-2945-E063-782F520A104C},258428
-77.0262403496707,38.9044112382058,PM10524134,0341 2648,10524134,,Quincy Park Condominium,,,1001 L ST NW,QUINCY PARK CONDOMINIUM,2,"1001 L Street, NW",WASHINGTON,DC,20001,2004,Multifamily Housing,80492,112050.0,66,ENERGYSTARSCORE,2019,Multifamily Housing,61,-3.49%,-3.49%,Does Not Meet BEPS,2023/09/14 04:00:00+00,38.90440345,-77.02623806,397724.14979991,137394.44698916,297572,,{0639A2BF-D02D-2945-E063-782F520A104C},258429
-77.0555532317407,38.9228353097489,PM10524142,2138 0811,10524142,,Shoreham West Cooperative Apts Inc,,,2700 CALVERT ST NW,SHOREHAM WEST COOPERATIVE APARTMENTS INC,3,2502 Calvert St NW,WASHINGTON,DC,20008,1962,Multifamily Housing,223693,196645.0,66,ENERGYSTARSCORE,2019,Multifamily Housing,31,-20.93%,-20.00%,Does Not Meet BEPS,2023/05/04 04:00:00+00,38.92282752,-77.05555093,395182.83995747,139440.81010863,812736,,{0639A2BF-D02E-2945-E063-782F520A104C},258430
-77.0360425397873,38.9143825755303,PM10524144,0191 4145,10524144,,The Somerset House,,,1801 16TH ST NW,SOMERSET HOUSE CONDO,2,1801 16th St NW,WASHINGTON,DC,20009,1917,Multifamily Housing,62220,62220.0,66,ENERGYSTARSCORE,2019,Multifamily Housing,86,,,Meets BEPS,2023/05/04 04:00:00+00,38.91437479,-77.03604024,396874.36035992,138501.63746852,242208,,{0639A2BF-D02F-2945-E063-782F520A104C},258431
-77.0720660965906,38.9337958728978,PM10524147,1919 0823,10524147,,The Chesterfield Cooperative,,,3315 WISCONSIN AVE NW,CHESTERFLD COOPERATIVE INC,3,3315 Wisconsin Ave NW,WASHINGTON,DC,20016,1958,Multifamily Housing,81996,75917.0,66,ENERGYSTARSCORE,2019,Multifamily Housing,74,,,Meets BEPS,2023/05/04 04:00:00+00,38.93378808,-77.07206379,393751.86987384,140658.52693578,276054,,{0639A2BF-D030-2945-E063-782F520A104C},258432
-77.0293452032848,38.9069410355781,PM10524205,0281 2255,10524205,,Logan Park Condominium,,,1245 13TH ST NW,LOGAN PARK CONDO,2,1245 13th St NW,WASHINGTON,DC,20005,1981,Multifamily Housing,81461,87140.0,66,ENERGYSTARSCORE,2019,Multifamily Housing,40,-15.96%,-15.96%,Does Not Meet BEPS,2023/05/31 04:00:00+00,38.90693325,-77.02934291,397454.93001622,137675.35732457,226646,,{0639A2BF-D031-2945-E063-782F520A104C},258433
-77.0369613089055,38.9342163862221,PM10524211,2622 1234,10524211,,Northbrook II Condominium,,,3426 16TH ST NW,NORTHBROOK CONDO II,1,3426 16th St NW,WASHINGTON,DC,20009,1901,Multifamily Housing,61151,61151.0,66,ENERGYSTARSCORE,2019,Multifamily Housing,80,,,Meets BEPS,2023/05/04 04:00:00+00,38.93420859,-77.03695901,396795.57015305,140703.38972162,226328,,{0639A2BF-D032-2945-E063-782F520A104C},258434
-77.0535959695845,38.9031030662881,PM10524218,0015 2001,10524218,,Swarthmore Condominium,,,1010 25TH ST NW,THE SWARTHMORE CONDO,2,1010 25th St NW,WASHINGTON,DC,20037,1938,Multifamily Housing,58440,59358.0,66,ENERGYSTARSCORE,2019,Multifamily Housing,64,-1.44%,-1.44%,Does Not Meet BEPS,2023/09/13 04:00:00+00,38.90309528,-77.05359367,395351.27992798,137250.26705943,274889,,{0639A2BF-D033-2945-E063-782F520A104C},258435
-76.9635959691189,38.8519641597395,PM10524229,5720 1713,10524229,,The Christopher Condominium,,,3113 NAYLOR RD SE,THE CHRISTOPHER CONDOMINIUM,8,3101 Naylor Road SE,WASHINGTON,DC,20020,1965,Multifamily Housing,69327,69327.0,66,ENERGYSTARSCORE,2019,Multifamily Housing,71,,,Meets BEPS,2023/09/25 04:00:00+00,38.85195638,-76.9635937,403160.14998645,131572.72701296,278322,,{0639A2BF-D034-2945-E063-782F520A104C},258436
-77.054431020946,38.9022329232803,PM10526618,0016 2006,10526618,,Griffin Condominium,,,955 26TH ST NW,THE GRIFFIN CONDO,2,955 26th St NW,WASHINGTON,DC,20037,1985,Multifamily Housing,77638,121186.0,66,ENERGYSTARSCORE,2019,Multifamily Housing,18,-28.64%,-20.00%,Does Not Meet BEPS,2023/09/14 04:00:00+00,38.90222514,-77.05442872,395278.79002832,137153.71737034,274742,,{0639A2BF-D035-2945-E063-782F520A104C},258437
-77.0358409208225,38.923659082262,PM10527096,2574 0036,10527096,,Ame at Meridian Hill,,,2601 16TH ST NW,HOWARD UNIVERSITY,1,2601 16th Street NW,WASHINGTON,DC,20009,2018,Multifamily Housing,166984,227412.0,66,ENERGYSTARSCORE,2019,Multifamily Housing,98,,,Meets BEPS,2023/09/15 04:00:00+00,38.92365129,-77.03583862,396892.25040567,139531.39992961,235844,,{0639A2BF-D036-2945-E063-782F520A104C},258438
-77.0335716676015,38.9070409711916,PM10527169,0212 2227,10527169,,Towne Terrace West Condominium,,,1440 N ST NW,TOWNE TERRACE WEST CONDO,2,1440 N St NW,WASHINGTON,DC,20005,1960,Multifamily Housing,57887,83376.0,66,ENERGYSTARSCORE,2019,Multifamily Housing,66,,,Meets BEPS,2023/05/04 04:00:00+00,38.90703318,-77.03356937,397088.35027574,137686.57668606,226170,,{0639A2BF-D037-2945-E063-782F520A104C},258439
-77.021678688699,38.8994219040925,PM10527189,0455 3075,10527189,,Residences at Gallery Place,,,777 7TH ST NW,THE RESIDENCES @ GALLERY PLACE,2,777 7th St NW,WASHINGTON,DC,20001,2005,Multifamily Housing,150169,150169.0,66,ENERGYSTARSCORE,2019,Multifamily Housing,53,-8.55%,-8.55%,Does Not Meet BEPS,2023/09/13 04:00:00+00,38.89941412,-77.0216764,398119.68986534,136840.48735295,297664,,{0639A2BF-D038-2945-E063-782F520A104C},258440
-77.0180180734893,38.9022325035647,PM10527396,0516 0061,10527396,,450K,,,452 K ST NW,450 K CAP LLC,6,450 K Street NW,WASHINGTON,DC,20001,2014,Multifamily Housing,223804,181504.0,66,ENERGYSTARSCORE,2019,Multifamily Housing,37,-17.62%,-17.62%,Does Not Meet BEPS,2023/09/22 04:00:00+00,38.90222472,-77.01801578,398437.29036487,137152.4174895,310134,,{0639A2BF-D039-2945-E063-782F520A104C},258441
-76.9721810549769,38.9207049795384,PM10529897,4258 0138,10529897,,The Children's Guild,,,2146 24TH PL NE,2146 24TH PL B&B LLC,5,2146 24th Place NE,WASHINGTON,DC,20018,2015,K-12 School,61584,61548.0,36,ENERGYSTARSCORE,2019,K-12 School,87,,,Meets BEPS,2023/08/09 04:00:00+00,38.92069719,-76.97217878,402412.6198994,139203.22742951,51191,,{0639A2BF-D03A-2945-E063-782F520A104C},258442
-77.0328490134829,38.9563654467718,PM10530081,2801 0803,10530081,,Madison Terrace Cooperative,,,5501 COLORADO AVE NW,MADISON TRUSTEE COOPERATIVE INC,4,1365 Kennedy Street NW,WASHINGTON,DC,20011,1936,Multifamily Housing,50739,44439.0,66,ENERGYSTARSCORE,2019,Multifamily Housing,46,-12.62%,-12.62%,Does Not Meet BEPS,2023/09/19 04:00:00+00,38.95635765,-77.03284672,397152.99967659,143161.99717309,254854,,{0639A2BF-D03B-2945-E063-782F520A104C},258443
-77.0379501763815,38.9135669871383,PM10530092,0178 0092,10530092,,Rutland Courts Owners Inc,,,1725 17TH ST NW,RUTLAND COURT OWNERS INC,2,1725 17th Street NW,WASHINGTON,DC,20009,1920,Multifamily Housing,86244,85260.0,66,ENERGYSTARSCORE,2019,Multifamily Housing,96,,,Meets BEPS,2023/05/27 04:00:00+00,38.9135592,-77.03794788,396708.88001728,138411.16726401,241977,,{0639A2BF-D03C-2945-E063-782F520A104C},258444
-76.9402380203793,38.8700247427741,PM10530447,5367 0051,10530447,,Rocketship Legacy Prep,,,4250 MASSACHUSETTS AVE SE,TA WASHINGTON 4250 MASS,7,"4250 Massachusetts Ave., SE",WASHINGTON,DC,20019,2018,K-12 School,53000,53429.0,36,ENERGYSTARSCORE,2019,K-12 School,59,,,Meets BEPS,2023/08/03 04:00:00+00,38.87001696,-76.94023576,405186.35976394,133578.65017712,278515,,{0639A2BF-D03D-2945-E063-782F520A104C},258445
-77.0342706457467,38.9134250719101,PM10531930,0207 2515,10531930,,Bishop's Gate - 1715 15th St. NW,,,1715 15TH ST NW,BISHOPS GATE CONDOMINIUM,2,1715 15th St. NW,WASHINGTON,DC,20009,1927,Multifamily Housing,62766,62766.0,66,ENERGYSTARSCORE,2019,Multifamily Housing,88,,,Meets BEPS,2023/05/25 04:00:00+00,38.91341728,-77.03426835,397027.99006215,138395.28674635,238067,,{0639A2BF-D03E-2945-E063-782F520A104C},258446
-77.0157215813391,38.8771109944687,PM10532383,0542 2962,10532383,,Waterfront Tower Condominium,,,1101 3RD ST SW,WATERFRONT TOWER,6,1101 3rd Street SW,WASHINGTON,DC,20024,1962,Multifamily Housing,84216,84216.0,66,ENERGYSTARSCORE,2019,Multifamily Housing,81,,,Meets BEPS,2023/09/24 04:00:00+00,38.87710321,-77.01571929,398636.01037334,134363.69683614,297742,,{0639A2BF-D03F-2945-E063-782F520A104C},258447
-77.053327110439,38.910337435613,PM10536907,1264E 0029,10536907,,HighBridge Apartments,,,2512 Q ST NW,2512 ASSOCIATES,2,2512 Q Street NW,WASHINGTON,DC,20007,2018,Multifamily Housing,67184,83011.0,66,ENERGYSTARSCORE,2019,Multifamily Housing,70,,,Meets BEPS,2023/07/15 04:00:00+00,38.91032965,-77.05332481,395375.06997112,138053.32729736,276317,,{0639A2BF-D040-2945-E063-782F520A104C},258448
-76.971342160665,38.8586541765895,PM10560926,5740 0296,10560926,,2425 25th St SE,,,2425 25TH ST SE,2425 25TH STREET SE LLC,8,2425 25th St SE,WASHINGTON,DC,20020,1983,Medical Office,138837,138837.0,62,ENERGYSTARSCORE,2019,Medical Office,54,,,Does Not Meet BEPS,2023/05/04 04:00:00+00,38.8586464,-76.97133989,402487.52987585,132315.12748061,287047,,{0639A2BF-D041-2945-E063-782F520A104C},258449
-77.0427028536788,38.9075408725437,PM1056237,0138 0804,1056237,,1300 Connecticut Avenue NW,,,1300 CONNECTICUT AVE NW,TRT 1300 CONNECTICUT AVE OWNER LLC,2,1300 Connecticut Avenue NW,WASHINGTON,DC,20036,1954,Office,147560,134864.0,71,ENERGYSTARSCORE,2019,Office_all,74,,,Meets BEPS,2023/05/04 04:00:00+00,38.90753308,-77.04270056,396296.37968613,137742.40050957,218073,,{0639A2BF-D042-2945-E063-782F520A104C},258450
-77.038887484397,38.9040562069112,PM1061926,0162 0092,1061926,,1100 17th Street NW,,,1100 17TH ST NW,1100 17TH STREET OWNER LLC,2,1100 17th Street NW,WASHINGTON,DC,20036,1963,Office,157120,152735.0,71,ENERGYSTARSCORE,2019,Office_all,79,,,Meets BEPS,2023/06/28 04:00:00+00,38.90404842,-77.03888519,396627.13987018,137355.42707255,241793,,{0639A2BF-D043-2945-E063-782F520A104C},258451
-77.0062552854235,38.8752187794944,PM10656921,0701 7040,10656921,,F1rst Residences,,,1263 1ST ST SE,1263 FIRST STREET LLC,6,1263 1st St SE,WASHINGTON,DC,20003,2017,Multifamily Housing,301262,330133.0,66,ENERGYSTARSCORE,2019,Multifamily Housing,100,,,Meets BEPS,2023/09/20 04:00:00+00,38.875211,-77.006253,399457.40212586,134153.54838514,277935,,{0639A2BF-D044-2945-E063-782F520A104C},258452
-77.0440490451542,38.9015944627737,PM1066315,0086 0845,1066315,,900 19th St,,,1911 I ST NW,PRESIDENTIAL PLAZA LP DELWARE LIMITED,2,900 19th Street NW,WASHINGTON,DC,20006,1985,Office,159565,156846.0,71,ENERGYSTARSCORE,2019,Office_all,83,,,Meets BEPS,2023/05/04 04:00:00+00,38.90158668,-77.04404675,396179.29980969,137082.35745541,242553,,{0639A2BF-D045-2945-E063-782F520A104C},258453
-77.0084563792501,38.9020208367632,PM1069662,0675 0853,1069662,,(SOLD) 999 North Capitol Street NE,,,999 NORTH CAPITOL ST NE,US UNION SQUARE DC 999 LLC,6,999 North Capitol Street NE,WASHINGTON,DC,20002,1973,Office,322375,321544.0,71,ENERGYSTARSCORE,2019,Office_all,87,,,Meets BEPS,2023/05/04 04:00:00+00,38.90201305,-77.00845409,399266.68025647,137128.80016932,308941,,{0639A2BF-D046-2945-E063-782F520A104C},258454
-77.0222768472011,38.9011563512871,PM1069664,0403 0839,1069664,,0900 Seventh Street NW (IBEW),,,900 7TH ST NW,IBEW HEADQUARTERS BUILDING LLC,2,900 Seventh Street NW,WASHINGTON,DC,20001,2004,Office,300218,374947.0,71,ENERGYSTARSCORE,2019,Office_all,68,-4.72%,-4.72%,Does Not Meet BEPS,2023/09/13 04:00:00+00,38.90114856,-77.02227456,398067.84970988,137033.03659068,300396,,{0639A2BF-D047-2945-E063-782F520A104C},258455
-77.0286497834394,38.9021329094844,PM1070151,0285 0049,1070151,,1200 K Street,,,1200 K ST NW,1200 K STREET II CO LLC,2,1200 K Street NW,WASHINGTON,DC,20005,1992,Office,567863,429454.7,71,ENERGYSTARSCORE,2019,Office_all,86,,,Meets BEPS,2023/05/04 04:00:00+00,38.90212512,-77.02864749,397515.08007373,137141.59678617,240925,,{0639A2BF-D048-2945-E063-782F520A104C},258456
-77.0324111042704,38.9021751665895,PM1071004,0218 0079,1071004,,1400 K Street,,,1400 K ST NW,1400 K CO LLC,2,"1400 K Street, NW",WASHINGTON,DC,20005,1982,Office,292090,212651.0,71,ENERGYSTARSCORE,2019,Office_all,85,,,Meets BEPS,2023/05/04 04:00:00+00,38.90216738,-77.03240881,397188.82004409,137146.39709291,240269,,{0639A2BF-D049-2945-E063-782F520A104C},258457
-77.042113604961,38.9067931772157,PM1071476,0139 0816,1071476,,1250 Conn Ave,,,1226 CONNECTICUT AVE NW,1250C CO LLC,2,1250 Connecticut Ave NW,WASHINGTON,DC,20036,1964,Office,232204,178185.0,71,ENERGYSTARSCORE,2019,Office_all,81,,,Meets BEPS,2023/05/04 04:00:00+00,38.90678539,-77.04211131,396347.44981749,137659.37708666,241295,,{0639A2BF-D04A-2945-E063-782F520A104C},258458
-77.0454167576958,38.9033685314088,PM1071644,0076 0865,1071644,,2000 L,9138465,Alexander Court,2001 K ST NW,2000 L OWNER LLC,2,2000 L St N.W,WASHINGTON,DC,20036,1968,Office,469183,626083.0,71,ENERGYSTARSCORE,2019,Office_all,73,,,Meets BEPS,2023/08/04 04:00:00+00,38.90336074,-77.04541446,396060.75998337,137279.35053079,243349,,{0639A2BF-D04B-2945-E063-782F520A104C},258459
-77.045253216673,38.9061759311848,PM1071901,0099 0053,1071901,,2001 M Street,,,2001 M ST NW,POST OFFICE BOX ASSOCIATES LLC,2,2001M St. N.W.,WASHINGTON,DC,20036,2015,Office,350620,302126.0,71,ENERGYSTARSCORE,2019,Office_all,76,,,Meets BEPS,2023/09/21 04:00:00+00,38.90616814,-77.04525092,396075.09988423,137590.98761923,279507,,{0639A2BF-D04C-2945-E063-782F520A104C},258460
-77.0322663432125,38.897161062631,PM1082453,0225 0033,1082453,,The Willard Office Building,,,1400 F ST NW,WILLARD ASSOCIATES,2,1455 Pennsylvania Ave. N.W.,WASHINGTON,DC,20004,1986,Office,349863,262770.0,71,ENERGYSTARSCORE,2019,Office_all,75,,,Meets BEPS,2023/05/04 04:00:00+00,38.89715328,-77.03226405,397201.17998292,136589.78742072,299578,,{0639A2BF-D04D-2945-E063-782F520A104C},258461
-77.0743408832578,38.9105685765334,PM10825501,1321 0826,10825501,,Medstar - Georgetown University Hospital - 52618,,,3750 RESERVOIR RD NW,PRESIDENT & DIRECTORS OF GEORGETOWN,2,3800 Reservoir Road NW,WASHINGTON,DC,20007,1975,Hospital (General Medical & Surgical),147670,1123429.0,50,ENERGYSTARSCORE,2019,Hospital,21,-13.79%,-13.79%,Does Not Meet BEPS,2023/05/04 04:00:00+00,38.91056079,-77.07433858,393552.53964685,138080.2601135,291547,,{0639A2BF-D04E-2945-E063-782F520A104C},258462
-77.0215111604782,38.8970457990526,PM1083462,0456 3068,1083462,,Terrell Place,,,575 7TH ST NW,TERRELL PLACE PROPERTY LLC,2,"575 7th Street, NW",WASHINGTON,DC,20004,2003,Office,455476,557373.0,71,ENERGYSTARSCORE,2019,Office_all,79,,,Meets BEPS,2023/05/04 04:00:00+00,38.89703801,-77.02150887,398134.16003664,136576.7167498,279832,,{0639A2BF-D04F-2945-E063-782F520A104C},258463
-77.0000984578788,38.9207157041037,PM10995505,3629 0012,10995505,,2321 4TH STREET NE,,,2321 4TH ST NE,2321 4TH STREET LLC,5,2321 4TH STREET NE,WASHINGTON,DC,20002,2016,Multifamily Housing,123329,123329.0,66,ENERGYSTARSCORE,2019,Multifamily Housing,79,,,Meets BEPS,2023/05/25 04:00:00+00,38.92070791,-77.00009617,399991.66026419,139204.0498075,289738,,{0639A2BF-D050-2945-E063-782F520A104C},258464
-77.024570379255,38.9053919803982,PM11101130,0369 2805,11101130,,Whitman Condominium,,,910 M ST NW,THE WHITMAN,2,910 M Street NW,WASHINGTON,DC,20001,2006,Multifamily Housing,177379,177379.0,66,ENERGYSTARSCORE,2019,Multifamily Housing,18,-28.64%,-20.00%,Does Not Meet BEPS,2023/09/14 04:00:00+00,38.90538419,-77.02456809,397869.0298037,137503.27677464,300398,,{0639A2BF-D051-2945-E063-782F520A104C},258465
-77.0030868650301,38.8410210229608,PM11117601,5978 0005,11117601,,Early Learning Center,,,3400 MARTIN LUTHER KING JR AVE SE,NATIONAL CHILDRENS CENTER INC,8,3400 Martinluther King Jr Ave SE,WASHINGTON,DC,20032,1993,Pre-school/Daycare,81540,54000.0,131,WEATHERNORMALZEDSOUREUI_KBTUFT,2019,Preschool/daycare,265,-50.57%,-20.00%,Does Not Meet BEPS,2023/09/13 04:00:00+00,38.84101325,-77.00308458,399732.21035814,130357.33735714,35265,,{0639A2BF-D052-2945-E063-782F520A104C},258466
-77.039531312844,38.9064478886143,PM1127988,0159 0860,1127988,,1717 Rhode Island - 2021,,,1717 RHODE ISLAND AVENUE NW,ROMAN CATHOLIC ARCHBISHOP OF WASHINGTON,2,"1717 Rhode Island Avenue, NW",WASHINGTON,DC,20036,2004,Office,157050,170785.0,71,ENERGYSTARSCORE,2019,Office_all,54,-21.93%,-20.00%,Does Not Meet BEPS,2023/09/14 04:00:00+00,38.9064401,-77.03952902,396571.40970536,137620.94693443,294454,,{0639A2BF-D053-2945-E063-782F520A104C},258467
-77.0829388644413,38.9297162847076,PM11285201,1699 2425,11285201,,4200 Cathedral Ave Condo,,,4200 CATHEDRAL AVE NW,4200 CATHEDRAL CONDO,3,4200 Cathedral Avenue,WASHINGTON,DC,20016,1957,Multifamily Housing,166906,177000.0,66,ENERGYSTARSCORE,2019,Multifamily Housing,59,-4.81%,-4.81%,Does Not Meet BEPS,2023/06/13 04:00:00+00,38.92970849,-77.08293655,392808.76028238,140206.45759816,224794,,{0639A2BF-D054-2945-E063-782F520A104C},258468
-77.0258080361815,38.8971398768918,PM1146829,0377 0044,1146829,,Jemal's Atlantic,,,527 10TH ST NW,JEMAL'S ATLANTIC LLC,2,"950 F Street, NW",WASHINGTON,DC,20004,2008,Office,297109,270818.0,71,ENERGYSTARSCORE,2019,Office_all,87,,,Meets BEPS,2023/06/22 04:00:00+00,38.89713209,-77.02580574,397761.42041489,136587.25697387,239832,,{0639A2BF-D055-2945-E063-782F520A104C},258469
-77.0424642475382,38.9035628351192,PM1159361,0107 0075,1159361,,MAPS 1801 K Street LLC,,,1822 L ST NW,MAPS 180 K STREET LLC,2,"1801 K Street, NW",WASHINGTON,DC,20006,1971,Office,818524,620265.0,71,ENERGYSTARSCORE,2019,Office_all,70,-1.62%,-1.62%,Does Not Meet BEPS,2023/09/14 04:00:00+00,38.90355505,-77.04246195,396316.87004875,137300.79724554,279398,,{0639A2BF-D056-2945-E063-782F520A104C},258470
-77.055102947042,38.8978098899479,PM1163866,0008 0811,1163866,,Watergate 600,,,600 NEW HAMPSHIRE AVE NW,WASHREIT WATERGATE 600 OP LP,2,600 New Hampshire Ave NW,WASHINGTON,DC,20037,1972,Office,363050,328391.0,71,ENERGYSTARSCORE,2019,Office_all,72,,,Meets BEPS,2023/05/04 04:00:00+00,38.8978021,-77.05510065,395220.20969446,136662.7595286,279838,,{0639A2BF-D057-2945-E063-782F520A104C},258471
-77.029398876856,38.8981414791488,PM1180478,0289 0830,1180478,,0601 Thirteenth Street NW (Homer),,,607 13TH ST NW,S KANN SONS COMPANY,2,"601 13th Street, NW",WASHINGTON,DC,20005,1990,Office,678600,494796.0,71,ENERGYSTARSCORE,2019,Office_all,64,-10.32%,-10.32%,Does Not Meet BEPS,2023/09/19 04:00:00+00,38.89813369,-77.02939658,397449.96037101,136698.53673089,240933,,{0639A2BF-D058-2945-E063-782F520A104C},258472
-77.0182011553192,38.8841945898926,PM1184444,0494 0032,1184444,,400 Virginia Avenue,,,400 VIRGINIA AVE SW,400 VIRGINIA AVENUE LLC,6,400 Virginia Avenue SW,WASHINGTON,DC,20024,1986,Office,304209,252289.0,71,ENERGYSTARSCORE,2019,Office_all,79,,,Meets BEPS,2023/05/04 04:00:00+00,38.88418681,-77.01819887,398421.00974667,135150.07049263,28349,,{0639A2BF-D059-2945-E063-782F520A104C},258473
-77.0285616229728,38.9016391829877,PM1188995,0285 0048,1188995,,1201 Eye Street,,,1201 I ST NW,"1201 EYE STREET NW ASSOCIATES, LLC",2,1201 Eye Street NW,WASHINGTON,DC,20005,2002,Office,274387,305868.0,71,ENERGYSTARSCORE,2019,Office_all,85,,,Meets BEPS,2023/05/04 04:00:00+00,38.9016314,-77.02855933,397522.71003847,137086.78749669,240924,,{0639A2BF-D05A-2945-E063-782F520A104C},258474
-77.029162148092,38.9016577810112,PM1188996,0285 0047,1188996,,1225 Eye Street,,,1225 I ST NW,1225 EYE STREET NW ASSOCIATES LLC,2,1225 Eye Street NW,WASHINGTON,DC,20005,1988,Office,310153,248131.0,71,ENERGYSTARSCORE,2019,Office_all,75,,,Meets BEPS,2023/05/04 04:00:00+00,38.90164999,-77.02915986,397470.61959851,137088.86760409,240923,,{0639A2BF-D05B-2945-E063-782F520A104C},258475
-77.039778664444,38.8995079471099,PM1191010,0166 0032,1191010,,1701 Pennsylvania Ave.,,,700 17TH ST NW,1701 PENNSYLVANIA LLC,2,1701 Pennsylvania Ave.,WASHINGTON,DC,20006,1962,Office,263216,220603.0,71,ENERGYSTARSCORE,2019,Office_all,84,,,Meets BEPS,2023/05/04 04:00:00+00,38.89950016,-77.03977637,396549.61987424,136850.56694501,218414,,{0639A2BF-D05C-2945-E063-782F520A104C},258476
-77.020449260479,38.8951517374405,PM1192428,0457 0038,1192428,,The Patrick Henry Building,,,601 D ST NW,601 D STREET OWNER LLC,2,"601 D Street, NW",WASHINGTON,DC,20004,1973,Office,603712,541518.0,153,WEATHERNORMALZEDSOUREUI_KBTUFT,2019,Office_all,124.7,,,Meets BEPS,2023/05/04 04:00:00+00,38.89514395,-77.02044697,398226.23007546,136366.43989074,238714,,{0639A2BF-D05D-2945-E063-782F520A104C},258477
-77.0368817091824,38.925042229311,PM11933731,2578 0833,11933731,,Modera Sedici (md029),,,2700 16TH ST NW,MCREF EMBASSY LLC,1,2700 16th St NW,WASHINGTON,DC,20009,2018,Multifamily Housing,159949,139405.0,66,ENERGYSTARSCORE,2019,Multifamily Housing,72,,,Meets BEPS,2023/09/22 04:00:00+00,38.92503444,-77.03687941,396802.06022815,139684.9772839,235882,,{0639A2BF-D05E-2945-E063-782F520A104C},258478
-76.9830795304256,38.8700918409367,PM11934133,5604 0219,11934133,,Anacostia High School,,,1601 16TH STREET SE,DISTRICT OF COLUMBIA,8,"1601 16th Street SE, Washington, DC, US, 20020",WASHINGTON,DC,20020,1935,K-12 School,224733,209902.0,36,ENERGYSTARSCORE,2019,K-12 School,39,,,Meets BEPS,2023/09/20 04:00:00+00,38.87008406,-76.98307725,401468.56034544,133584.537206,155922,,{0639A2BF-D05F-2945-E063-782F520A104C},258479
-77.0129112747212,38.8767910004335,PM11959462,0595 0811,11959462,,First District Headquarters,,,101 M STREET SW,DISTRICT OF COLUMBIA,6,101 M Street SW,WASHINGTON,DC,20024,1931,Police Station,42978,88169.0,185,WEATHERNORMALZEDSOUREUI_KBTUFT,2019,Fire station/police station,164.6,,,Meets BEPS,2023/08/30 04:00:00+00,38.87678322,-77.01290899,398879.8598768,134328.13728861,152387,,{0639A2BF-D060-2945-E063-782F520A104C},258480
-77.0325239115617,38.9005327583083,PM1196655,0220 0066,1196655,,City Center,,,1401 H ST NW,"TREA 1401, LLC",2,"1401 H Street, NW",WASHINGTON,DC,20005,1992,Office,480132,375156.0,71,ENERGYSTARSCORE,2019,Office_all,80,,,Meets BEPS,2023/05/04 04:00:00+00,38.90052497,-77.03252162,397178.96981471,136964.07986496,217998,,{0639A2BF-D061-2945-E063-782F520A104C},258481
-77.0029452907479,38.8798460004018,PM11999181,0766 0038,11999181,,200 I Street Municipal Building,,,200 I STREET SE,DISTRICT OF COLUMBIA,6,200 I Street SE,WASHINGTON,DC,20003,2010,Office,423081,440069.0,71,ENERGYSTARSCORE,2019,Office_all,82,,,Meets BEPS,2023/09/23 04:00:00+00,38.87983822,-77.00294301,399744.63978511,134667.19040176,308596,,{0639A2BF-D062-2945-E063-782F520A104C},258482
-76.9933282763363,38.850564445598,PM11999182,5868S 0830,11999182,,801 East Shelter,,,2700 MARTIN LUTHER KING JR AV SE,DISTRICT OF COLUMBIA,8,2700 Martin Luther King Jr Avenue SE,WASHINGTON,DC,20032,1950,Other - Lodging/Residential,60846,61877.0,143,WEATHERNORMALZEDSOUREUI_KBTUFT,2019,Lodging,180.1,-20.60%,-20.00%,Does Not Meet BEPS,2023/09/22 04:00:00+00,38.85055667,-76.993326,400579.32981673,131416.7403186,301562,,{0639A2BF-D063-2945-E063-782F520A104C},258483
-76.9337031785157,38.897009600856,PM11999184,5146 0808,11999184,,Aiton Elementary School,,,533 48TH PLACE NE,DISTRICT OF COLUMBIA,7,533 48TH PLACE NE,WASHINGTON,DC,20019,1960,K-12 School,57804,57100.0,36,ENERGYSTARSCORE,2019,K-12 School,46,,,Meets BEPS,2023/09/18 04:00:00+00,38.89700181,-76.93370092,405751.27963673,136574.56691142,294490,,{0639A2BF-D064-2945-E063-782F520A104C},258484
-77.0181275873215,38.8795231839622,PM11999185,0498 0886,11999185,,Amidon-Bowen Elementary School,,,401 I STREET SW,DISTRICT OF COLUMBIA,6,401 I STREET SW,WASHINGTON,DC,20024,1960,K-12 School,46382,70100.0,36,ENERGYSTARSCORE,2019,K-12 School,28,-8.11%,-20.00%,Does Not Meet BEPS,2023/09/19 04:00:00+00,38.8795154,-77.0181253,398427.28994699,134631.50693652,294482,,{0639A2BF-D065-2945-E063-782F520A104C},258485
-76.9979259499921,38.8639458248878,PM11999262,5861 0090,11999262,,821 Howard Road SE,,,821 HOWARD ROAD SE,DISTRICT OF COLUMBIA,8,821 Howard Road SE,WASHINGTON,DC,20020,1975,Medical Office,24430,24430.0,62,ENERGYSTARSCORE,2019,Medical Office,64,,,Meets BEPS,2023/09/16 04:00:00+00,38.86393804,-76.99792367,400180.19993917,132902.14956829,278626,,{0639A2BF-D066-2945-E063-782F520A104C},258486
-76.9755267272984,38.9192854750848,PM11999263,PAR 01540064,11999263,,Adams Municipal Warehouse Facility,,,2200 ADAMS PLACE NE,DISTRICT OF COLUMBIA,5,2000-2200 Adams Place NE,WASHINGTON,DC,20018,1983,Non-Refrigerated Warehouse,171704,300288.0,103,WEATHERNORMALZEDSOUREUI_KBTUFT,2019,Warehouse_all,46.3,,,Meets BEPS,2023/09/22 04:00:00+00,38.91927768,-76.97552445,402122.53001805,139045.56676825,286574,,{0639A2BF-D067-2945-E063-782F520A104C},258487
-77.0253687271358,38.9163001023423,PM11999264,0361 0837,11999264,,African American Civil War Museum/Grimke School,,,1923 VERMONT AVENUE NW,DISTRICT OF COLUMBIA,1,1923 VERMONT AVENUE NW,WASHINGTON,DC,20001,2014,Other - Public Services,54638,54638.0,229,WEATHERNORMALZEDSOUREUI_KBTUFT,2019,Other,77.7,,,Meets BEPS,2023/05/04 04:00:00+00,38.91629231,-77.02536643,397800.12040782,138714.18679949,239514,,{0639A2BF-D068-2945-E063-782F520A104C},258488
-77.0013647757232,38.8385194355978,PM12001672,PAR 02430059,12001672,,Ballou High School/Ballou STAY High School,,,3401 4TH STREET SE,DISTRICT OF COLUMBIA,8,3401 4TH STREET SE,WASHINGTON,DC,20032,2014,K-12 School,356000,356295.0,36,ENERGYSTARSCORE,2019,K-12 School,32,-4.07%,-20.00%,Does Not Meet BEPS,2023/09/19 04:00:00+00,38.83851166,-77.0013625,399881.70960988,130079.64001544,294567,,{0639A2BF-D069-2945-E063-782F520A104C},258489
-77.0405557424907,38.9343261495006,PM12001673,2619 0654,12001673,,Bancroft Elementary School,,,1755 NEWTON STREET NW,DISTRICT OF COLUMBIA,1,1755 NEWTON STREET NW,WASHINGTON,DC,20010,2000,K-12 School,214668,132431.0,36,ENERGYSTARSCORE,2019,K-12 School,76,,,Meets BEPS,2023/07/21 04:00:00+00,38.93431836,-77.04055344,396483.93036657,140715.70745521,294528,,{0639A2BF-D06A-2945-E063-782F520A104C},258490
-76.9963052849244,38.8603327781063,PM12001674,5862 0959,12001674,,Barry Farm Recreation/Aquatic Center,,,1230 SUMNER ROAD SE,DISTRICT OF COLUMBIA,8,1230 Sumner Road SE,WASHINGTON,DC,20020,2016,Fitness Center/Health Club/Gym,32300,32300.0,206,WEATHERNORMALZEDSOUREUI_KBTUFT,2019,Recreation,342.3,-39.82%,-20.00%,Does Not Meet BEPS,2023/09/22 04:00:00+00,38.860325,-76.996303,400320.87043011,132501.08024684,285960,,{0639A2BF-D06B-2945-E063-782F520A104C},258491
-77.0239440031379,38.9235875997433,PM12001675,2882 0936,12001675,,Benjamin Banneker High School,,,2520 GEORGIA AVENUE NW,DISTRICT OF COLUMBIA,1,800 EUCLID STREET NW,WASHINGTON,DC,20001,1939,K-12 School,41300,167238.0,36,ENERGYSTARSCORE,2019,K-12 School,71,,,Meets BEPS,2023/08/10 04:00:00+00,38.92357981,-77.02394171,397923.89006106,139523.12725705,294496,,{0639A2BF-D06C-2945-E063-782F520A104C},258492
-76.9478074754934,38.8941416696107,PM12001676,5051N 0018,12001676,,Benning (Dorothy I. Height) Library,,,3935 BENNING ROAD NE,DISTRICT OF COLUMBIA,7,3935 Benning Road NE,WASHINGTON,DC,20019,2010,Library,22000,22000.0,206,WEATHERNORMALZEDSOUREUI_KBTUFT,2019,Library,412.9,-50.11%,-20.00%,Does Not Meet BEPS,2023/07/14 04:00:00+00,38.89413388,-76.94780521,404527.949876,136255.4099274,295144,,{0639A2BF-D06D-2945-E063-782F520A104C},258493
-76.9471822676488,38.8885577901846,PM12001677,5407 0807,12001677,,Benning Stoddert Recreation Center,,,200 STODDERT PL SE,DISTRICT OF COLUMBIA,7,100 Stoddert Place SE,WASHINGTON,DC,20019,1965,Fitness Center/Health Club/Gym,14300,14300.0,206,WEATHERNORMALZEDSOUREUI_KBTUFT,2019,Recreation,184.1,,,Meets BEPS,2023/07/14 04:00:00+00,38.88855,-76.94718,404582.54610948,135635.58674133,295821,,{0639A2BF-D06E-2945-E063-782F520A104C},258494
-77.0236396707447,38.9336668832586,PM12001678,3038 0834,12001678,,Bernice Fonteneau Senior Wellness Center,,,3531 GEORGIA AVENUE NW,DISTRICT OF COLUMBIA,1,3531 Georgia Avenue NW,WASHINGTON,DC,20010,2010,Social/Meeting Hall,11695,12056.0,192,WEATHERNORMALZEDSOUREUI_KBTUFT,2019,Social/meeting,192,,,Meets BEPS,2023/07/21 04:00:00+00,38.93365909,-77.02363738,397950.56980827,140642.00709363,228763,,{0639A2BF-D06F-2945-E063-782F520A104C},258495
-76.9738988810139,38.8725720828516,PM12001680,5561 0092,12001680,,Boone Elementary School,,,2200 MINNESOTA AVENUE SE,DISTRICT OF COLUMBIA,8,2200 MINNESOTA AVENUE SE,WASHINGTON,DC,20020,1959,K-12 School,68020,77014.0,36,ENERGYSTARSCORE,2019,K-12 School,69,,,Meets BEPS,2023/09/18 04:00:00+00,38.8725643,-76.97389661,402265.17976371,133860.05008679,294539,,{0639A2BF-D070-2945-E063-782F520A104C},258496
-77.0013967805963,38.8847383948877,PM12001681,0792 0033,12001681,,Brent Elementary School,,,301 NORTH CAROLINA AVENUE SE,DISTRICT OF COLUMBIA,6,301 NORTH CAROLINA AVENUE SE,WASHINGTON,DC,20003,1968,K-12 School,36846,49750.0,36,ENERGYSTARSCORE,2019,K-12 School,33,-3.05%,-20.00%,Does Not Meet BEPS,2023/09/21 04:00:00+00,38.88473061,-77.0013945,399879.00978791,135210.28001977,294479,,{0639A2BF-D071-2945-E063-782F520A104C},258497
-77.0306911431659,38.9605435335031,PM12001682,2794 0020,12001682,,Brightwood Education Campus,,,1300 NICHOLSON STREET NW,DISTRICT OF COLUMBIA,4,1300 NICHOLSON STREET NW,WASHINGTON,DC,20011,1926,K-12 School,39469,94520.0,36,ENERGYSTARSCORE,2019,K-12 School,39,,,Meets BEPS,2023/09/19 04:00:00+00,38.96053573,-77.03068885,397340.18968497,143625.73752819,294515,,{0639A2BF-D072-2945-E063-782F520A104C},258498
-76.9911502832492,38.9387176682742,PM12001683,3888 0082,12001683,,Brookland Middle School,,,1150 MICHIGAN AVENUE NE,DISTRICT OF COLUMBIA,5,1150 Michigan Avenue NE,WASHINGTON,DC,20007,2014,K-12 School,100000,122489.0,36,ENERGYSTARSCORE,2019,K-12 School,59,,,Meets BEPS,2023/09/23 04:00:00+00,38.93870987,-76.991148,400767.44000905,141202.45978435,294507,,{0639A2BF-D073-2945-E063-782F520A104C},258499
-76.9706693326616,38.902606671211,PM12001684,4486 0802,12001684,,Browne Education Campus/Phelps ACE High School,,,850 26TH STREET NE,DISTRICT OF COLUMBIA,5,850 26TH STREET NE,WASHINGTON,DC,20002,2008,K-12 School,577342,396887.0,36,ENERGYSTARSCORE,2019,K-12 School,79,,,Meets BEPS,2023/07/21 04:00:00+00,38.90259888,-76.97066706,402544.35983535,137194.20684491,294501,,{0639A2BF-D074-2945-E063-782F520A104C},258500
-77.0213824081501,38.9343889102264,PM12001685,3033 0830,12001685,,Bruce-Monroe Elementary School @ Park View,,,3560 WARDER STREET NW,DISTRICT OF COLUMBIA,1,3560 WARDER STREET NW,WASHINGTON,DC,20010,1916,K-12 School,54282,73886.0,36,ENERGYSTARSCORE,2019,K-12 School,75,,,Meets BEPS,2023/07/21 04:00:00+00,38.93438112,-77.02138012,398146.29964052,140722.11045576,294583,,{0639A2BF-D075-2945-E063-782F520A104C},258501
-77.013498981407,38.9246988551016,PM12001686,PAR 01080008,12001686,,Bryant Street Garage,,,2500 1ST STREET NW,DISTRICT OF COLUMBIA,1,201 BRYANT STREET NW,WASHINGTON,DC,20001,1975,"Repair Services (Vehicle, Shoe, Locksmith, etc)",253020,36371.0,242,WEATHERNORMALZEDSOUREUI_KBTUFT,2019,Service,392.2,-38.30%,-20.00%,Does Not Meet BEPS,2023/07/14 04:00:00+00,38.92469106,-77.01349669,398829.65018706,139646.29973035,226683,,{0639A2BF-D076-2945-E063-782F520A104C},258502
-76.9849979171258,38.9420202646197,PM12001687,PAR 01470159,12001687,,Bunker Hill Elementary School,,,1401 MICHIGAN AVENUE NE,DISTRICT OF COLUMBIA,5,1401 MICHIGAN AVENUE NE,WASHINGTON,DC,20017,1966,K-12 School,77183,69400.0,36,ENERGYSTARSCORE,2019,K-12 School,10,-28.34%,-20.00%,Does Not Meet BEPS,2023/09/23 04:00:00+00,38.94201247,-76.98499564,401300.76962679,141569.14728932,286131,,{0639A2BF-D077-2945-E063-782F520A104C},258503
-76.9784615018546,38.9336121593241,PM12001688,4203 0800,12001688,,Burroughs Elementary School,,,1800 MONROE STREET NE,DISTRICT OF COLUMBIA,5,1820 MONROE STREET NE,WASHINGTON,DC,20018,1921,K-12 School,104452,71119.0,36,ENERGYSTARSCORE,2019,K-12 School,21,-15.34%,-20.00%,Does Not Meet BEPS,2023/09/22 04:00:00+00,38.93360436,-76.97845922,401867.65025799,140635.88660616,294530,,{0639A2BF-D078-2945-E063-782F520A104C},258504
-76.9244614394887,38.9005735643728,PM12001689,"5207 0808; 5208 0806",12001689,,Burrville Elementary School,,,801 DIVISION AVENUE NE,DISTRICT OF COLUMBIA,7,801 DIVISION AVENUE NE,WASHINGTON,DC,20019,1976,K-12 School,64129,95000.0,36,ENERGYSTARSCORE,2019,K-12 School,37,,,Meets BEPS,2023/09/21 04:00:00+00,38.90056577,-76.92445918,406552.64995232,136970.81763921,289787,,{0639A2BF-D079-2945-E063-782F520A104C},258505
-77.0025687529428,38.8985380954037,PM12001691,0753 0827,12001691,,Capitol Hill Montessori School @ Logan,,,215 G STREET NE,DISTRICT OF COLUMBIA,6,215 G STREET NE,WASHINGTON,DC,20002,1935,K-12 School,51875,47200.0,36,ENERGYSTARSCORE,2019,K-12 School,41,,,Meets BEPS,2023/07/28 04:00:00+00,38.89853031,-77.00256647,399777.36988683,136742.15726665,286687,,{0639A2BF-D07A-2945-E063-782F520A104C},258506
-76.9706693326616,38.902606671211,PM12001692,4486 0802,12001692,,Car Barn Training Center,,,850 26TH STREET NE,DISTRICT OF COLUMBIA,5,2550 Benning Road NE,WASHINGTON,DC,20002,1000,"Repair Services (Vehicle, Shoe, Locksmith, etc)",577342,15000.0,242,WEATHERNORMALZEDSOUREUI_KBTUFT,2019,Service,548.4,-55.87%,-20.00%,Does Not Meet BEPS,2023/09/17 04:00:00+00,38.90259888,-76.97066706,402544.35983535,137194.20684491,312332,,{0639A2BF-D07B-2945-E063-782F520A104C},258507
-77.0284729837642,38.9221806549785,PM12001693,2870 0804,12001693,,Cardozo Education Campus,,,1200 CLIFTON STREET NW,DISTRICT OF COLUMBIA,1,1200 Clifton Street NW,WASHINGTON,DC,20009,1928,K-12 School,256187,355400.0,36,ENERGYSTARSCORE,2019,K-12 School,45,,,Meets BEPS,2023/09/23 04:00:00+00,38.92217286,-77.02847069,397531.11000034,139367.05662567,294513,,{0639A2BF-D07C-2945-E063-782F520A104C},258508
-77.075432033065,38.9655833644787,PM12001694,1866 0823,12001694,,Chevy Chase Community Center,,,5625 CONNECTICUT AVENUE NW,DISTRICT OF COLUMBIA,3,5601 CONNECTICUT AVENUE NW,WASHINGTON,DC,20015,2003,Social/Meeting Hall,59016,31066.0,192,WEATHERNORMALZEDSOUREUI_KBTUFT,2019,Social/meeting,137.2,,,Meets BEPS,2023/09/12 04:00:00+00,38.96557557,-77.07542972,393462.95017557,144187.46045662,263959,,{0639A2BF-D07D-2945-E063-782F520A104C},258509
-77.075432033065,38.9655833644787,PM12001695,1866 0823,12001695,,Chevy Chase Library,,,5625 CONNECTICUT AVENUE NW,DISTRICT OF COLUMBIA,3,5625 CONNECTICUT AVENUE NW,WASHINGTON,DC,20015,1968,Library,59016,24618.0,206,WEATHERNORMALZEDSOUREUI_KBTUFT,2019,Library,214,-3.74%,-20.00%,Does Not Meet BEPS,2023/07/14 04:00:00+00,38.96557557,-77.07542972,393462.95017557,144187.46045662,263960,,{0639A2BF-D07E-2945-E063-782F520A104C},258510
-77.0578954866177,38.9337880139541,PM12001696,2082 0048,12001696,,Cleveland Park Library,,,3310 CONNECTICUT AVENUE NW,DISTRICT OF COLUMBIA,3,3310 CONNECTICUT AVENUE NW,WASHINGTON,DC,20008,1954,Library,17984,21318.0,206,WEATHERNORMALZEDSOUREUI_KBTUFT,2019,Library,92.6,,,Meets BEPS,2023/09/23 04:00:00+00,38.93378022,-77.05789318,394980.50025879,140656.77987689,221190,,{0639A2BF-D07F-2945-E063-782F520A104C},258511
-76.9785462031984,38.8659940079033,PM12001745,5618S 0800,12001745,,Anacostia Library,,,1800 GOOD HOPE ROAD SE,DISTRICT OF COLUMBIA,8,1800 GOOD HOPE ROAD SE,WASHINGTON,DC,20020,2010,Library,21764,22348.0,206,WEATHERNORMALZEDSOUREUI_KBTUFT,2019,Library,207.1,-0.53%,-20.00%,Does Not Meet BEPS,2023/09/18 04:00:00+00,38.86598623,-76.97854393,401862.06986233,133129.73046953,53560,,{0639A2BF-D080-2945-E063-782F520A104C},258512
-76.9699147836703,38.8780064055598,PM12001746,5600 0800,12001746,,Anacostia Recreation Center and Pool,,,1900 ANACOSTIA DRIVE SE,DISTRICT OF COLUMBIA,8,1800 Anacostia Drive SE,WASHINGTON,DC,20020,1945,Fitness Center/Health Club/Gym,220351,17709.0,206,WEATHERNORMALZEDSOUREUI_KBTUFT,2019,Recreation,117.9,,,Meets BEPS,2023/09/18 04:00:00+00,38.87799862,-76.96991251,402610.71007323,134463.40692446,295129,,{0639A2BF-D081-2945-E063-782F520A104C},258513
-76.999128830728,38.8779123826382,PM12001747,0881W 0800,12001747,,Arthur Capper Community Center,,,1000 5TH STREET SE,DISTRICT OF COLUMBIA,6,1000 5TH STREET SE,WASHINGTON,DC,20003,2016,Social/Meeting Hall,156858,60000.0,192,WEATHERNORMALZEDSOUREUI_KBTUFT,2019,Social/meeting,42.5,,,Meets BEPS,2023/09/18 04:00:00+00,38.8779046,-76.99912655,400075.7898967,134452.54012595,289437,,{0639A2BF-D082-2945-E063-782F520A104C},258514
-77.0101642768009,38.818897773053,PM12001748,PAR 02470039,12001748,,Bald Eagle Recreation Center,,,100 JOLIET STREET SW,DISTRICT OF COLUMBIA,8,100 Joliet Street SW,WASHINGTON,DC,20032,2010,Fitness Center/Health Club/Gym,23055,23055.0,206,WEATHERNORMALZEDSOUREUI_KBTUFT,2019,Recreation,269.3,-23.51%,-20.00%,Does Not Meet BEPS,2023/09/19 04:00:00+00,38.81889,-77.010162,399117.50656903,127901.55282164,301277,,{0639A2BF-D083-2945-E063-782F520A104C},258515
-77.022585370511,38.9227120811276,PM12001749,2880 0859,12001749,,Banneker Recreation Center and Pool,,,2500 GEORGIA AVENUE NW,UNITED STATES OF AMERICA,1,2500 Georgia Avenue NW,WASHINGTON,DC,20001,1940,Fitness Center/Health Club/Gym,12498,12829.0,206,WEATHERNORMALZEDSOUREUI_KBTUFT,2019,Recreation,421.2,-51.09%,-20.00%,Does Not Meet BEPS,2023/07/21 04:00:00+00,38.92270429,-77.02258308,398041.67987455,139425.90708948,232292,,{0639A2BF-D084-2945-E063-782F520A104C},258516
-77.0177793721143,38.9482387440551,PM12001750,3250 0800,12001750,,Barnard Elementary School,,,430 DECATUR STREET NW,DISTRICT OF COLUMBIA,4,430 DECATUR STREET NW,WASHINGTON,DC,20011,2003,K-12 School,63497,80000.0,36,ENERGYSTARSCORE,2019,K-12 School,19,-17.49%,-20.00%,Does Not Meet BEPS,2023/09/22 04:00:00+00,38.94823095,-77.01777708,398458.99000799,142259.49735535,248305,,{0639A2BF-D085-2945-E063-782F520A104C},258517
-76.9556070173527,38.8643576207406,PM12001751,5668 0822,12001751,,Beers Elementary School,,,3600 ALABAMA AVENUE SE,DISTRICT OF COLUMBIA,7,3600 ALABAMA AVENUE SE,WASHINGTON,DC,20020,1942,K-12 School,53777,77901.0,36,ENERGYSTARSCORE,2019,K-12 School,24,-12.20%,-20.00%,Does Not Meet BEPS,2023/09/18 04:00:00+00,38.86434984,-76.95560475,403852.93998361,132948.79721259,278406,,{0639A2BF-D086-2945-E063-782F520A104C},258518
-77.0094210763577,38.8312588754093,PM12001752,6172W 0011,12001752,,Bellevue (William O. Lockridge) Library,,,115 ATLANTIC STREET SW,DISTRICT OF COLUMBIA,8,115 ATLANTIC STREET SW,WASHINGTON,DC,20032,1000,Library,20981,17119.0,206,WEATHERNORMALZEDSOUREUI_KBTUFT,2019,Library,301,-31.56%,-20.00%,Does Not Meet BEPS,2023/08/22 04:00:00+00,38.8312511,-77.00941879,399182.19035376,129273.70984028,302935,,{0639A2BF-D087-2945-E063-782F520A104C},258519
-76.9269112630634,38.8798100167668,PM12001753,5341E 0803,12001753,,Benning Park Community Center and Pool,,,5100 SOUTHERN AVENUE SE,UNITED STATES OF AMERICA,7,5100 Southern Avenue SE,WASHINGTON,DC,20019,1960,Social/Meeting Hall,35420,24508.0,192,WEATHERNORMALZEDSOUREUI_KBTUFT,2019,Social/meeting,247.6,-22.46%,-20.00%,Does Not Meet BEPS,2023/05/06 04:00:00+00,38.87980223,-76.926909,406341.99030554,134665.73000855,296175,,{0639A2BF-D088-2945-E063-782F520A104C},258520
-76.997021624033,38.9010699756106,PM12001754,0858 0827,12001754,,Blair Shelter,,,635 I STREET NE,DISTRICT OF COLUMBIA,6,635 I Street NE,WASHINGTON,DC,20002,1932,Other - Lodging/Residential,17814,17525.0,143,WEATHERNORMALZEDSOUREUI_KBTUFT,2019,Lodging,198.8,-28.07%,-20.00%,Does Not Meet BEPS,2023/09/19 04:00:00+00,38.90106219,-76.99701934,400258.55011784,137023.21732331,2520,,{0639A2BF-D089-2945-E063-782F520A104C},258521
-76.9295794734146,38.8889626196098,PM12001756,5329 0802,12001756,,Capitol View Library,,,5001 CENTRAL AVENUE SE,DISTRICT OF COLUMBIA,7,5001 Central Avenue SE,WASHINGTON,DC,20019,1964,Library,20096,22240.0,206,WEATHERNORMALZEDSOUREUI_KBTUFT,2019,Library,134.1,,,Meets BEPS,2023/09/19 04:00:00+00,38.88895483,-76.92957721,406109.69021566,135681.55688694,15509,,{0639A2BF-D08A-2945-E063-782F520A104C},258522
-77.0226279422258,38.9151411124174,PM12001757,0417 0808,12001757,,Cleveland Elementary School,,,1843 8TH STREET NW,DISTRICT OF COLUMBIA HOUSING AUTHORITY,1,1825 8TH STREET NW,WASHINGTON,DC,20001,1912,K-12 School,41007,55000.0,36,ENERGYSTARSCORE,2019,K-12 School,16,-20.84%,-20.00%,Does Not Meet BEPS,2023/09/11 04:00:00+00,38.91513332,-77.02262565,398037.78006218,138585.46677667,294531,,{0639A2BF-D08B-2945-E063-782F520A104C},258523
-77.0350541338796,38.9251537112592,PM12004170,2667 0074,12004170,,Columbia Heights Community Center,,,1480 GIRARD STREET NW,DISTRICT OF COLUMBIA,1,1480 Girard Street NW,WASHINGTON,DC,20009,2007,Social/Meeting Hall,54320,52857.0,192,WEATHERNORMALZEDSOUREUI_KBTUFT,2019,Social/meeting,146.3,,,Meets BEPS,2023/07/21 04:00:00+00,38.92514592,-77.03505184,396960.539817,139697.29007786,284045,,{0639A2BF-D08C-2945-E063-782F520A104C},258524
-77.0037399091785,38.8397897286908,PM12004171,6091 0033,12004171,,Congress Heights Senior Wellness Center,,,115 SAVANNAH STREET SE,DISTRICT OF COLUMBIA HOUSING AUTHORITY,8,3500 Martin Luther King Jr Avenue SE,WASHINGTON,DC,20032,2001,Social/Meeting Hall,11556,11840.0,192,WEATHERNORMALZEDSOUREUI_KBTUFT,2019,Social/meeting,120.4,,,Meets BEPS,2023/07/14 04:00:00+00,38.83978195,-77.00373763,399675.50983894,130220.65669078,303598,,{0639A2BF-D08D-2945-E063-782F520A104C},258525
-76.9376185706322,38.879076069751,PM12004172,5360 0831,12004172,,Davis Elementary School,,,4430 H STREET SE,DISTRICT OF COLUMBIA,7,4430 H STREET SE,WASHINGTON,DC,20019,1980,K-12 School,80948,65113.0,36,ENERGYSTARSCORE,2019,K-12 School,15,-22.00%,-20.00%,Does Not Meet BEPS,2023/09/18 04:00:00+00,38.87906828,-76.93761631,405412.98980933,134583.5666163,294598,,{0639A2BF-D08E-2945-E063-782F520A104C},258526
-76.9766771970908,38.8872246138437,PM12004173,1112E 0801,12004173,,DC General Hospital Campus,,,1901 INDEPENDENCE AVENUE SE,DISTRICT OF COLUMBIA,7,1900 MASSACHUSETTS AVENUE SE,WASHINGTON,DC,20003,1922,Hospital (General Medical & Surgical),99540,1099159.0,50,ENERGYSTARSCORE,2019,Hospital,100,,,Meets BEPS,2023/09/09 04:00:00+00,38.88721683,-76.97667492,402023.67013846,135486.52729354,301068,,{0639A2BF-D08F-2945-E063-782F520A104C},258527
-76.9727403141098,38.8836501355692,PM12004174,1112E 0007,12004174,,DC Jail/Central Detention Facility/Correctional Treatment Facility,,,1901 INDEPENDENCE AVE SE,DISTRICT OF COLUMBIA,7,1901 D STREET SE and 1901 E Street SE,WASHINGTON,DC,20003,1976,Prison/Incarceration,860229,860229.0,156,WEATHERNORMALZEDSOUREUI_KBTUFT,2019,Public order and safety,173.6,-10.14%,-10.14%,Does Not Meet BEPS,2023/09/23 04:00:00+00,38.88364235,-76.97273804,402365.35000516,135089.82703815,,,{0639A2BF-D090-2945-E063-782F520A104C},258528
-77.0011832209526,38.9132201979579,PM12004175,3574 0032,12004175,,DC Public Library Operations Center/Lemmuel Penn Center,,,309 RANDOLPH PLACE NE,DISTRICT OF COLUMBIA,5,326 R Street NE,WASHINGTON,DC,20002,1890,Non-Refrigerated Warehouse,118227,180764.0,19,ENERGYSTARSCORE,2019,Warehouse_all,50,,,Meets BEPS,2023/07/14 04:00:00+00,38.91321241,-77.00118094,399897.57967394,138371.98731751,287795,,{0639A2BF-D091-2945-E063-782F520A104C},258529
-77.016720550494,38.8152577249375,PM12004176,6264 0800,12004176,,DC Village Buildings 88-93,,,4 A DC VILLAGE LANE SW,WASHINGTON METROPOLITAN AREA TRANSIT AUTHORITY,8,4 DC Village Lane SW,WASHINGTON,DC,20032,1980,Mixed Use Property,163752,86929.0,229,WEATHERNORMALZEDSOUREUI_KBTUFT,2019,Other,107.5,,,Meets BEPS,2023/07/14 04:00:00+00,38.81524995,-77.01671827,398548.06973166,127497.56750374,338645,,{0639A2BF-D092-2945-E063-782F520A104C},258530
-77.0752013784063,38.9529045361209,PM12004177,1759 0811,12004177,,Deal Middle School,,,3815 FORT DRIVE NW,DISTRICT OF COLUMBIA,3,3815 FORT DRIVE NW,WASHINGTON,DC,20016,1931,K-12 School,162969,226970.0,36,ENERGYSTARSCORE,2019,K-12 School,14,-23.19%,-20.00%,Does Not Meet BEPS,2023/09/22 04:00:00+00,38.95289674,-77.07519907,393481.77984509,142779.97699221,277548,,{0639A2BF-D093-2945-E063-782F520A104C},258531
-76.9320048240373,38.9082327691843,PM12004178,5162 0026,12004178,,Deanwood Recreation/Aquatic Center and Library,,,1300 49TH STREET NE,DISTRICT OF COLUMBIA,7,1350 49th Street NE,WASHINGTON,DC,20019,1000,Fitness Center/Health Club/Gym,63000,63460.0,206,WEATHERNORMALZEDSOUREUI_KBTUFT,2019,Recreation,193.2,,,Meets BEPS,2023/09/23 04:00:00+00,38.90822498,-76.93200256,405897.68010199,137820.53735569,307551,,{0639A2BF-D094-2945-E063-782F520A104C},258532
-77.0069959553335,38.9021148725182,PM12004179,0675 0838,12004179,,Department of Behavioral Health Pharmacy,,,35 K STREET NE,DISTRICT OF COLUMBIA,6,35 K STREET NE,WASHINGTON,DC,20002,2002,Medical Office,30096,29916.0,62,ENERGYSTARSCORE,2019,Medical Office,74,,,Meets BEPS,2023/07/14 04:00:00+00,38.90210708,-77.00699367,399393.35995565,137139.22753864,287960,,{0639A2BF-D095-2945-E063-782F520A104C},258533
-76.947085532435,38.8978600893201,PM12004180,5052 0014,12004180,,Department of Employment Services,,,4000 MINNESOTA AVENUE NE,DISTRICT OF COLUMBIA,7,4058 Minnesota Avenue NE,WASHINGTON,DC,20019,2010,Office,241725,283479.0,71,ENERGYSTARSCORE,2019,Office_all,69,-3.20%,-3.20%,Does Not Meet BEPS,2023/07/14 04:00:00+00,38.8978523,-76.94708327,404590.3396105,136668.22004576,305174,,{0639A2BF-D096-2945-E063-782F520A104C},258534
-77.011072287779,38.8778527837524,PM12004182,0647 0010,12004182,,DMV Inspection Station,,,1001 HALF ST SW,DISTRICT OF COLUMBIA,6,1001 HALF STREET SW,WASHINGTON,DC,20024,1962,"Repair Services (Vehicle, Shoe, Locksmith, etc)",16854,35033.0,242,WEATHERNORMALZEDSOUREUI_KBTUFT,2019,Service,167.3,,,Meets BEPS,2023/07/14 04:00:00+00,38.877845,-77.01107,399039.44718614,134445.98195154,277732,,{0639A2BF-D097-2945-E063-782F520A104C},258535
-77.0118178115101,38.8773430787016,PM12004183,0650N 0815,12004183,,DMV Southwest Service Center,,,95 M STREET SW,DISTRICT OF COLUMBIA,6,95 M Street SW,WASHINGTON,DC,20024,1960,Office,46248,38311.0,71,ENERGYSTARSCORE,2019,Office_all,8,-61.27%,-20.00%,Does Not Meet BEPS,2023/07/20 04:00:00+00,38.8773353,-77.01181553,398974.74962481,134389.40949779,276856,,{0639A2BF-D098-2945-E063-782F520A104C},258536
-77.0341015015779,38.9382751347503,PM14836609,2693 0042,14836609,,Twin Oaks Apartments,,,3802 14TH ST NW,TWIN OAKS LLC,4,3800 14th St NW,WASHINGTON,DC,20011,1920,Multifamily Housing,97377,184800.0,66,ENERGYSTARSCORE,2019,Multifamily Housing,94,,,Meets BEPS,2023/07/19 04:00:00+00,38.93826734,-77.03409921,397043.68957354,141153.84998785,259018,,{0639A2BF-D099-2945-E063-782F520A104C},258537
-77.040143546295,38.9241193328707,PM14836611,2565 0804,14836611,,Beverly Court,,,2599 ONTARIO RD NW,BEVERLY COURT COOPERATIVE,1,1736 Columbia Rd NW,WASHINGTON,DC,20009,1943,Multifamily Housing,74072,74072.0,66,ENERGYSTARSCORE,2019,Multifamily Housing,100,,,Meets BEPS,2023/05/20 04:00:00+00,38.92411154,-77.04014125,396519.16989441,139582.64685471,235733,,{0639A2BF-D09A-2945-E063-782F520A104C},258538
-77.0415764614027,38.9251978484869,PM14836612,2583 0463,14836612,,2800 Ontario Rd NW.,,,2800 ONTARIO RD NW,ALONZO O BLISS PROPERTIES,1,2800 Ontario Rd NW.,WASHINGTON,DC,20009,1928,Multifamily Housing,59353,59353.0,66,ENERGYSTARSCORE,2019,Multifamily Housing,92,,,Meets BEPS,2023/09/17 04:00:00+00,38.92519006,-77.04157416,396394.97029312,139702.42735936,236056,,{0639A2BF-D09B-2945-E063-782F520A104C},258539
-76.9734972233287,38.8662021195246,PM14836617,"5627 0096; 5627 0097; 5627 0098",14836617,,1805-Hillside Terrace - ODD side,,,1905 23RD ST SE,HILLSIDE TERRACE LLC,8,1805 23rd St SE,WASHINGTON,DC,20020,1943,Multifamily Housing,33780,92052.0,66,ENERGYSTARSCORE,2019,Multifamily Housing,12,-32.91%,-20.00%,Does Not Meet BEPS,2023/09/19 04:00:00+00,38.86619434,-76.97349495,402300.24000901,133152.9473151,150134,,{0639A2BF-D09C-2945-E063-782F520A104C},258540
-77.034954984133,38.9228577630513,PM14836619,2663 0845,14836619,,2445 15th St NW,,,2445 15TH ST NW,THE DUNKIN-MAXWELL COMPANY,1,2445 15th St NW,WASHINGTON,DC,20009,1970,Multifamily Housing,63023,63023.0,66,ENERGYSTARSCORE,2019,Multifamily Housing,89,,,Meets BEPS,2023/08/23 04:00:00+00,38.92284997,-77.03495269,396969.03985373,139442.41682796,234203,,{0639A2BF-D09D-2945-E063-782F520A104C},258541
-77.0762848679546,38.9238672926522,PM14836621,1301 2407,14836621,,Georgetown North Condo,,,3819 DAVIS PL NW,GEORGETOWN NORTH CONDO,3,2600 Tunlaw Rd NW,WASHINGTON,DC,20007,1950,Multifamily Housing,70000,70000.0,66,ENERGYSTARSCORE,2019,Multifamily Housing,89,,,Meets BEPS,2023/09/17 04:00:00+00,38.9238595,-77.07628256,393385.16993077,139556.66672346,224755,,{0639A2BF-D09E-2945-E063-782F520A104C},258542
-77.0669816286747,38.9490532983714,PM14836623,1973 0804,14836623,,The Clarence House,,,4530 CONNECTICUT AVE NW,NATIONAL SAVINGS & TRUST COMPANY TRUSTEES,3,"4530 Connecticut Avenue, N.W.",WASHINGTON,DC,20008,1930,Multifamily Housing,168367,168367.0,66,ENERGYSTARSCORE,2019,Multifamily Housing,84,,,Meets BEPS,2023/05/04 04:00:00+00,38.9490455,-77.06697932,394193.95011051,142351.89969021,221981,,{0639A2BF-D09F-2945-E063-782F520A104C},258543
-77.0048765090724,38.8796161316067,PM14836624,0737 0077,14836624,,Park Chelsea at The Collective,,,880 NEW JERSEY AVE SE,880 NEW JERSEY AVENUE LLC,6,880 New Jersey Ave,WASHINGTON,DC,20003,2016,Multifamily Housing,404150,409358.0,66,ENERGYSTARSCORE,2019,Multifamily Housing,59,-4.81%,-4.81%,Does Not Meet BEPS,2023/09/14 04:00:00+00,38.87960835,-77.00487423,399577.06958876,134641.68025488,309404,,{0639A2BF-D0A0-2945-E063-782F520A104C},258544
-76.969684192566,38.869285311621,PM14836693,5626 0815,14836693,,Penn View Apartments,,,2515 R ST SE,PENN VIEW INVESTMENT LLC,7,"2515 R Street, S.E.",WASHINGTON,DC,20020,1963,Multifamily Housing,81324,81324.0,66,ENERGYSTARSCORE,2019,Multifamily Housing,65,-0.72%,-0.72%,Does Not Meet BEPS,2023/08/16 04:00:00+00,38.86927753,-76.96968192,402631.04002962,133495.30716722,46470,,{0639A2BF-D0A1-2945-E063-782F520A104C},258545
-77.0523727195808,38.9257950842937,PM14836694,2208 0062,14836694,,2701 Connecticut Ave NW,,,2701 CONNECTICUT AVE NW,ALONZO O BLISS PROPERTIES,3,2701 Connecticut Ave NW,WASHINGTON,DC,20008,1922,Multifamily Housing,94603,94602.0,66,ENERGYSTARSCORE,2019,Multifamily Housing,94,,,Meets BEPS,2023/09/17 04:00:00+00,38.92578729,-77.05237042,395458.82984009,139769.20668358,219197,,{0639A2BF-D0A2-2945-E063-782F520A104C},258546
-77.0409422500936,38.9228983379837,PM14836696,2563 0865,14836696,,The Cortland Apartments,,,1756 EUCLID ST NW,ALONZO O BLISS PROPERTIES,1,1756 Euclid St NW,WASHINGTON,DC,20009,1922,Multifamily Housing,66417,66417.0,66,ENERGYSTARSCORE,2019,Multifamily Housing,89,,,Meets BEPS,2023/09/17 04:00:00+00,38.92289055,-77.04093995,396449.85020895,139447.13736645,218473,,{0639A2BF-D0A3-2945-E063-782F520A104C},258547
-77.0451092880411,38.9192311623905,PM14836698,2538 0803,14836698,,Shawmut Apartments,,,2200 19TH ST NW,FGH SHAWMUT LLC,1,2200 19th St NW,WASHINGTON,DC,20009,1923,Multifamily Housing,73188,73188.0,66,ENERGYSTARSCORE,2019,Multifamily Housing,89,,,Meets BEPS,2023/09/17 04:00:00+00,38.91922337,-77.04510699,396088.29993761,139040.21977807,235134,,{0639A2BF-D0A4-2945-E063-782F520A104C},258548
-77.026425332451,38.9755185209369,PM14836703,2967 0051,14836703,,Dahlia Apartments,,,7019 GEORGIA AVE NW,7019 GEORGIA AVENUE LLC,4,7019 Georgia Ave NW,WASHINGTON,DC,200122457,1928,Multifamily Housing,72204,72204.0,66,ENERGYSTARSCORE,2019,Multifamily Housing,78,,,Meets BEPS,2023/09/21 04:00:00+00,38.97551072,-77.02642304,397710.38965887,145287.98716543,253849,,{0639A2BF-D0A5-2945-E063-782F520A104C},258549
-76.9933038772167,38.8601394139465,PM14836710,5869 1137,14836710,,Sheridan Station,,,2516 SHERIDAN ROAD SE,DISTRICT OF COLUMBIA HOUSING AUTHORITY,8,2516 Sheridan Rd SE,WASHINGTON,DC,20020,2013,Multifamily Housing,113350,100384.0,66,ENERGYSTARSCORE,2019,Multifamily Housing,75,,,Meets BEPS,2023/05/20 04:00:00+00,38.86013163,-76.9933016,400581.36984331,132479.62960657,308345,,{0639A2BF-D0A6-2945-E063-782F520A104C},258550
-77.0047132800389,38.8802857861463,PM14836711,0737 0827,14836711,,Agora,,,800 NEW JERSEY AVE SE,NEW JERSEY AT H LLC,6,800 New Jersey Ave SE,WASHINGTON,DC,20003,2017,Mixed Use Property,332516,350017.0,229,SOURCEEUI_KBTU_FT,2019,Other,176,,,Meets BEPS,2023/09/17 04:00:00+00,38.880278,-77.004711,399591.23667348,134716.01576663,310937,,{0639A2BF-D0A7-2945-E063-782F520A104C},258551
-77.0236508777758,38.8805307755591,PM12004438,0414 0825,12004438,,Warehouse Storage,,,720 9TH STREET SW,DISTRICT OF COLUMBIA,6,720 9TH STREET SW,WASHINGTON,DC,20024,1000,Non-Refrigerated Warehouse,18570,18076.0,19,ENERGYSTARSCORE,2019,Warehouse_all,76,,,Meets BEPS,2023/07/14 04:00:00+00,38.88052299,-77.02364859,397948.06983181,134743.46675901,276764,,{0639A2BF-D0A8-2945-E063-782F520A104C},258552
-77.0167740758402,38.9200872231259,PM12004439,"3069 0067; 3069 0853",12004439,,Washington Metropolitan High School,,,355 W STREET NW,DISTRICT OF COLUMBIA HOUSING AUTHORITY,1,300 Bryant Street NW,WASHINGTON,DC,20001,1962,K-12 School,48984,49500.0,36,ENERGYSTARSCORE,2019,K-12 School,50,,,Meets BEPS,2023/08/22 04:00:00+00,38.92007943,-77.01677179,398545.55964032,139134.41683301,294475,,{0639A2BF-D0A9-2945-E063-782F520A104C},258553
-76.9885030510097,38.9041255328416,PM12004441,4066 0821,12004441,,Wheatley Education Campus and Cole Recreation Center,,,1299 NEAL STREET NE,DISTRICT OF COLUMBIA,5,1299 NEAL STREET NE,WASHINGTON,DC,20002,1990,K-12 School,97401,86374.0,36,ENERGYSTARSCORE,2019,K-12 School,14,-23.19%,-20.00%,Does Not Meet BEPS,2023/09/20 04:00:00+00,38.90411774,-76.98850077,400997.43006961,137362.46662426,294512,,{0639A2BF-D0AA-2945-E063-782F520A104C},258554
-77.0192408958272,38.9658650727498,PM12004442,3268 0811,12004442,,Whittier Education Campus,,,6201 5TH STREET NW,DISTRICT OF COLUMBIA,4,6201 5TH STREET NW,WASHINGTON,DC,20011,1959,K-12 School,73472,66600.0,36,ENERGYSTARSCORE,2019,K-12 School,52,,,Meets BEPS,2023/07/21 04:00:00+00,38.96585727,-77.0192386,398332.7101966,144216.2067781,294614,,{0639A2BF-D0AB-2945-E063-782F520A104C},258555
-76.9853167877925,38.856666484456,PM12004443,5828 0806,12004443,,Wilkinson Elementary School,,,2330 POMEROY ROAD SE,DISTRICT OF COLUMBIA,8,2330 POMEROY ROAD SE,WASHINGTON,DC,20020,1000,K-12 School,139659,144900.0,139,WEATHERNORMALZEDSOUREUI_KBTUFT,2019,K-12 School,75.5,,,Meets BEPS,2023/05/04 04:00:00+00,38.8566587,-76.98531451,401274.65012753,132094.19050519,294542,,{0639A2BF-D0AC-2945-E063-782F520A104C},258556
-77.0777780070622,38.9501645143395,PM12004444,1772 0009,12004444,,Wilson Aquatic Center,,,3950 CHESAPEAKE STREET NW,DISTRICT OF COLUMBIA,3,4551 Fort Drive NW,WASHINGTON,DC,20016,1000,Fitness Center/Health Club/Gym,352472,100000.0,206,WEATHERNORMALZEDSOUREUI_KBTUFT,2019,Recreation,86.7,,,Meets BEPS,2023/09/17 04:00:00+00,38.95015672,-77.0777757,393258.17967371,142475.99711816,307826,,{0639A2BF-D0AD-2945-E063-782F520A104C},258557
-76.9628156227435,38.8576222265397,PM12004445,PAR 02140185,12004445,,Winston Education Center,,,3100 ERIE STREET SE,DISTRICT OF COLUMBIA,7,3100 ERIE STREET SE,WASHINGTON,DC,20020,1000,K-12 School,174155,157700.0,36,ENERGYSTARSCORE,2019,K-12 School,100,,,Meets BEPS,2023/05/04 04:00:00+00,38.85761445,-76.96281335,403227.63029211,132200.84049835,294554,,{0639A2BF-D0AE-2945-E063-782F520A104C},258558
-76.9786573393467,38.927458438526,PM12004446,4210 0049,12004446,,Woodridge Library,,,1801 RHODE ISLAND AVENUE NE,DISTRICT OF COLUMBIA,5,1801 Hamlin Street NE,WASHINGTON,DC,20018,2016,Library,29400,20812.0,206,WEATHERNORMALZEDSOUREUI_KBTUFT,2019,Library,205.7,,,Meets BEPS,2023/09/22 04:00:00+00,38.92745064,-76.97865506,401850.83006787,139952.76655621,286483,,{0639A2BF-D0AF-2945-E063-782F520A104C},258559
-77.0777780070622,38.9501645143395,PM12004447,1772 0009,12004447,,Woodrow Wilson High School,,,3950 CHESAPEAKE STREET NW,DISTRICT OF COLUMBIA,3,3950 CHESAPEAKE STREET NW,WASHINGTON,DC,20016,2011,K-12 School,352472,376448.0,36,ENERGYSTARSCORE,2019,K-12 School,34,-2.04%,-20.00%,Does Not Meet BEPS,2023/09/21 04:00:00+00,38.95015672,-77.0777757,393258.17967371,142475.99711816,294587,,{0639A2BF-D0B0-2945-E063-782F520A104C},258560
-76.9302513163731,38.8840430304868,PM12004503,5322 0032,12004503,,The Horizon - Ward 7,,,5004 D STREET SE,DISTRICT OF COLUMBIA,7,5004 D Street SE,WASHINGTON,DC,20019,2018,Other - Lodging/Residential,46032,31816.0,143,WEATHERNORMALZEDSOUREUI_KBTUFT,2019,Lodging,154.9,-7.68%,-7.68%,Does Not Meet BEPS,2023/09/17 04:00:00+00,38.88403524,-76.93024906,406051.8196127,135135.39967613,15335,,{0639A2BF-D0B1-2945-E063-782F520A104C},258561
-77.0196775784608,38.9568623288745,PM12004504,3260 0054,12004504,,The Kennedy - Ward 4,,,5505 5TH STREET NW,DISTRICT OF COLUMBIA,4,5505 5th Street NW,WASHINGTON,DC,20011,2018,Other - Lodging/Residential,20687,33423.0,143,WEATHERNORMALZEDSOUREUI_KBTUFT,2019,Lodging,58.9,,,Meets BEPS,2023/09/18 04:00:00+00,38.95685453,-77.01967529,398294.64959423,143216.82700537,248784,,{0639A2BF-D0B2-2945-E063-782F520A104C},258562
-76.9990422772228,38.8282677742885,PM12004505,6207 0061,12004505,,The Triumph - Ward 8,,,4225 6TH ST SE,DISTRICT OF COLUMBIA HOUSING AUTHORITY,8,4225 6th Street SE,WASHINGTON,DC,20032,2018,Other - Lodging/Residential,30576,35330.0,143,WEATHERNORMALZEDSOUREUI_KBTUFT,2019,Lodging,152.2,-6.04%,-6.04%,Does Not Meet BEPS,2023/09/17 04:00:00+00,38.82826,-76.99904,400083.35785692,128941.63594049,314996,,{0639A2BF-D0B3-2945-E063-782F520A104C},258563
-76.9632622731734,38.8809217896594,PM12004506,5465 0805,12004506,,Therapeutic Recreation Center,,,606 31ST ST SE,DISTRICT OF COLUMBIA,7,3030 G STREET SE,WASHINGTON,DC,20019,1970,Fitness Center/Health Club/Gym,44437,24489.0,206,WEATHERNORMALZEDSOUREUI_KBTUFT,2019,Recreation,429,-51.98%,-20.00%,Does Not Meet BEPS,2023/05/16 04:00:00+00,38.880914,-76.96326,403187.82219463,134787.24756221,288770,,{0639A2BF-D0B4-2945-E063-782F520A104C},258564
-77.0379731098132,38.9178753962424,PM12004507,0175 0827,12004507,,Third District Station,,,1620 V STREET NW,DISTRICT OF COLUMBIA HOUSING AUTHORITY,1,1620 V STREET NW,WASHINGTON,DC,20009,1950,Police Station,50118,46007.0,185,WEATHERNORMALZEDSOUREUI_KBTUFT,2019,Fire station/police station,158.2,,,Meets BEPS,2023/07/14 04:00:00+00,38.91786761,-77.03797081,396707.0902915,138889.43745964,241847,,{0639A2BF-D0B5-2945-E063-782F520A104C},258565
-76.952976545435,38.9005816662339,PM12004508,"5041 0851; PAR 01700029",12004508,,Thomas Elementary School,,,640 ANACOSTIA AVENUE NE,DISTRICT OF COLUMBIA,7,650 ANACOSTIA AVENUE NE,WASHINGTON,DC,20019,1946,K-12 School,32100,71141.0,36,ENERGYSTARSCORE,2019,K-12 School,31,-5.08%,-20.00%,Does Not Meet BEPS,2023/09/21 04:00:00+00,38.90057388,-76.95297428,404079.15969698,136970.05742505,294493,,{0639A2BF-D0B6-2945-E063-782F520A104C},258566
-77.0284854309802,38.9033991011732,PM12004509,0284 0816,12004509,,Thomson Elementary School,,,1200 L STREET NW,DISTRICT OF COLUMBIA,2,1200 L STREET NW,WASHINGTON,DC,20005,1910,K-12 School,101157,106300.0,36,ENERGYSTARSCORE,2019,K-12 School,25,-11.17%,-20.00%,Does Not Meet BEPS,2023/07/21 04:00:00+00,38.90339131,-77.02848314,397529.3798581,137282.14962779,240922,,{0639A2BF-D0B7-2945-E063-782F520A104C},258567
-77.0195523155999,38.9039944082775,PM12004510,0482S 0800,12004510,,Traffic Safety and Specialized Enforcement Branch,,,501 NEW YORK AVENUE NW,DISTRICT OF COLUMBIA,6,501 NEW YORK AVENUE NW,WASHINGTON,DC,20001,1940,Police Station,10107,11512.0,185,WEATHERNORMALZEDSOUREUI_KBTUFT,2019,Fire station/police station,205.7,-10.06%,-20.00%,Does Not Meet BEPS,2023/09/12 04:00:00+00,38.90398662,-77.01955003,398304.24962966,137348.02999958,238919,,{0639A2BF-D0B8-2945-E063-782F520A104C},258568
-76.9991637353675,38.9186262194844,PM12004511,3620 0815,12004511,,Transportation Center/Fleet Fueling,,,2115 5TH STREET NE,DISTRICT OF COLUMBIA HOUSING AUTHORITY,5,2115 5TH STREET NE,WASHINGTON,DC,20002,1000,"Repair Services (Vehicle, Shoe, Locksmith, etc)",12000,12000.0,242,WEATHERNORMALZEDSOUREUI_KBTUFT,2019,Service,280.3,-13.66%,-20.00%,Does Not Meet BEPS,2023/07/14 04:00:00+00,38.91861843,-76.99916145,400072.72008274,138972.1002774,286636,,{0639A2BF-D0B9-2945-E063-782F520A104C},258569
-76.9827443989591,38.9064485286979,PM12004512,4079S 0057,12004512,,Trinidad Recreation Center,,,1310 CHILDRESS STREET NE,DISTRICT OF COLUMIBA,5,1310 Childress Street NE,WASHINGTON,DC,20002,2014,Fitness Center/Health Club/Gym,20664,20644.0,206,WEATHERNORMALZEDSOUREUI_KBTUFT,2019,Recreation,182,,,Meets BEPS,2023/09/23 04:00:00+00,38.90644074,-76.98274212,401496.88003496,137620.41716005,68509,,{0639A2BF-D0BA-2945-E063-782F520A104C},258570
-77.0247098614025,38.9539208950181,PM12004513,3000 0817,12004513,,Truesdell Education Campus,,,820 INGRAHAM STREET NW,DISTRICT OF COLUMBIA,4,800 INGRAHAM STREET NW,WASHINGTON,DC,20011,1908,K-12 School,66201,78922.0,36,ENERGYSTARSCORE,2019,K-12 School,49,,,Meets BEPS,2023/09/23 04:00:00+00,38.9539131,-77.02470757,397858.38972903,142890.40734683,294497,,{0639A2BF-D0BB-2945-E063-782F520A104C},258571
-77.0294455924627,38.9292063617879,PM12004514,2847 0866,12004514,,Tubman Elementary School,,,3101 13TH STREET NW,DISTRICT OF COLUMBIA,1,3101 13TH STREET NW,WASHINGTON,DC,20010,1970,K-12 School,53456,62044.0,36,ENERGYSTARSCORE,2019,K-12 School,36,,,Meets BEPS,2023/09/21 04:00:00+00,38.92919857,-77.0294433,397447.01982412,140146.99713306,294555,,{0639A2BF-D0BC-2945-E063-782F520A104C},258572
-76.992792389558,38.9381121532747,PM12004515,3888 0803,12004515,,Turkey Thicket Recreation/Aquatic Center,,,1100 MICHIGAN AVENUE NE,DISTRICT OF COLUMBIA,5,1100 Michigan Avenue NE,WASHINGTON,DC,20017,2004,Fitness Center/Health Club/Gym,36744,36744.0,206,WEATHERNORMALZEDSOUREUI_KBTUFT,2019,Recreation,412.2,-50.02%,-20.00%,Does Not Meet BEPS,2023/07/21 04:00:00+00,38.93810436,-76.99279011,400625.07964784,141135.23031897,74603,,{0639A2BF-D0BD-2945-E063-782F520A104C},258573
-76.980315504742,38.8476442156341,PM12004516,5883 0837,12004516,,Turner Elementary School,,,3264 STANTON ROAD SE,DISTRICT OF COLUMBIA,8,3264 STANTON ROAD SE,WASHINGTON,DC,20020,1946,K-12 School,73527,114500.0,36,ENERGYSTARSCORE,2019,K-12 School,37,,,Meets BEPS,2023/09/22 04:00:00+00,38.84763644,-76.98031323,401708.96004539,131092.73730288,294561,,{0639A2BF-D0BE-2945-E063-782F520A104C},258574
-76.9923942336337,38.8806966056342,PM12004517,0974 0841,12004517,,Tyler Elementary School,,,738 10TH STREET SE,DISTRICT OF COLUMBIA,6,1001 G STREET SE,WASHINGTON,DC,20003,1949,K-12 School,80314,69600.0,36,ENERGYSTARSCORE,2019,K-12 School,23,-13.24%,-20.00%,Does Not Meet BEPS,2023/09/06 04:00:00+00,38.88068882,-76.99239195,400660.13031608,134761.63688361,294505,,{0639A2BF-D0BF-2945-E063-782F520A104C},258575
-76.9950471023957,38.8537353829309,PM12004518,5868S 0001,12004518,,Unified Communications Center,,,2720 MARTIN LUTHER KING JR AVENUE SE,DISTRICT OF COLUMBIA,8,2720 MARTIN LUTHER KING JR AVENUE SE,WASHINGTON,DC,20032,2006,Other - Public Services,159468,142994.0,229,WEATHERNORMALZEDSOUREUI_KBTUFT,2019,Other,445.6,-48.61%,-20.00%,Does Not Meet BEPS,2023/09/19 04:00:00+00,38.8537276,-76.99504482,400430.11027955,131768.72656862,301360,,{0639A2BF-D0C0-2945-E063-782F520A104C},258576
-76.9806495707653,38.8492831499451,PM12004519,5883 0032,12004519,,United Planning Org @ Frederick Douglass,,,STANTON RD SE,DISTRICT OF COLUMBIA,8,3240 STANTON ROAD SE,WASHINGTON,DC,20020,1000,Adult Education,11612,11612.0,110,WEATHERNORMALZEDSOUREUI_KBTUFT,2019,Education,212.7,-48.28%,-20.00%,Does Not Meet BEPS,2023/07/14 04:00:00+00,38.84927537,-76.9806473,401679.92168261,131274.66385962,156534,,{0639A2BF-D0C1-2945-E063-782F520A104C},258577
-76.9992599880835,38.8772255564201,PM12004520,0853N 0809,12004520,,Van Ness Elementary School,,,1100 5TH STREET SE,DISTRICT OF COLUMBIA,6,1150 5TH STREET SE,WASHINGTON,DC,20003,2015,K-12 School,64338,62384.0,36,ENERGYSTARSCORE,2019,K-12 School,23,-13.24%,-20.00%,Does Not Meet BEPS,2023/09/17 04:00:00+00,38.87721777,-76.99925771,400064.40966732,134376.2966902,294508,,{0639A2BF-D0C2-2945-E063-782F520A104C},258578
-76.9804736394679,38.9273653488513,PM12004521,4134 0021,12004521,,Ward 5 Family Shelter (Old Police Station No. 12),,,1700 RHODE ISLAND AVENUE NE,DISTRICT OF COLUMBIA,5,1700 Rhode Island Avenue NE,WASHINGTON,DC,20018,1943,Other - Lodging/Residential,44242,44242.0,143,WEATHERNORMALZEDSOUREUI_KBTUFT,2019,Lodging,74.4,,,Meets BEPS,2023/07/18 04:00:00+00,38.92735755,-76.98047136,401693.34002981,139942.39751049,43650,,{0639A2BF-D0C3-2945-E063-782F520A104C},258579
-76.9906038669219,38.9126769838209,PM12004522,PAR 01290115,12004522,,Washington Humane Society,,,910 MOUNT OLIVET ROAD NE,DISTRICT OF COLUMBIA,5,1201 New York Avenue NE,WASHINGTON,DC,20002,1000,Other - Public Services,12984,12984.0,229,WEATHERNORMALZEDSOUREUI_KBTUFT,2019,Other,340,-32.65%,-20.00%,Does Not Meet BEPS,2023/07/14 04:00:00+00,38.91266919,-76.99060159,400815.10961304,138311.72669823,285915,,{0639A2BF-D0C4-2945-E063-782F520A104C},258580
-76.9899314911304,38.883602165195,PM12004523,1018 0831,12004523,,Watkins Elementary School/ Watkins Recreation Center,,,400 12TH STREET SE,DISTRICT OF COLUMBIA,6,420 12TH STREET SE,WASHINGTON,DC,20003,1980,K-12 School,73109,76465.0,36,ENERGYSTARSCORE,2019,K-12 School,21,-15.34%,-20.00%,Does Not Meet BEPS,2023/09/09 04:00:00+00,38.88359438,-76.98992921,400873.78015004,135084.1970076,294486,,{0639A2BF-D0C5-2945-E063-782F520A104C},258581
-77.0322553524738,38.9513752106816,PM12004524,2806 0814,12004524,,West Education Campus,,,1338 FARRAGUT STREET NW,DISTRICT OF COLUMBIA,4,1338 FARRAGUT STREET NW,WASHINGTON,DC,20011,1978,K-12 School,49450,69600.0,36,ENERGYSTARSCORE,2019,K-12 School,17,-19.70%,-20.00%,Does Not Meet BEPS,2023/07/21 04:00:00+00,38.95136741,-77.03225306,397204.25963144,142608.01662998,294517,,{0639A2BF-D0C6-2945-E063-782F520A104C},258582
-76.9970309877191,38.8865931646447,PM12004525,0872 0800,12004525,,William H. Rumsey Aquatic Center,,,635 NORTH CAROLINA AVENUE SE,DISTRICT OF COLUMBIA,6,635 North Carolina Avenue SE,WASHINGTON,DC,20003,1000,Fitness Center/Health Club/Gym,44366,20584.0,206,WEATHERNORMALZEDSOUREUI_KBTUFT,2019,Recreation,525.5,-60.80%,-20.00%,Does Not Meet BEPS,2023/09/09 04:00:00+00,38.88658538,-76.99702871,400257.78964643,135416.17710631,295159,,{0639A2BF-D0C7-2945-E063-782F520A104C},258583
-76.9885881190338,38.9121473842229,PM12004526,4049 0034,12004526,,Youth Services Center,,,1000 MOUNT OLIVET ROAD NE,DISTRICT OF COLUMBIA,5,1000 MOUNT OLIVET ROAD NE,WASHINGTON,DC,20002,2003,Social/Meeting Hall,88437,88437.0,192,WEATHERNORMALZEDSOUREUI_KBTUFT,2019,Social/meeting,271.8,-29.36%,-20.00%,Does Not Meet BEPS,2023/09/16 04:00:00+00,38.91213959,-76.98858584,400989.93985348,138252.95665011,290013,,{0639A2BF-D0C8-2945-E063-782F520A104C},258584
-77.0381764093822,38.9030251018647,PM1205203,0184 0071,1205203,,"1667 K Street, NW",,,1667 K ST NW,JAMNES CAMPBELL COMPANY LLC,2,"1667 K Street, NW",WASHINGTON,DC,20006,1984,Office,257466,218345.0,71,ENERGYSTARSCORE,2019,Office_all,79,,,Meets BEPS,2023/05/04 04:00:00+00,38.90301731,-77.03817411,396688.77032704,137240.93950235,279291,,{0639A2BF-D0C9-2945-E063-782F520A104C},258585
-77.0572459684938,38.904699236892,PM1221898,1195 0030,1221898,,"Four Seasons Washington, DC",,,2800 PENNSYLVANIA AVE NW,SHC WASHINGTON LLC,2,2800 Pennsylvania Avenue NW,WASHINGTON,DC,20007,1976,Hotel,459534,459534.0,54,ENERGYSTARSCORE,2019,Hotel,44,-7.86%,-7.86%,Does Not Meet BEPS,2023/09/14 04:00:00+00,38.90469145,-77.05724367,395034.7897263,137427.64701312,279626,,{0639A2BF-D0CA-2945-E063-782F520A104C},258586
-77.0381374842642,38.9015940199057,PM1229423,0185 0829,1229423,,Army Navy Club (ry84),,,1627 I ST NW,WRIT ANC LLC,2,"1627 I Street, NW",WASHINGTON,DC,20006,1912,Office,80599,118244.0,71,ENERGYSTARSCORE,2019,Office_all,82,,,Meets BEPS,2023/05/04 04:00:00+00,38.90158623,-77.03813519,396692.07989181,137082.07668813,300436,,{0639A2BF-D0CB-2945-E063-782F520A104C},258587
-77.0299920589639,38.9035217511918,PM1229780,0248 0069,1229780,,1300 L Street,,,1300 L ST NW,AMERICAN POSTAL WORKERS UNION HOLDING CORPORATION,2,"1300 L Street, NW",WASHINGTON,DC,20005,1986,Office,117016,92054.0,71,ENERGYSTARSCORE,2019,Office_all,59,-16.48%,-16.48%,Does Not Meet BEPS,2023/05/04 04:00:00+00,38.90351396,-77.02998977,397398.69964186,137295.80662231,240642,,{0639A2BF-D0CC-2945-E063-782F520A104C},258588
-77.0316831807352,38.919591358104,PM12313346,0234 4113,12313346,,14W (bz000) (wm008) (wr018),,,1315 W STREET NW,SHF 1 14W LLC,1,1315 W Street NW,WASHINGTON,DC,20009,2013,Multifamily Housing,222816,324073.0,,,,,,,,Does Not Meet BEPS: Incomplete/Missing Report,2023/09/25 04:00:00+00,38.91958357,-77.03168089,397252.63166493,139079.71531769,310480,,{0639A2BF-D0CD-2945-E063-782F520A104C},258589
-77.0324288798271,38.9039976691571,PM1238339,0215 0013,1238339,,1101 Vermont,,,1101 VERMONT AVE NW,1101 VERMONT AVE INVESTORS LLC,2,"1101 Vermont Ave, N.W.",WASHINGTON,DC,20005,1982,Office,208294,186703.0,71,ENERGYSTARSCORE,2019,Office_all,74,,,Meets BEPS,2023/05/04 04:00:00+00,38.90398988,-77.03242659,397187.34964846,137348.70984874,240256,,{0639A2BF-D0CE-2945-E063-782F520A104C},258590
-77.061458274427,38.9039964270325,PM12396717,1189 0090,12396717,,CTF Georgetown Hotel LLC Rosewood Hotel DC,,,1050 31ST ST NW,CTF GEORGETOWN HOTEL LLC,2,1050 31st Street NW,WASHINGTON,DC,20007,1965,Hotel,62807,62807.0,54,ENERGYSTARSCORE,2019,Hotel,82,,,Meets BEPS,2023/05/04 04:00:00+00,38.90398864,-77.06145597,394669.37013088,137349.86696407,273780,,{0639A2BF-D0CF-2945-E063-782F520A104C},258591
-77.0234342898398,38.8785377843306,PM12413775,0473 7075,12413775,,Canopy by Hilton Washington DC | The Wharf,,,975 7TH ST SW,WHARF HORIZONTAL REIT LEASEHOLDER LLC,6,975 7th Street SW,WASHINGTON,DC,20024,2017,Hotel,115000,115000.0,54,ENERGYSTARSCORE,2019,Hotel,75,,,Meets BEPS,2023/05/04 04:00:00+00,38.87853,-77.023432,397966.80602733,134522.22485159,313288,,{0639A2BF-D0D0-2945-E063-782F520A104C},258592
-77.0244967115416,38.8792181955129,PM12414918,0473 5521,12414918,,"VIO, A Condominium",,,45 SUTTON SQUARE SW,"VIO, A CONDOMINIUM",6,"45 SUTTON SQ., SW",WASHINGTON,DC,20024,2017,Multifamily Housing,142187,186060.0,66,ENERGYSTARSCORE,2019,Multifamily Housing,67,,,Meets BEPS,2023/09/24 04:00:00+00,38.87921041,-77.02449442,397874.64014265,134597.77973115,315320,,{0639A2BF-D0D1-2945-E063-782F520A104C},258593
-77.0249353417251,38.9210841773759,PM12414955,2882 0959,12414955,,Trellis House,,,2323 SHERMAN AVE NW,HOWARD UNIVERSITY,1,2323 Sherman Avenue NW,WASHINGTON,DC,20001,2018,Multifamily Housing,305711,198425.0,66,ENERGYSTARSCORE,2019,Multifamily Housing,100,,,Meets BEPS,2023/09/24 04:00:00+00,38.92107639,-77.02493305,397837.84992511,139245.24945978,232313,,{0639A2BF-D0D2-2945-E063-782F520A104C},258594
-77.025537287388,38.8839787805244,PM12417369,0387 7006,12417369,,The International Spy Museum,,,700 LENFANT PLAZA SW,INTERNATIONAL SPY MUSEUM-THE MALRITE CO,6,"700 L'Enfant Plaza, SW",WASHINGTON,DC,20024,2018,Museum,139998,139998.0,240,WEATHERNORMALZEDSOUREUI_KBTUFT,2019,Public assembly,266,-9.77%,-20.00%,Does Not Meet BEPS,2023/05/04 04:00:00+00,38.883971,-77.025535,397784.49772914,135126.26638734,317008,,{0639A2BF-D0D3-2945-E063-782F520A104C},258595
-77.087621423969,38.9585645484598,PM12418533,1580 0033,12418533,,Lord and Taylor,,,5255 WESTERN AVE NW,MAZZA FAMILY FRIENDSHIP HEIGHTS LLC,3,5255 Western Ave NW,WASHINGTON,DC,20015,1959,Retail Store,146676,146676.0,64,ENERGYSTARSCORE,2019,Retail_all,63,-1.12%,-1.12%,Does Not Meet BEPS,2023/05/04 04:00:00+00,38.95855675,-77.08761911,392405.81996172,143409.24980736,294463,,{0639A2BF-D0D4-2945-E063-782F520A104C},258596
-77.0417047810705,38.9227727625494,PM12419702,2560 0135,12419702,,The Line DC,,,1770 EUCLID ST NW,ADAMS MORGAN HOTEL OWNERS LLC,1,1770 Euclid St NW,WASHINGTON,DC,20009,2017,Hotel,153210,153210.0,54,ENERGYSTARSCORE,2019,Hotel,18,-27.22%,-20.00%,Does Not Meet BEPS,2023/05/04 04:00:00+00,38.92276497,-77.04170248,396383.7202735,139433.22685362,235625,,{0639A2BF-D0D5-2945-E063-782F520A104C},258597
-76.9767636292589,38.9177060537907,PM12420373,4263 0006,12420373,,1818 New York Ave Office Building,,,1818 NEW YORK AVE NE,K M S STORAGE LLC,5,1818 New York Ave NE,WASHINGTON,DC,20002,1934,Office,89079,79000.0,71,ENERGYSTARSCORE,2019,Office_all,81,,,Meets BEPS,2023/09/24 04:00:00+00,38.91769826,-76.97676135,402015.31016299,138870.20987147,55416,,{0639A2BF-D0D6-2945-E063-782F520A104C},258598
-77.0273851472926,38.895343186411,PM1242152,0322 0021,1242152,,Evening Star Building,,,1101 PENNSYLVANIA AVE NW,TC 1101 PENNSYLVANIA AVENUE OWNER LLC,2,1101 Pennsylvania Ave. NW.,WASHINGTON,DC,20004,1898,Office,336271,244160.0,71,ENERGYSTARSCORE,2019,Office_all,63,-11.62%,-11.62%,Does Not Meet BEPS,2023/09/15 04:00:00+00,38.8953354,-77.02738286,397624.5496107,136387.84998074,242893,,{0639A2BF-D0D7-2945-E063-782F520A104C},258599
-77.0381001942581,38.905163710092,PM1242253,"0183 0883; 0183 0884",1242253,,NGS Headquarters,,,1145 17TH ST NW,NATIONAL GEOGRAPHIC SOCIETY,2,"1145 17th St, NW and 1600 M Street, NW",WASHINGTON,DC,20036,1964,Office,598366,746237.0,71,ENERGYSTARSCORE,2019,Office_all,66,-7.60%,-7.60%,Does Not Meet BEPS,2023/05/04 04:00:00+00,38.90515592,-77.0380979,396695.47987339,137478.3397475,900937,,{0639A2BF-D0D8-2945-E063-782F520A104C},258600
-77.0408484221053,38.9207566684996,PM12426474,2563 1613,12426474,,Adams Row Condominiums,,,2301 CHAMPLAIN ST NW,ADAMS ROW CONDO RESIDENCES,1,2301 Champlain St NW,WASHINGTON,DC,20009,2004,Multifamily Housing,62648,96470.0,66,ENERGYSTARSCORE,2019,Multifamily Housing,95,,,Meets BEPS,2023/07/12 04:00:00+00,38.92074888,-77.04084612,396457.88039725,139209.39026158,295030,,{0639A2BF-D0D9-2945-E063-782F520A104C},258601
-76.9936880533653,38.8622848538201,PM12427528,5789 0031,12427528,,Thurgood Marshall Acadmey,,,2427 MARTIN LUTHER KING JR AVE SE,THURGOOD MARSHALL ACADEMY,8,2427 Martin Luther King Jr Ave SE,WASHINGTON,DC,20020,1901,K-12 School,70000,70000.0,36,ENERGYSTARSCORE,2019,K-12 School,37,,,Meets BEPS,2023/05/04 04:00:00+00,38.86227707,-76.99368577,400548.01035523,132717.78666713,278159,,{0639A2BF-D0DA-2945-E063-782F520A104C},258602
-77.0057065552589,38.8222776435002,PM12428177,6254 1302,12428177,,Friendship Square,,,4733 1ST ST SW,FRIENDSHIP SQUARE CONDO,8,4729 1st st SW,WASHINGTON,DC,20032,1949,Multifamily Housing,62292,62292.0,66,ENERGYSTARSCORE,2019,Multifamily Housing,4,-41.22%,-20.00%,Does Not Meet BEPS,2023/09/20 04:00:00+00,38.82226987,-77.00570427,399504.6504062,128276.70686613,145550,,{0639A2BF-D0DB-2945-E063-782F520A104C},258603
-77.0072686643485,38.8766805316136,PM12433637,0699 0029,12433637,,Homewood Suites Washington DC Navy Yard,,,50 M ST SE,SKCG 50 M LLC,6,50 M Street SE,WASHINGTON,DC,20003,2016,Hotel,132308,137191.0,54,ENERGYSTARSCORE,2019,Hotel,74,,,Meets BEPS,2023/05/04 04:00:00+00,38.87667275,-77.00726638,399369.47999746,134315.82017846,278548,,{0639A2BF-D0DC-2945-E063-782F520A104C},258604
-77.006205286182,38.8759297790546,PM12433944,0701 7041,12433944,,Residence Inn Capitol Hill/Navy Yard,,,1233 1ST ST SE,WDC PROPERTY CORP,6,1233 First Street SE,WASHINGTON,DC,20003,2017,Hotel,194337,127000.0,54,ENERGYSTARSCORE,2019,Hotel,79,,,Meets BEPS,2023/05/04 04:00:00+00,38.875922,-77.006203,399461.74618927,134232.47445009,70461,,{0639A2BF-D0DD-2945-E063-782F520A104C},258605
-77.046874822246,38.9160369865489,PM12438562,2530 0310,12438562,,Washington DC/Dupont Circle - Generator Hotel,,,1900 CONNECTICUT AVE NW,GENERATOR DC PROPCO LLC,2,1900 Connecticut Ave NW,WASHINGTON,DC,20009,1969,Hotel,97125,97125.0,54,ENERGYSTARSCORE,2019,Hotel,67,,,Meets BEPS,2023/05/04 04:00:00+00,38.9160292,-77.04687252,395935.01027183,138685.71734758,235054,,{0639A2BF-D0DE-2945-E063-782F520A104C},258606
-77.0337239265337,38.9686387915346,PM12440548,2729 0006,12440548,,Winchester Underwood Coop,,,6445 LUZON AVE NW,THE WINCHESTER-UNDERWOOD COOPERATIVE INC,4,"6445 Luzon Avenue, NW",WASHINGTON,DC,20012,1960,Multifamily Housing,138199,85890.0,66,ENERGYSTARSCORE,2019,Multifamily Housing,91,,,Meets BEPS,2023/08/05 04:00:00+00,38.96863099,-77.03372163,397077.6698521,144524.47991501,257982,,{0639A2BF-D0DF-2945-E063-782F520A104C},258607
-77.0219214951268,38.8788712265485,PM12445563,0472 0829,12445563,,The Banks,,,680 I ST SW,680 EYE ST LLC,6,900 7th Street SW,WASHINGTON,DC,20024,2018,Multifamily Housing,228479,233182.0,66,ENERGYSTARSCORE,2019,Multifamily Housing,100,,,Meets BEPS,2023/09/22 04:00:00+00,38.87886344,-77.02191921,398098.07965743,134559.2066192,317507,,{0639A2BF-D0E0-2945-E063-782F520A104C},258608
-77.0287953566667,38.9029097543707,PM12448367,0284 0044,12448367,,Eaton DC,,,1213 K ST NW,PACIFIC WASHINGTON DC CORPORATION,2,1201 K Street NW,WASHINGTON,DC,20005,1963,Hotel,168409,175109.0,54,ENERGYSTARSCORE,2019,Hotel,62,,,Meets BEPS,2023/09/14 04:00:00+00,38.90290197,-77.02879306,397502.4803458,137227.83737054,243282,,{0639A2BF-D0E1-2945-E063-782F520A104C},258609
-77.0139678025176,38.9655087346443,PM12452475,3341 0812,12452475,,Christian Innovation Center LLC,,,6200 2ND ST NW,CHRISTIAN INNOVATION CENTER LLC,4,6200 2nd Street NW,WASHINGTON,DC,20011,1927,Other,67199,67199.0,229,WEATHERNORMALZEDSOUREUI_KBTUFT,2019,Other,76.2,,,Meets BEPS,2023/05/04 04:00:00+00,38.96550093,-77.01396551,398789.69005402,144176.56658173,245006,,{0639A2BF-D0E2-2945-E063-782F520A104C},258610
-77.0265546876277,38.905810794888,PM12452844,0340 5309,12452844,,10Eleven Condominium,,,1011 M ST NW,10ELEVEN CONDOMINIUM,2,1011 M St NW,WASHINGTON,DC,20001,2016,Multifamily Housing,58567,58567.0,66,ENERGYSTARSCORE,2019,Multifamily Housing,5,-39.80%,-20.00%,Does Not Meet BEPS,2023/09/24 04:00:00+00,38.90580301,-77.0265524,397696.92960692,137549.81738755,312330,,{0639A2BF-D0E3-2945-E063-782F520A104C},258611
-77.0359668210444,38.9640680318096,PM12457255,2726 0009,12457255,,Milton Gottesman Jewish Day School - North Campus,,,6045 16TH ST NW,JEWISH PRIMARY DARY SCHOOLOF THE NATIONS CAPITAL INC,4,6045 16th St NW,WASHINGTON,DC,20011,2018,K-12 School,124133,70782.0,36,ENERGYSTARSCORE,2019,K-12 School,81,,,Meets BEPS,2023/05/04 04:00:00+00,38.96406023,-77.03596452,396883.10020671,144017.15677288,256159,,{0639A2BF-D0E4-2945-E063-782F520A104C},258612
-77.0206012664411,38.8758524199941,PM12490997,0473 5388,12490997,,525 Water A Condominium,,,525 WATER ST SW,"525 WATER, A CONDOMINIUM",6,525 WATER ST SW,WASHINGTON,DC,20024,2016,Multifamily Housing,80953,105380.0,66,ENERGYSTARSCORE,2019,Multifamily Housing,68,,,Meets BEPS,2023/09/24 04:00:00+00,38.87584464,-77.02059898,398212.55982326,134224.07028459,312716,,{0639A2BF-D0E5-2945-E063-782F520A104C},258613
-77.0275493582657,38.9035580258648,PM1257635,0316 0032,1257635,,1100L,,,1100 L ST NW,12TH & L STREET LTD,2,1100 L Street NW,WASHINGTON,DC,20005,1972,Office,474396,345116.0,71,ENERGYSTARSCORE,2019,Office_all,82,,,Meets BEPS,2023/05/04 04:00:00+00,38.90355024,-77.02754707,397610.57964727,137299.76722457,239119,,{0639A2BF-D0E6-2945-E063-782F520A104C},258614
-77.0330401014842,38.9029210895164,PM1257638,0217 0050,1257638,,1425K,,,1425 K ST NW,BGW LP,2,1425 K Street NW,WASHINGTON,DC,20005,2000,Office,231489,239478.0,71,ENERGYSTARSCORE,2019,Office_all,80,,,Meets BEPS,2023/05/04 04:00:00+00,38.9029133,-77.03303781,397134.28978137,137229.21978218,240264,,{0639A2BF-D0E7-2945-E063-782F520A104C},258615
-77.0393909688875,38.9032565467056,PM1257639,0164 0035,1257639,,Blake Building,,,1027 CONNECTICUT AVE NW,BLAKE DEVELOPMENT COMPANY,2,1025 Connecticut Ave. NW,WASHINGTON,DC,20036,1962,Office,466690,351106.0,71,ENERGYSTARSCORE,2019,Office_all,81,,,Meets BEPS,2023/05/04 04:00:00+00,38.90324876,-77.03938867,396583.43025034,137266.67707523,241803,,{0639A2BF-D0E8-2945-E063-782F520A104C},258616
-77.0410412521801,38.904165651316,PM1257640,0161 0037,1257640,,Bender Building,,,1120 CONNECTICUT AVE NW,JACK I BENDER & SONS,2,1120 Connecticut Ave. NW,WASHINGTON,DC,20036,1962,Office,403277,369441.0,71,ENERGYSTARSCORE,2019,Office_all,79,,,Meets BEPS,2023/05/04 04:00:00+00,38.90415786,-77.04103896,396440.32961892,137367.65757722,241785,,{0639A2BF-D0E9-2945-E063-782F520A104C},258617
-77.0413333258087,38.9044463297372,PM1257641,0161 0031,1257641,,1111,,,1111 18TH ST NW,JACK I BENDER & SONS,2,1111 18th Street NW,WASHINGTON,DC,20036,2000,Office,110099,79905.0,71,ENERGYSTARSCORE,2019,Office_all,50,-25.91%,-20.00%,Does Not Meet BEPS,2023/07/26 04:00:00+00,38.90443854,-77.04133103,396415.00992437,137398.82675741,278853,,{0639A2BF-D0EA-2945-E063-782F520A104C},258618
-77.0393379731965,38.9058310709948,PM1257643,0160 0035,1257643,,OFC Building,,,1719 M ST NW,EZRA,2,1730 Rhode Island Ave. NW,WASHINGTON,DC,20036,1968,Office,244818,178421.0,71,ENERGYSTARSCORE,2019,Office_all,81,,,Meets BEPS,2023/05/04 04:00:00+00,38.90582328,-77.03933568,396588.14974431,137552.46765714,241782,,{0639A2BF-D0EB-2945-E063-782F520A104C},258619
-77.0427747036865,38.898157165424,PM1257644,0142 0825,1257644,,Northwestern Building,,,1850 G ST NW,NORTHWESTERN DEVELOPMENT CO,2,1800 G Street NW,WASHINGTON,DC,20006,1963,Office,813848,732964.0,71,ENERGYSTARSCORE,2019,Office_all,85,,,Meets BEPS,2023/05/04 04:00:00+00,38.89814938,-77.04277241,396289.65973483,136700.73708957,218491,,{0639A2BF-D0EC-2945-E063-782F520A104C},258620
-77.039827004564,38.8997812443337,PM1267785,0166 0862,1267785,,750 17th St.,,,750 17TH ST NW,MANUFACTURERS LIFE INSURANCE,2,"750 17th St., NW",WASHINGTON,DC,20006,1989,Office,187368,136452.0,71,ENERGYSTARSCORE,2019,Office_all,79,,,Meets BEPS,2023/05/04 04:00:00+00,38.89977346,-77.03982471,396545.43988204,136880.9072591,218751,,{0639A2BF-D0ED-2945-E063-782F520A104C},258621
-77.0429503510754,38.905369823322,PM1268752,0140 0092,1268752,,1850 M St.,,,1850 M ST NW,HANCOCK REIT 1850M LLC,2,"1850 M St., NW",WASHINGTON,DC,20036,1986,Office,302448,254980.0,71,ENERGYSTARSCORE,2019,Office_all,80,,,Meets BEPS,2023/05/04 04:00:00+00,38.90536204,-77.04294805,396274.80033296,137501.40748335,241300,,{0639A2BF-D0EE-2945-E063-782F520A104C},258622
-77.0275862498933,38.9002779840721,PM1268754,0318 0032,1268754,,1100 New York Avenue,,,1110 NEW YORK AVE NW,AZ JH REIT DC LP,2,"1100 New York Avenue, NW",WASHINGTON,DC,20005,1991,Office,563484,561341.0,71,ENERGYSTARSCORE,2019,Office_all,81,,,Meets BEPS,2023/05/04 04:00:00+00,38.9002702,-77.02758396,397607.26980486,136935.65734995,297684,,{0639A2BF-D0EF-2945-E063-782F520A104C},258623
-77.0353778984713,38.9059703362476,PM1268800,"0196 0034; 0196 0035",1268800,,National Education Association,Not Applicable: Standalone Property,Not Applicable: Standalone Property,1525 M ST NW,NATIONAL EDUCATION ASSOCIATES,2,"1201 16th St., NW",WASHINGTON,DC,22036,1957,Office,145254,394087.0,71,ENERGYSTARSCORE,2019,Office_all,83,,,Meets BEPS,2023/05/04 04:00:00+00,38.90596255,-77.0353756,396931.64030827,137567.78720342,242322,,{0639A2BF-D0F0-2945-E063-782F520A104C},258624
-77.0309918245692,38.8987253498281,PM1273006,0252 0079,1273006,,1325 G Street NW,,,1325 G ST NW,64 DCGST OWNER LLC,2,1325 G Street,WASHINGTON,DC,20005,1968,Office,448066,298641.0,71,ENERGYSTARSCORE,2019,Office_all,70,-1.62%,-1.62%,Does Not Meet BEPS,2023/06/07 04:00:00+00,38.89871756,-77.03098953,397311.80012649,136763.39666202,240653,,{0639A2BF-D0F1-2945-E063-782F520A104C},258625
-77.0315627334528,38.8985616050934,PM1273027,0252 0060,1273027,,The Colorado Building,,,1343 G ST NW,UNIZO REAL ESTATE DC EIGHT LLC,2,1341 G Street NW,WASHINGTON,DC,20005,1903,Office,187804,138832.0,71,ENERGYSTARSCORE,2019,Office_all,55,-20.88%,-20.00%,Does Not Meet BEPS,2023/09/20 04:00:00+00,38.89855382,-77.03156044,397262.27001527,136745.23718163,240652,,{0639A2BF-D0F2-2945-E063-782F520A104C},258626
-77.0587035378755,38.9019931509132,PM1273462,1171 2893,1273462,,Harbourside,,,2900 K ST NW,COMM 2013 CCRE12 K STREET LLC,2,2900 K St. NW,WASHINGTON,DC,20007,2006,Office,259999,160514.0,71,ENERGYSTARSCORE,2019,Office_all,70,-1.62%,-1.62%,Does Not Meet BEPS,2023/09/13 04:00:00+00,38.90198536,-77.05870124,394908.16964733,137127.32950019,273874,,{0639A2BF-D0F3-2945-E063-782F520A104C},258627
-77.0086080276069,38.9005107275603,PM1309871,0676 0114,1309871,,801 North Capitol Street,,,801 NORTH CAPITOL ST NE,ASB 601 NORTH CAPITOL LLC,6,"801 North Capitol Street, NE",WASHINGTON,DC,20002,1966,College/University,98980,120921.0,180,WEATHERNORMALZEDSOUREUI_KBTUFT,2019,College/University,163.3,,,Meets BEPS,2023/09/17 04:00:00+00,38.90050294,-77.00860574,399253.51011783,136961.16704641,79625,,{0639A2BF-D0F4-2945-E063-782F520A104C},258628
-77.0069230002462,38.9094516291934,PM1311349,0669 0166,1311349,,64 New York Avenue,,,77 P ST NE,ASB 64 NY LLC,5,"64 New York Avenue, NE",WASHINGTON,DC,20002,2000,Office,340934,379147.0,71,ENERGYSTARSCORE,2019,Office_all,69,-3.20%,-3.20%,Does Not Meet BEPS,2023/05/04 04:00:00+00,38.90944384,-77.00692071,399399.7503449,137953.66707223,289616,,{0639A2BF-D0F5-2945-E063-782F520A104C},258629
-77.0469546633086,38.9043761114985,PM13149,0072 0076,13149,,2101 L St NW,,,1116 21ST ST NW,CESC 2101 L STREET LLC,2,2101 L St NW,WASHINGTON,DC,20037,1975,Office,370000,406191.0,71,ENERGYSTARSCORE,2019,Office_all,68,-4.72%,-4.72%,Does Not Meet BEPS,2023/09/13 04:00:00+00,38.90436832,-77.04695236,395927.42042333,137391.26753679,242479,,{0639A2BF-D0F6-2945-E063-782F520A104C},258630
-77.0181488499707,38.8783874924511,PM13238005,0542 0828,13238005,,Eliot on 4th (lt079 & lt139),13238005,Eliot on 4th (lt079),1001 4TH ST SW,WATERFRONT 1001 4TH STREET LLC,6,1001 4th St SW,WASHINGTON,DC,20024,2018,Multifamily Housing,385270,483870.0,66,ENERGYSTARSCORE,2019,Multifamily Housing,98,,,Meets BEPS,2023/08/14 04:00:00+00,38.87837971,-77.01814656,398425.42018232,134505.43707869,307087,,{0639A2BF-D0F7-2945-E063-782F520A104C},258631
-77.0007753147748,38.8742977365377,PM13238013,0771 3259,13238013,,Arris (rr013),13238013,Arris (rr013),1331 4TH ST SE,FC 1331 LLC,6,1331 4th St SE,WASHINGTON,DC,20003,2016,Multifamily Housing,327548,476000.0,66,ENERGYSTARSCORE,2019,Multifamily Housing,58,-5.45%,-5.45%,Does Not Meet BEPS,2023/05/04 04:00:00+00,38.87428995,-77.00077303,399932.92022248,134051.2866053,310978,,{0639A2BF-D0F8-2945-E063-782F520A104C},258632
-77.0257702567511,38.8975462525747,PM1326900,0376 0828,1326900,,0975 F Street NW (Carroll Square),,,979 F ST NW,ST PATRICK'S CHURCH,2,975 F Street NW,WASHINGTON,DC,20004,2006,Office,179929,187749.0,71,ENERGYSTARSCORE,2019,Office_all,77,,,Meets BEPS,2023/05/04 04:00:00+00,38.89753847,-77.02576797,397764.70959583,136632.36746259,300399,,{0639A2BF-D0F9-2945-E063-782F520A104C},258633
-77.042266166243,38.9087872101695,PM1326957,0137 0056,1326957,,1800 Massachusetts Avenue NW (SEIU),,,1800 MASSACHUSETTS AVE NW,1800 MASSACHUSETTS AVENUE CORP,2,"1800 Massachusetts Avenue, NW",WASHINGTON,DC,20036,1979,Office,185604,217543.0,71,ENERGYSTARSCORE,2019,Office_all,78,,,Meets BEPS,2023/05/04 04:00:00+00,38.90877942,-77.04226387,396334.31991385,137880.73680272,243296,,{0639A2BF-D0FA-2945-E063-782F520A104C},258634
-77.0518568006008,38.9065026130941,PM1327025,0024 0115,1327025,,WWF Square 0024 Lot 0115,,,1250 24TH ST NW,WORLD WILDLIFE FUND INC,2,"1250 24th Street, NW",WASHINGTON,DC,20037,1986,Office,311428,245626.9,71,ENERGYSTARSCORE,2019,Office_all,83,,,Meets BEPS,2023/05/04 04:00:00+00,38.90649483,-77.0518545,395502.35004531,137627.55749721,273946,,{0639A2BF-D0FB-2945-E063-782F520A104C},258635
-77.0399579112843,38.898657316335,PM1327939,0168 0050,1327939,,1700 Pennsylvania Avenue NW (Mills),,,1700 PENNSYLVANIA AVE NW,THE MILLS BUILDING ASSOCIATES LLC,2,1700 Pennsylvania Avenue NW,WASHINGTON,DC,20006,1966,Office,244556,150698.0,71,ENERGYSTARSCORE,2019,Office_all,65,-8.99%,-8.99%,Does Not Meet BEPS,2023/09/21 04:00:00+00,38.89864953,-77.03995562,396534.02959985,136756.14701135,218408,,{0639A2BF-D0FC-2945-E063-782F520A104C},258636
-77.0244275951581,38.8995109947877,PM1328161,0375 0125,1328161,,Victor Building - 252510,,,750 9TH ST NW,750 NINTH STREET LLC,2,750 9th Street NW,WASHINGTON,DC,20001,2000,Office,322040,344081.0,71,ENERGYSTARSCORE,2019,Office_all,81,,,Meets BEPS,2023/05/04 04:00:00+00,38.89950321,-77.0244253,397881.2403509,136850.43726627,279928,,{0639A2BF-D0FD-2945-E063-782F520A104C},258637
-77.0012504536282,38.926968616294,PM13290122,"3548 0002; PAR 01200034",13290122,,Trinity Washington University,13290122,Trinity Washington University,125 MICHIGAN AVE NE,TRINITY COLLEGE,5,"125 Michigan Ave, NE",WASHINGTON,DC,20017,1910,College/University,56787,611937.0,202,Blended Custom Source Energy Use Intensity (EUI),2019,Trinity University Main Campus,175.1,,,Meets BEPS,2023/05/04 04:00:00+00,38.92696082,-77.00124817,399891.76983136,139898.17669952,285983,,{0639A2BF-D0FE-2945-E063-782F520A104C},258638
-77.0375746061625,38.9017008882971,PM1330640,0185 0828,1330640,,1625 Eye Street,,,1625 I ST NW,EYE ST 73 OWNER LLC,2,1625 Eye Street NW,WASHINGTON,DC,20006,2003,Office,624620,419302.0,71,ENERGYSTARSCORE,2019,Office_all,70,-1.62%,-1.62%,Does Not Meet BEPS,2023/09/14 04:00:00+00,38.9016931,-77.03757231,396740.91007119,137093.91987135,279274,,{0639A2BF-D0FF-2945-E063-782F520A104C},258639
-77.0418997688017,38.9007640611111,PM1331462,0105 0845,1331462,,"1801 Pennsylvania Avenue, LLC",,,826 18TH ST NW,1801 PA AVE LLC,2,"1801 Pennsylvania Avenue, NW",WASHINGTON,DC,20006,1991,Office,276842,220131.0,153,WEATHERNORMALZEDSOUREUI_KBTUFT,2019,Office_all,70.3,,,Meets BEPS,2023/05/04 04:00:00+00,38.90075627,-77.04189747,396365.6901881,136990.08752002,300931,,{0639A2BF-D100-2945-E063-782F520A104C},258640
-77.007027971963,38.9006132583733,PM1334631,0675 0841,1334631,,One Union Center,,,810 1ST ST NE,AREP ONE UNION CENTER LLC,6,810 First Street NE,WASHINGTON,DC,20002,1987,Office,202576,232126.0,153,WEATHERNORMALZEDSOUREUI_KBTUFT,2019,Office_all,81,,,Meets BEPS,2023/05/04 04:00:00+00,38.90060547,-77.00702569,399390.56967039,136972.53696503,79999,,{0639A2BF-D101-2945-E063-782F520A104C},258641
-77.0439127313133,38.9020790736898,PM1335301,0086 0844,1335301,,1900 K Street,,,1900 K ST NW,TEACHERS INSURANCE AND ANNUITY ASSOCIATION OF AMER,2,1900 K Street NW,WASHINGTON,DC,20006,1996,Office,440000,379324.0,71,ENERGYSTARSCORE,2019,Office_all,79,,,Meets BEPS,2023/05/04 04:00:00+00,38.90207129,-77.04391043,396191.15034502,137136.14736487,242552,,{0639A2BF-D102-2945-E063-782F520A104C},258642
-77.030928875989,38.8976485967953,PM1340568,0253 0059,1340568,,"1331 F Street, NW",,,1331 F ST NW,EJC 1331 F STREET LLC,2,1331 F Street NW,WASHINGTON,DC,20004,1988,Office,168668,142956.0,71,ENERGYSTARSCORE,2019,Office_all,65,-8.99%,-8.99%,Does Not Meet BEPS,2023/09/14 04:00:00+00,38.89764081,-77.03092658,397317.22025717,136643.8669748,240659,,{0639A2BF-D103-2945-E063-782F520A104C},258643
-77.0196247165002,38.8956136298089,PM1341848,0489 0021,1341848,,Liberty Square,,,415 6TH ST NW,JUDICIARY PLAZA LLC,2,"450 5th Street, NW",WASHINGTON,DC,20001,1982,Office,437277,543682.0,71,ENERGYSTARSCORE,2019,Office_all,77,,,Meets BEPS,2023/05/19 04:00:00+00,38.89560584,-77.01962243,398297.76975009,136417.69764165,238951,,{0639A2BF-D104-2945-E063-782F520A104C},258644
-77.0130761322955,38.8928275551184,PM1342182,0574 0025,1342182,,101 Constitution,,,101 CONSTITUTION AVE NW,UNITED BROTHERHD CRPT JNR AM NATL H S FD,6,"101 Constitution Avenue, NW",WASHINGTON,DC,20001,2002,Office,561068,564563.0,71,ENERGYSTARSCORE,2019,Office_all,70,-1.62%,-1.62%,Does Not Meet BEPS,2023/09/13 04:00:00+00,38.89281977,-77.01307385,398865.80957706,136108.32012706,278781,,{0639A2BF-D105-2945-E063-782F520A104C},258645
-77.0097305362589,38.900512531193,PM1345607,0622 0089,1345607,,"BOYD - DC I GSA, LLC",,,800 NORTH CAPITOL ST NW,BOYD DC I GSA LLC,6,"800 N CAPITOL STREET, NW",WASHINGTON,DC,20004,1989,Office,417455,336820.0,71,ENERGYSTARSCORE,2019,Office_all,70,-1.62%,-1.62%,Does Not Meet BEPS,2023/09/13 04:00:00+00,38.90050474,-77.00972825,399156.13997053,136961.37663856,237165,,{0639A2BF-D106-2945-E063-782F520A104C},258646
-77.0285486943294,38.9010212217575,PM1346869,"0286 0818; 0286 0819",1346869,,1201 - 1225 New York Avenue,,,1201 NEW YORK AVE NW,1201-1225 NEW YORK AVE SPE LLC,2,"1201 New York Avenue, NW",WASHINGTON,DC,20005,1988,Office,554395,506635.0,71,ENERGYSTARSCORE,2019,Office_all,80,,,Meets BEPS,2023/05/04 04:00:00+00,38.90101343,-77.0285464,397523.81015947,137018.18750936,278918,,{0639A2BF-D107-2945-E063-782F520A104C},258647
-77.0316848822314,38.9033853682422,PM1347006,0248 0075,1347006,,Franklin Court,,,1099 14TH ST NW,FRANKLIN COURT INC,2,1099 14th Street NW,WASHINGTON,DC,20005,1991,Office,653028,508315.0,71,ENERGYSTARSCORE,2019,Office_all,75,,,Meets BEPS,2023/05/04 04:00:00+00,38.90337758,-77.03168259,397251.85988038,137280.7169396,278809,,{0639A2BF-D108-2945-E063-782F520A104C},258648
-77.0255126186701,38.8833876645953,PM1347061,0387 0868,1347061,,950 L'Enfant Plaza,,,990 L'ENFANT PLAZA SW,WASHINGTON DC V FGF LLC,6,"950 L'Enfant Plaza, SW",WASHINGTON,DC,20024,1967,Office,276288,328940.0,71,ENERGYSTARSCORE,2019,Office_all,66,-7.60%,-7.60%,Does Not Meet BEPS,2023/09/15 04:00:00+00,38.88337988,-77.02551033,397786.61984404,135060.64692227,301854,,{0639A2BF-D109-2945-E063-782F520A104C},258649
-77.0531277789506,38.9003033019788,PM13479481,0029 0003,13479481,,Arc The.Hotel DC,,,825 25TH ST NW,VWNH HOSPITALITY LLC,2,824 New Hampshire Ave NW,WASHINGTON,DC,20037,1960,Hotel,79671,73950.0,54,ENERGYSTARSCORE,2019,Hotel,57,,,Meets BEPS,2023/05/04 04:00:00+00,38.90029552,-77.05312548,395391.70990071,136939.4474771,274009,,{0639A2BF-D10A-2945-E063-782F520A104C},258650
-77.0074448760273,38.8999011487163,PM1348840,0677 0146,1348840,,750 First Street,,,750 1ST ST NE,APA 750 LLC,6,750 First Street NE,WASHINGTON,DC,20002,1991,Office,394400,392786.0,71,ENERGYSTARSCORE,2019,Office_all,82,,,Meets BEPS,2023/05/04 04:00:00+00,38.89989336,-77.00744259,399354.40001545,136893.48990927,78854,,{0639A2BF-D10B-2945-E063-782F520A104C},258651
-77.037060909415,38.9090459223756,PM1349227,"0181 0873; 0181 0874",1349227,,Resources for the Future Inc./Resources and Conservation Center LLC,,,1400 16TH ST NW,C M LAND LLC,2,1616 P Street NW,WASHINGTON,DC,20036,1959,Office,278656,273886.0,71,ENERGYSTARSCORE,2019,Office_all,81,,,Meets BEPS,2023/07/29 04:00:00+00,38.90903813,-77.03705861,396785.8003281,137909.25958501,242014,,{0639A2BF-D10C-2945-E063-782F520A104C},258652
-76.9954568610989,38.8850469152103,PM13494953,0901 0804,13494953,,Eastern Market - Campus,13494953,Eastern Market - Campus,335 8TH STREET SE,DISTRICT OF COLUMBIA,6,700 Pennsylvania Ave SE,WASHINGTON,DC,20003,2017,Mixed Use Property,418531,435804.0,229,SOURCEEUI_KBTU_FT,2019,Other,173.2,,,Meets BEPS,2023/09/23 04:00:00+00,38.88503913,-76.99545458,400394.36999037,135244.53701542,311942,,{0639A2BF-D10D-2945-E063-782F520A104C},258653
-77.031591196454,38.9040028262561,PM1356732,0247 0092,1356732,,1101 14th street,,,1101 14TH ST NW,THE REALTY ASSOCIATES FUND XI PORTFOLIO LP,2,1101 14th St NW,WASHINGTON,DC,20005,1981,Office,155374,156467.0,71,ENERGYSTARSCORE,2019,Office_all,92,,,Meets BEPS,2023/09/13 04:00:00+00,38.90399504,-77.0315889,397260.01024598,137349.25717416,240637,,{0639A2BF-D10E-2945-E063-782F520A104C},258654
-77.0397452701144,38.9018505915157,PM1356880,0126 0830,1356880,,Barr Building,,,908 17TH ST NW,BARR BUILDING LLC,2,"910 17th Street, NW",WASHINGTON,DC,20006,1927,Office,115104,111980.0,71,ENERGYSTARSCORE,2019,Office_all,75,,,Meets BEPS,2023/09/02 04:00:00+00,38.9018428,-77.03974297,396552.6303544,137110.61750829,236722,,{0639A2BF-D10F-2945-E063-782F520A104C},258655
-77.0096006167426,38.895405250186,PM1357840,0630 0071,1357840,,Hall of the States,,,400 NORTH CAPITOL ST NW,MEBA REALTY HOLDING TRUST,6,"400/444 North Capitol Street, NW",WASHINGTON,DC,20001,1975,Office,961282,640321.0,71,ENERGYSTARSCORE,2019,Office_all,79,,,Meets BEPS,2023/05/04 04:00:00+00,38.89539746,-77.00959833,399167.35004304,136394.42663655,242916,,{0639A2BF-D110-2945-E063-782F520A104C},258656
-77.0437975149824,38.9006893973849,PM1368706,0118 0818,1368706,,1901 Pennsylvania Ave (py21),,,1901 PENNSYLVANIA AVE NW,WASHREIT 1901 PENNSYLVANIA AVE TRUSTEE LLC,2,1901 Pennsylvania Ave,WASHINGTON,DC,20006,1959,Office,113200,110730.8,71,ENERGYSTARSCORE,2019,Office_all,75,,,Meets BEPS,2023/05/04 04:00:00+00,38.90068161,-77.04379522,396201.06980613,136981.87692431,218549,,{0639A2BF-D111-2945-E063-782F520A104C},258657
-77.04044708542,38.9070669262569,PM1369166,0159 0090,1369166,,AMERICAN SOCIETY FOR MICROBIOLOGY,,,1752 N STREET NW,AMERICAN SOCIETY FOR MICROBIOLOGY,2,1752 N STREET N.W.,WASHINGTON,DC,20036,1979,Office,94580,94580.0,71,ENERGYSTARSCORE,2019,Office_all,82,,,Meets BEPS,2023/05/04 04:00:00+00,38.90705914,-77.04044479,396492.0099009,137689.70020609,241769,,{0639A2BF-D112-2945-E063-782F520A104C},258658
-77.0472405064611,38.9028723125322,PM1373989,0073 0084,1373989,,2121 K Street,,,2121 K ST NW,2121 K LLC,2,2121 K Street NW,WASHINGTON,DC,20037,1981,Office,235248,193537.0,71,ENERGYSTARSCORE,2019,Office_all,74,,,Meets BEPS,2023/05/04 04:00:00+00,38.90286453,-77.04723821,395902.53983013,137224.34749758,243319,,{0639A2BF-D113-2945-E063-782F520A104C},258659
-77.0234423325197,38.8996493849296,PM1378102,0405 0026,1378102,,799 9th street,,,808 H ST NW,BOP 799 9TH LLC,2,799 9th street N.W.,WASHINGTON,DC,20001,2001,Office,215686,210645.0,71,ENERGYSTARSCORE,2019,Office_all,72,,,Meets BEPS,2023/05/04 04:00:00+00,38.8996416,-77.02344004,397966.7101479,136865.77725774,279934,,{0639A2BF-D114-2945-E063-782F520A104C},258660
-77.0463422736978,38.9031736505031,PM1380075,0076 0088,1380075,,"2033 K Street, NW",,,1009 21ST ST NW,2033K LP,2,2033 K Street N.W.,WASHINGTON,DC,20006,1975,Office,128767,134457.0,71,ENERGYSTARSCORE,2019,Office_all,60,-15.31%,-15.31%,Does Not Meet BEPS,2023/05/04 04:00:00+00,38.90316586,-77.04633998,395980.46961266,137257.75762333,243320,,{0639A2BF-D115-2945-E063-782F520A104C},258661
-77.0511104245539,38.9021968583905,PM13819881,"0039 0004; 0041 0040; 0042 0054; 0042 0055; 0043 0026; 0052 0805; 0055 0029; 0055 0855; 0055 0856; 0056 0030; 0057 0055; 0057 0056; 0072 0007; 0077 0059; 0077 0061; 0077 0062; 0079 0063; 0079 0064; 0079 0065; 0079 0853; 0079 0861; 0080 0056; 0080 0825; 0081 0846; 0101 0062; 0102 0840; 0103 0001; 0103 0042; 0122 0028; 0122 0029; 0122 0030; 0122 0031; 0171 0814",13819881,,DOEE - Foggy Bottom Campus,13819881,DOEE - Foggy Bottom Campus,2300 K ST NW,THE GEORGE WASHINGTON UNIVERSITY,2,2121 I St NW,WASHINGTON,DC,20052,1821,Mixed Use Property,115000,5531039.0,241,Blended Custom Source Energy Use Intensity (EUI),2019,George Washington University Main Campus,263.6,-8.57%,-8.57%,Does Not Meet BEPS,2023/09/14 04:00:00+00,38.90218907,-77.05110812,395566.82043082,137149.54681579,242496,,{0639A2BF-D116-2945-E063-782F520A104C},258662
-77.0901446477464,38.9182831587311,PM13820283,1374 0850,13820283,,DOEE - Mount Vernon Campus,13820283,DOEE - Mount Vernon Campus,2100 FOXHALL RD NW,THE GEORGE WASHINGTON UNIVERSITY,3,"2100 Foxhall Road, NW",WASHINGTON,DC,20007,2001,Residence Hall/Dormitory,271712,272171.0,209,Blended Custom Source Energy Use Intensity (EUI),2019,George Washington University Mt. Vernon Campus,196.4,,,Meets BEPS,2023/05/04 04:00:00+00,38.91827537,-77.09014234,392182.70956838,138937.87697667,224574,,{0639A2BF-D117-2945-E063-782F520A104C},258663
-77.0264877214652,38.8987193503813,PM1384590,0345 0041,1384590,,Washington Center,,,1001 G ST NW,WEASHINGTON CENTER TRUSTEE LLC,2,1001 G Street NW,WASHINGTON,DC,20001,1989,Office,562746,366607.0,71,ENERGYSTARSCORE,2019,Office_all,72,,,Meets BEPS,2023/05/04 04:00:00+00,38.89871156,-77.02648543,397702.50997892,136762.60761918,239369,,{0639A2BF-D118-2945-E063-782F520A104C},258664
-77.0301558036249,38.8970629308984,PM1389067,"0254 0839; 0254 0842; 0254 7003",1389067,,National Place,,,1300 F ST NW,NATIONAL PLACE LAND COMPANY LLC,2,1331 Pennsylvania Ave. NW,WASHINGTON,DC,20004,1984,Office,1544024,594315.0,71,ENERGYSTARSCORE,2019,Office_all,81,,,Meets BEPS,2023/05/04 04:00:00+00,38.89705514,-77.03015351,397384.26007591,136578.83050948,279081,,{0639A2BF-D119-2945-E063-782F520A104C},258665
-77.0380513473587,38.9011255232492,PM1390727,0186 0810,1390727,,Chanin Building - 815 Connecticut,,,1622 I ST NW,PONTE GADEA WASHINGTON LLC,2,815 Connecticut Avenue,WASHINGTON,DC,20006,1963,Office,269619,231784.0,71,ENERGYSTARSCORE,2019,Office_all,85,,,Meets BEPS,2023/05/04 04:00:00+00,38.90111774,-77.03804905,396699.53016535,137030.06741681,218768,,{0639A2BF-D11A-2945-E063-782F520A104C},258666
-77.0084373539483,38.9010190186598,PM1391419,0675 0855,1391419,,(SOLD) 899 North Capitol Street (Union Square),,,899 NORTH CAPITOL ST NE,US UNION SQUARE DC 899 LLC,6,899 North Capitol Street,WASHINGTON,DC,20002,1973,Office,318096,314317.0,71,ENERGYSTARSCORE,2019,Office_all,72,,,Meets BEPS,2023/05/04 04:00:00+00,38.90101123,-77.00843507,399268.31980239,137017.58993648,308942,,{0639A2BF-D11B-2945-E063-782F520A104C},258667
-77.0430461137569,38.9028137575228,PM1396919,0107 0077,1396919,,1875 K Street,,,1875 K ST NW,CP 1875 K STREET LLC,2,"1875 K Street, NW",WASHINGTON,DC,20006,2002,Office,267097,208952.0,71,ENERGYSTARSCORE,2019,Office_all,79,,,Meets BEPS,2023/05/04 04:00:00+00,38.90280597,-77.04304382,396266.35970888,137217.6669597,279444,,{0639A2BF-D11C-2945-E063-782F520A104C},258668
-77.0323957744635,38.8976131566498,PM1396921,0224 0824,1396921,,Hamilton Square,,,1401 F ST NW,FSP HAMILTON SQUARE LLC,2,"600 14th Street, NW",WASHINGTON,DC,20005,1929,Office,269472,343755.0,71,ENERGYSTARSCORE,2019,Office_all,59,-16.48%,-16.48%,Does Not Meet BEPS,2023/05/04 04:00:00+00,38.89760537,-77.03239348,397189.9700854,136639.97698415,300970,,{0639A2BF-D11D-2945-E063-782F520A104C},258669
-77.0324240191722,38.9016743883983,PM1397164,0218 0077,1397164,,Franklin Tower,,,1401 I ST NW,1401 EYE HOLDINGS LLC,2,1401 I St NW,WASHINGTON,DC,20005,1991,Office,315944,250952.0,71,ENERGYSTARSCORE,2019,Office_all,54,-21.93%,-20.00%,Does Not Meet BEPS,2023/09/14 04:00:00+00,38.9016666,-77.03242173,397187.6796041,137090.80688102,218109,,{0639A2BF-D11E-2945-E063-782F520A104C},258670
-77.0304157387514,38.9005423976559,PM1397627,0250 0841,1397627,,The Associations,,,1307 NEW YORK AVE NW,HERALD OWNERS LLC,2,1307 New York Ave,WASHINGTON,DC,20005,1997,Office,144144,131330.0,71,ENERGYSTARSCORE,2019,Office_all,73,,,Meets BEPS,2023/09/02 04:00:00+00,38.90053461,-77.03041345,397361.83962786,136965.08694639,240650,,{0639A2BF-D11F-2945-E063-782F520A104C},258671
-77.0278467346892,38.8954163783727,PM1398167,0322 0020,1398167,,1111 Penn,,,1111 PENNSYLVANIA AVE NW,1111 PENNSYLVANIA AVE GROUND OWNER LLC,2,"1111 Pennsylvania Ave, NW",WASHINGTON,DC,20004,1967,Office,511817,366128.0,71,ENERGYSTARSCORE,2019,Office_all,62,-12.87%,-12.87%,Does Not Meet BEPS,2023/09/14 04:00:00+00,38.89540859,-77.02784444,397584.51023943,136395.98676251,278856,,{0639A2BF-D120-2945-E063-782F520A104C},258672
-77.0744127695061,38.9617871011608,PM14008164,1857 3004,14008164,,Garfield Condominium,,,5410 CONNECTICUT AVE NW,THE GARFIELD CONDO,3,5410 Connecticut Ave NW,WASHINGTON,DC,20015,1957,Multifamily Housing,131061,173678.0,66,ENERGYSTARSCORE,2019,Multifamily Housing,76,,,Meets BEPS,2023/05/04 04:00:00+00,38.9617793,-77.07441046,393550.93991417,143765.96663446,274846,,{0639A2BF-D121-2945-E063-782F520A104C},258673
-77.0322142595937,38.9296274005657,PM14008166,2848 1848,14008166,,Kenyon Square,,,1390 KENYON ST NW,KENYON SQUARE CONDO,1,1390 Kenyon St NW,WASHINGTON,DC,20010,2007,Multifamily Housing,150123,254134.0,66,ENERGYSTARSCORE,2019,Multifamily Housing,3,-42.90%,-20.00%,Does Not Meet BEPS,2023/09/13 04:00:00+00,38.92961961,-77.03221196,397206.97036548,140193.8172665,301099,,{0639A2BF-D122-2945-E063-782F520A104C},258674
-76.9857711489296,38.899616215935,PM14008170,1027 4261,14008170,,Maryland Condominium,,,1350 MARYLAND AVE NE,THE MARYLAND CONDO,6,1350 Maryland Avenue NE,WASHINGTON,DC,20002,2015,Multifamily Housing,59350,49459.0,66,ENERGYSTARSCORE,2019,Multifamily Housing,82,,,Meets BEPS,2023/09/24 04:00:00+00,38.89960843,-76.98576887,401234.46998675,136861.93030127,149108,,{0639A2BF-D123-2945-E063-782F520A104C},258675
-77.0375085556371,38.9113616447085,PM14009898,0179 2173,14009898,,Cairo Condominium,,,1615 Q ST NW,THE CAIRO CONDO,2,1615 Q St NW # G1,WASHINGTON,DC,20009,1895,Multifamily Housing,96026,135733.0,66,ENERGYSTARSCORE,2019,Multifamily Housing,42,-14.86%,-14.86%,Does Not Meet BEPS,2023/09/13 04:00:00+00,38.91135386,-77.03750626,396747.07997644,138166.34048623,226233,,{0639A2BF-D124-2945-E063-782F520A104C},258676
-77.0462633146182,38.8971496014988,PM14009903,0104 2025,14009903,,Letterman House Condominiums,,,2030 F ST NW,LETTERMAN HOUSE CONDO,2,2030 F Street NW,WASHINGTON,DC,20006,1960,Multifamily Housing,61824,85691.0,66,ENERGYSTARSCORE,2019,Multifamily Housing,69,,,Meets BEPS,2023/09/08 04:00:00+00,38.89714182,-77.04626102,395986.97972697,136589.03748832,226224,,{0639A2BF-D125-2945-E063-782F520A104C},258677
-77.0248487096286,38.918682377402,PM14009905,0358 2762,14009905,,Rhapsody Condominium,,,2120 VERMONT AVE NW,THE RHAPSODY CONDOMINIUM,1,2120 Vermont Ave NW,WASHINGTON,DC,20001,2006,Multifamily Housing,124036,124036.0,66,ENERGYSTARSCORE,2019,Multifamily Housing,65,-0.72%,-0.72%,Does Not Meet BEPS,2023/06/02 04:00:00+00,38.91867459,-77.02484642,397845.28975835,138978.62740354,302641,,{0639A2BF-D126-2945-E063-782F520A104C},258678
-77.0478599474416,38.9167986022237,PM14009908,2528 1101,14009908,,The Brighton Condominium,,,2123 CALIFORNIA ST NW,THE BRIGHTON CONDOMINIUM,2,2123 California St NW,WASHINGTON,DC,20008,1911,Multifamily Housing,61127,84539.0,66,ENERGYSTARSCORE,2019,Multifamily Housing,74,,,Meets BEPS,2023/05/04 04:00:00+00,38.91679081,-77.04785765,395849.61982421,138770.30673082,226296,,{0639A2BF-D127-2945-E063-782F520A104C},258679
-77.0478263228997,38.9182422914122,PM14009909,2527 1099,14009909,,THE DRESDEN CONDOMINIUM,,,2126 CONNECTICUT AVE NW,THE DRESDEN CONDOMINIUM,2,2126 CONNECTICUT AVE NW,WASHINGTON,DC,20008,1909,Multifamily Housing,90762,90762.0,66,ENERGYSTARSCORE,2019,Multifamily Housing,74,,,Meets BEPS,2023/05/04 04:00:00+00,38.9182345,-77.04782402,395852.62029086,138930.5668531,226307,,{0639A2BF-D128-2945-E063-782F520A104C},258680
-77.0480210580636,38.9202587532337,PM14009910,2541 1133,14009910,,The Valley Vista Condominium,,,2032 BELMONT RD NW,VALLEY VISTA CONDOMINIUM,1,2032 Belmont Rd NW,WASHINGTON,DC,20009,1928,Multifamily Housing,116748,116748.0,66,ENERGYSTARSCORE,2019,Multifamily Housing,71,,,Meets BEPS,2023/08/18 04:00:00+00,38.92025096,-77.04801876,395835.84985544,139154.41969543,226226,,{0639A2BF-D129-2945-E063-782F520A104C},258681
-77.0348699979635,38.9021133908507,PM1401399,0199 0832,1401399,,1500 K Street - The Southern Railway Building,,,950 15TH ST NW,1500 K STREET LLC,2,1500 K Street NW,WASHINGTON,DC,20005,1928,Office,294234,286667.0,71,ENERGYSTARSCORE,2019,Office_all,67,-6.18%,-6.18%,Does Not Meet BEPS,2023/05/04 04:00:00+00,38.9021056,-77.0348677,396975.53029817,137139.61760822,242333,,{0639A2BF-D12A-2945-E063-782F520A104C},258682
-77.0046696967899,38.9051719917869,PM1404504,0712 0111,1404504,,One NoMa Station,,,131 M ST NE,UNION STATION ASSOCIATES LTD,6,"131 M St., N.E.",WASHINGTON,DC,20002,1937,Office,442412,431740.0,71,ENERGYSTARSCORE,2019,Office_all,77,,,Meets BEPS,2023/05/04 04:00:00+00,38.9051642,-77.00466741,399595.16012864,137478.57969787,68490,,{0639A2BF-D12B-2945-E063-782F520A104C},258683
-77.0407630747549,38.8989454859336,PM1406610,0168 0823,1406610,,1750 Pennsylvania Ave,,,1750 PENNSYLVANIA AVE NW,JOHN HANCOCK LIFE INSURANCE COMPANY (USA),2,1750 Pennsylvania Ave,WASHINGTON,DC,20036,1964,Office,440029,297909.0,71,ENERGYSTARSCORE,2019,Office_all,72,,,Meets BEPS,2023/05/04 04:00:00+00,38.8989377,-77.04076078,396464.19987766,136788.16705891,279377,,{0639A2BF-D12C-2945-E063-782F520A104C},258684
-77.0076273779271,38.9010802140942,PM1406853,0675 0847,1406853,,"BOYD - Washington DC III FGF, LLC",,,830 1ST ST NE,WASHINGTON DC III FGF LLC,6,"830 First Street, NE",WASHINGTON,DC,20004,2001,Office,233962,252992.0,71,ENERGYSTARSCORE,2019,Office_all,75,,,Meets BEPS,2023/05/04 04:00:00+00,38.90107243,-77.00762509,399338.58016911,137024.37744799,289008,,{0639A2BF-D12D-2945-E063-782F520A104C},258685
-77.0291832019873,38.8964803096334,PM1407276,0290 0044,1407276,,The Warner Building,,,501 13TH ST NW,SPUS8 WARNER LP,2,1299 Pennsylvania Avenue NW,WASHINGTON,DC,20004,1992,Office,641215,728509.0,71,ENERGYSTARSCORE,2019,Office_all,71,,,Meets BEPS,2023/05/18 04:00:00+00,38.89647252,-77.02918091,397468.60996326,136514.12764092,285503,,{0639A2BF-D12E-2945-E063-782F520A104C},258686
-77.0283498095051,38.8989390056206,PM1407852,0288 0846,1407852,,One Metro Center,,,700 12TH ST NW,JAMESTOWN PREMIER ONE METRO CENTER CORPORATION,2,700 12th Street NW,WASHINGTON,DC,20005,2003,Office,520441,425344.0,71,ENERGYSTARSCORE,2019,Office_all,47,-28.72%,-20.00%,Does Not Meet BEPS,2023/09/14 04:00:00+00,38.89893122,-77.02834752,397540.98975759,136787.04014494,279880,,{0639A2BF-D12F-2945-E063-782F520A104C},258687
-77.0107678864499,38.897694912863,PM1409004,0626 0078,1409004,,20 Massachusetts Avenue,,,20 MASSACHUSETTS AVE NW,GOVERNMENT PROPERTIES INCOME TRUST LLC,6,20 Massachusetts Avenue NW,WASHINGTON,DC,20001,1973,Office,437693,343971.0,71,ENERGYSTARSCORE,2019,Office_all,78,,,Meets BEPS,2023/09/07 04:00:00+00,38.89768713,-77.0107656,399066.11997408,136648.60949589,243242,,{0639A2BF-D130-2945-E063-782F520A104C},258688
-77.0382438336904,38.9034206367179,PM1409873,0184 0849,1409873,,Kita Washington Center,,,1029 17TH ST NW,KITA WASHINGTON CENTER LLC,2,1660 L Street NW,WASHINGTON,DC,20036,1968,Office,207740,134672.0,71,ENERGYSTARSCORE,2019,Office_all,80,,,Meets BEPS,2023/05/04 04:00:00+00,38.90341285,-77.03824154,396682.93982965,137284.85008247,242035,,{0639A2BF-D131-2945-E063-782F520A104C},258689
-77.0398812922178,38.9053717851309,PM1411409,0162 0037,1411409,,1730 M St NW,,,1730 M ST NW,"DAVID, DONNA",2,1730 M St NW,WASHINGTON,DC,20002,1964,Office,295925,221437.0,71,ENERGYSTARSCORE,2019,Office_all,75,,,Meets BEPS,2023/05/04 04:00:00+00,38.905364,-77.039879,396541.00164745,137501.50429561,241789,,{0639A2BF-D132-2945-E063-782F520A104C},258690
-77.0332061503815,38.9010174863688,PM1411430,0220 0067,1411430,,875 15th St NW,,,875 15TH ST NW,JP MORGAN CHASE NATIONAL ASSOCIATION,2,875 15th St NW,WASHINGTON,DC,20005,2003,Financial Office,164340,248843.0,71,ENERGYSTARSCORE,2019,Office_all,51,-24.94%,-20.00%,Does Not Meet BEPS,2023/09/06 04:00:00+00,38.9010097,-77.03320386,397119.80969142,137017.91008833,300407,,{0639A2BF-D133-2945-E063-782F520A104C},258691
-77.0368929663827,38.9028901907034,PM1411897,0184 0074,1411897,,1601 K Street,,,1000 16TH ST NW,PPF OFF 1601 K ST LLC,2,1601 K Street NW,WASHINGTON,DC,20006,2005,Office,276579,231860.0,71,ENERGYSTARSCORE,2019,Office_all,75,,,Meets BEPS,2023/05/04 04:00:00+00,38.9028824,-77.03689067,396800.0901023,137225.91763366,285515,,{0639A2BF-D134-2945-E063-782F520A104C},258692
-77.0331196265897,38.9016307729699,PM1412761,0218 0080,1412761,,McPherson Building,,,901 15TH ST NW,THE NORTHWESTERN MUTUAL LIFE INSURANCE COMPANY,2,901 15th Street NW,WASHINGTON,DC,20005,1987,Office,355204,259335.0,71,ENERGYSTARSCORE,2019,Office_all,68,-4.72%,-4.72%,Does Not Meet BEPS,2023/09/13 04:00:00+00,38.90162299,-77.03311733,397127.34022918,137085.98747953,218779,,{0639A2BF-D135-2945-E063-782F520A104C},258693
-77.0413134268009,38.9053219487168,PM1413138,0161 0038,1413138,,Connecticut Building,,,1150 CONNECTICUT AVE NW,NORTHWESTERN DEVELOPMENT COMPANY B,2,1150 Connecticut Ave. NW,WASHINGTON,DC,20036,1975,Office,246682,197801.0,71,ENERGYSTARSCORE,2019,Office_all,81,,,Meets BEPS,2023/05/04 04:00:00+00,38.90531416,-77.04131113,396416.78000639,137496.02689033,241786,,{0639A2BF-D136-2945-E063-782F520A104C},258694
-77.0207446517039,38.8945616101712,PM1417479,0458 0021,1417479,,625 Indiana Avenue,,,625 INDIANA AVE NW,GPT PROPERTIES TRUST,2,"625 Indiana Avenue, N.W.",WASHINGTON,DC,20004,1989,Office,186071,163747.0,71,ENERGYSTARSCORE,2019,Office_all,57,-18.73%,-18.73%,Does Not Meet BEPS,2023/09/14 04:00:00+00,38.89455382,-77.02074236,398200.59017681,136300.93657315,279862,,{0639A2BF-D137-2945-E063-782F520A104C},258695
-77.0291081490683,38.8995680261732,PM1417487,0288 0058,1417487,,Herald Square - 1250 H Street N.W.,,,1250 H ST NW,HUB PROPERTIES TRUST,2,1250 H Street N.W.,WASHINGTON,DC,20005,1990,Office,246351,209500.0,71,ENERGYSTARSCORE,2019,Office_all,43,-32.27%,-20.00%,Does Not Meet BEPS,2023/09/22 04:00:00+00,38.89956024,-77.02910586,397475.22969587,136856.88709455,240931,,{0639A2BF-D138-2945-E063-782F520A104C},258696
-77.0342974826071,38.9076108086947,PM14187305,0211 0852,14187305,,Miramar Apartments,,,1301 15TH ST NW,MORRIS & GWENDOLYN CAFRITZ FOUNDATION,2,1301 15th St NW,WASHINGTON,DC,20005,1925,Multifamily Housing,118512,120213.0,66,ENERGYSTARSCORE,2019,Multifamily Housing,80,,,Meets BEPS,2023/09/25 04:00:00+00,38.90760302,-77.03429519,397025.41982003,137749.85697315,240238,,{0639A2BF-D139-2945-E063-782F520A104C},258697
-77.0277612798704,38.8979887376289,PM1419589,0320 0814,1419589,,"1120 G Street, NW",,,615 12TH ST NW,G ST WASHINGTON REAL ESTATE HOLDING LLC,2,"1120 G Street, NW",WASHINGTON,DC,20005,1981,Office,180600,144512.0,71,ENERGYSTARSCORE,2019,Office_all,62,-12.87%,-12.87%,Does Not Meet BEPS,2023/08/23 04:00:00+00,38.89798095,-77.02775899,397592.00981013,136681.53690314,239133,,{0639A2BF-D13A-2945-E063-782F520A104C},258698
-77.0403948688023,38.9054582960569,PM1419646,0162 0100,1419646,,Demonet Building,,,1740 M ST NW,1155 CONNECTICUT AVENUE INC,2,"1155 Connecticut Avenue, NW",WASHINGTON,DC,20036,1984,Office,90346,107967.0,71,ENERGYSTARSCORE,2019,Office_all,63,-11.62%,-11.62%,Does Not Meet BEPS,2023/09/18 04:00:00+00,38.90545051,-77.04039257,396496.46020421,137511.12719237,243304,,{0639A2BF-D13B-2945-E063-782F520A104C},258699
-77.0292539976786,38.9010169214323,PM1419667,0286 0041,1419667,,1250 Eye Street,,,1250 I ST NW,1250 EYE STREET OWNER LLC,2,"1250 I Street, NW",WASHINGTON,DC,20005,1982,Office,239325,193051.0,71,ENERGYSTARSCORE,2019,Office_all,72,,,Meets BEPS,2023/05/04 04:00:00+00,38.90100913,-77.0292517,397462.63043096,137017.72954235,240927,,{0639A2BF-D13C-2945-E063-782F520A104C},258700
-77.0419841216286,38.9020765397165,PM1419693,0106 0048,1419693,,1800 K Street,,,950 18TH ST NW,RAR2 1800 K ST NW DC INC,2,"1800 K Street, NW",WASHINGTON,DC,20006,1969,Office,242124,237219.0,71,ENERGYSTARSCORE,2019,Office_all,80,,,Meets BEPS,2023/05/04 04:00:00+00,38.90206875,-77.04198182,396358.44042415,137135.78670376,300930,,{0639A2BF-D13D-2945-E063-782F520A104C},258701
-77.0163912227965,38.8829257564487,PM1420135,0538 0874,1420135,,GSA: 300 E Street SW,,,300 E ST SW,TWO INDEPENDENCE HANA OW LLC,6,300 E St SW,WASHINGTON,DC,20024,1991,Office,899096,659773.0,71,ENERGYSTARSCORE,2019,Office_all,96,,,Meets BEPS,2023/05/04 04:00:00+00,38.88291797,-77.01638894,398578.01958325,135009.18974395,42489,,{0639A2BF-D13E-2945-E063-782F520A104C},258702
-77.0395098599643,38.9087219724555,PM1421555,0157 0850,1421555,,Bernstein Offit Building,,,1717 MASSACHUSETTS AVE NW,THE JOHN HOPKINS UNIVERSITY,2,"1717 Mass Avenue, NW",WASHINGTON,DC,20036,1962,College/University,147542,122460.0,180,WEATHERNORMALZEDSOUREUI_KBTUFT,2019,College/University,147.8,,,Meets BEPS,2023/05/09 04:00:00+00,38.90871418,-77.03950756,396573.38031131,137873.38755874,241730,,{0639A2BF-D13F-2945-E063-782F520A104C},258703
-77.040177763914,38.9021616733282,PM1423276,0126 0062,1423276,,1700 K St NW,,,1730 K STREET NW,COMMERCE BUILDING ASSOC & 1730 K ST ASSOC LLC,2,1700 K St NW,WASHINGTON,DC,20052,2005,Office,401661,401661.0,71,ENERGYSTARSCORE,2019,Office_all,73,,,Meets BEPS,2023/05/04 04:00:00+00,38.90215389,-77.04017547,396515.12980364,137145.16742257,243334,,{0639A2BF-D140-2945-E063-782F520A104C},258704
-77.0315949141165,38.8999027703472,PM1423296,0251 0012,1423296,,1399 New York Ave NW,,,1399 NEW YORK AVE NW,1399 EXECUTIVE TOWER LLC,2,1399 New York Ave NW,WASHINGTON,DC,20005,2002,Office,175784,143115.0,71,ENERGYSTARSCORE,2019,Office_all,54,-21.93%,-20.00%,Does Not Meet BEPS,2023/09/14 04:00:00+00,38.89989498,-77.03159262,397259.53006467,136894.11762829,279124,,{0639A2BF-D141-2945-E063-782F520A104C},258705
-77.0352835200165,38.9027992440624,PM1423392,0198 0846,1423392,,1501 K St NW,,,1511 K ST NW,PONTE GADEA K STREET LLC,2,1501 K St NW,WASHINGTON,DC,20005,2001,Office,502963,437222.0,71,ENERGYSTARSCORE,2019,Office_all,65,-8.99%,-8.99%,Does Not Meet BEPS,2023/09/13 04:00:00+00,38.90279146,-77.03528123,396939.68959434,137215.76737568,279201,,{0639A2BF-D142-2945-E063-782F520A104C},258706
-77.0397229154237,38.9049748049492,PM1423434,0162 0822,1423434,,1725 DeSales St NW,,,1725 DE SALES ST NW,DESALES VENTURE LIMITED PARTNERSHIP,2,1725 DeSales St NW,WASHINGTON,DC,20002,1962,Office,121709,81625.0,71,ENERGYSTARSCORE,2019,Office_all,65,-8.99%,-8.99%,Does Not Meet BEPS,2023/09/14 04:00:00+00,38.90496702,-77.03972062,396554.71993191,137457.43030742,806309,,{0639A2BF-D143-2945-E063-782F520A104C},258707
-77.0459967488698,38.9154947634496,PM1423516,2535 0836,1423516,,1825 Connecticut Avenue,,,1835 CONNECTICUT AVE NW,UNIVERSAL BUILDING IN,1,1825 Connecticut Av,WASHINGTON,DC,20009,1957,Office,421810,319977.0,71,ENERGYSTARSCORE,2019,Office_all,77,,,Meets BEPS,2023/05/04 04:00:00+00,38.91548697,-77.04599445,396011.13000523,138625.48657319,242827,,{0639A2BF-D144-2945-E063-782F520A104C},258708
-77.0459008187573,38.91568218357,PM1423556,2535 0837,1423556,,1875 Connecticut Ave NW,,,1875 CONNECTICUT AVE NW,UNIVERSAL BLDG NORTH INC,1,1875 Connecticut Ave NW,WASHINGTON,DC,20037,1961,Office,530221,404202.0,71,ENERGYSTARSCORE,2019,Office_all,63,-11.62%,-11.62%,Does Not Meet BEPS,2023/09/13 04:00:00+00,38.91567439,-77.04589852,396019.45999707,138646.28756442,242828,,{0639A2BF-D145-2945-E063-782F520A104C},258709
-77.0462955153793,38.9016493558524,PM1423599,0078 0848,1423599,,2099 Penn Ave,,,2099 PENNSYLVANIA AVE NW,FSP 2099 PENN LLC,2,2099 Pennsylvania Ave. NW,WASHINGTON,DC,20006,2000,Office,231809,231164.0,71,ENERGYSTARSCORE,2019,Office_all,52,-23.96%,-20.00%,Does Not Meet BEPS,2023/09/13 04:00:00+00,38.90164157,-77.04629322,395984.4397681,137088.5471056,242837,,{0639A2BF-D146-2945-E063-782F520A104C},258710
-77.0378981719885,38.9029305776928,PM1423627,0184 0069,1423627,,1629 K St NW,,,1629 K ST NW,DAVIS BUILDING LLC,2,1629 K St NW,WASHINGTON,DC,20002,1963,Office,127650,110784.0,71,ENERGYSTARSCORE,2019,Office_all,71,,,Meets BEPS,2023/05/04 04:00:00+00,38.90292279,-77.03789588,396712.89969391,137230.43696477,242031,,{0639A2BF-D147-2945-E063-782F520A104C},258711
-77.0381635637819,38.9020720849541,PM1423975,0185 0042,1423975,,1666 K St NW,,,925 17TH ST NW,1620 K LLC,2,1666 K St NW,WASHINGTON,DC,20006,1971,Office,453352,309643.0,71,ENERGYSTARSCORE,2019,Office_all,51,-24.94%,-20.00%,Does Not Meet BEPS,2023/08/16 04:00:00+00,38.9020643,-77.03816127,396689.83984698,137135.14724841,243311,,{0639A2BF-D148-2945-E063-782F520A104C},258712
-77.0115354356669,38.8978604853753,PM1424750,0626 0079,1424750,,133510 - 601 New Jersey Avenue,,,601 NEW JERSEY AVE NW,USPA 601 NEW JERSEY LLC,6,601 New Jersey Avenue,WASHINGTON,DC,20001,2002,Office,278640,277727.0,71,ENERGYSTARSCORE,2019,Office_all,63,-11.62%,-11.62%,Does Not Meet BEPS,2023/09/14 04:00:00+00,38.8978527,-77.01153315,398999.53988452,136666.99721755,279844,,{0639A2BF-D149-2945-E063-782F520A104C},258713
-77.0300019230118,38.8987418233172,PM1425442,0252 0083,1425442,,700 13th Street,,,700 13TH ST NW,700 THIRTEENTH STREET LLC,2,700 13th Street,WASHINGTON,DC,20005,1988,Office,360016,258655.0,71,ENERGYSTARSCORE,2019,Office_all,73,,,Meets BEPS,2023/05/04 04:00:00+00,38.89873404,-77.02999963,397397.67001828,136765.1973893,-33575,,{0639A2BF-D14A-2945-E063-782F520A104C},258714
-77.02749405138,38.8833013920304,PM1427108,0327 0841,1427108,,Potomac Center South,,,550 12TH ST SW,POTOMAC CENTER CF LLC,6,550 12TH STREET SW,WASHINGTON,DC,20024,1968,Office,539713,443078.0,71,ENERGYSTARSCORE,2019,Office_all,85,,,Meets BEPS,2023/05/04 04:00:00+00,38.88329361,-77.02749176,397614.70002618,135051.12019682,276670,,{0639A2BF-D14B-2945-E063-782F520A104C},258715
-77.0326014065335,38.905379655672,PM1427938,0214 0859,1427938,,BAEV-LaSalle One Thomas Circle LLC,,,1 THOMAS CIR NW,BAEV-LASALLE ONE THOMAS CIRCLE LLC,2,One Thomas Circle,WASHINGTON,DC,20005,1982,Office,339406,255168.0,71,ENERGYSTARSCORE,2019,Office_all,80,,,Meets BEPS,2023/05/04 04:00:00+00,38.90537187,-77.03259911,397172.44021833,137502.12726563,240253,,{0639A2BF-D14C-2945-E063-782F520A104C},258716
-77.0635264612095,38.9449324779354,PM1429585,2049 0805,1429585,,Van Ness Center,,,4309 CONNECTICUT AVE NW,VAN NESS CENTER ASSOCITES LLC,3,4301 Connecticut Avenue,WASHINGTON,DC,20008,1965,Parking,239464,232276.0,229,WEATHERNORMALZEDSOUREUI_KBTUFT,2019,Other,424,-45.99%,-20.00%,Does Not Meet BEPS,2023/09/14 04:00:00+00,38.94492468,-77.06352416,394493.13957854,141894.23766121,220629,,{0639A2BF-D14D-2945-E063-782F520A104C},258717
-77.039226660974,38.9040521298407,PM1431050,0162 0821,1431050,,1707 L Street,,,1707 L ST NW,"LEON, JOHN W",2,"1707 L Street, NW",WASHINGTON,DC,20036,1960,Office,165374,109926.0,71,ENERGYSTARSCORE,2019,Office_all,84,,,Meets BEPS,2023/07/25 04:00:00+00,38.90404434,-77.03922436,396597.72043139,137354.98674561,241801,,{0639A2BF-D14E-2945-E063-782F520A104C},258718
-77.04309778327,38.9034211809431,PM1431261,0107 0074,1431261,,1828 L Street Associates,,,1075 19TH ST NW,1828 L STREET ASSOCIATES LLC,2,"1828 L Street, NW",WASHINGTON,DC,20036,1965,Office,439521,339039.0,71,ENERGYSTARSCORE,2019,Office_all,82,,,Meets BEPS,2023/05/23 04:00:00+00,38.90341339,-77.04309549,396261.90966186,137285.09759343,240970,,{0639A2BF-D14F-2945-E063-782F520A104C},258719
-77.042939972347,38.9047910404532,PM1431417,0140 0907,1431417,,Verizon Building - 1133 19th St NW,,,1133 19TH ST NW,1137 19TH STREET ASSOCIATES LLC,2,1133 19th St NW,WASHINGTON,DC,20036,2000,Office,275585,206900.0,71,ENERGYSTARSCORE,2019,Office_all,48,-27.80%,-20.00%,Does Not Meet BEPS,2023/09/14 04:00:00+00,38.90478325,-77.04293768,396275.66957886,137437.15667916,243299,,{0639A2BF-D150-2945-E063-782F520A104C},258720
-77.0315863417513,38.9044950710538,PM1433767,0247 0101,1433767,,1121 Fourteenth Street NW (Neuroscience),,,1121 14TH ST NW,SOCIETY OF NEUROSCIENCE,2,1121 14th Street NW,WASHINGTON,DC,20005,2006,Office,112762,88701.0,71,ENERGYSTARSCORE,2019,Office_all,80,,,Meets BEPS,2023/07/19 04:00:00+00,38.90448728,-77.03158405,397260.44983543,137403.89965275,300318,,{0639A2BF-D151-2945-E063-782F520A104C},258721
-77.0079043646471,38.87679658152,PM1434327,0698 0032,1434327,,20 M,,,20 M ST SE,SOUTHEAST REALTY LLC,6,20 M Street S.E.,WASHINGTON,DC,20036,2006,Office,297720,196545.0,71,ENERGYSTARSCORE,2019,Office_all,80,,,Meets BEPS,2023/05/04 04:00:00+00,38.8767888,-77.00790208,399314.32000559,134328.70718881,301132,,{0639A2BF-D152-2945-E063-782F520A104C},258722
-77.0252816019835,38.9021241651421,PM1435477,0372 0034,1435477,,901 New York Avenue,Not Applicable: Standalone Property,Not Applicable: Standalone Property,901 NEW YORK AVE NW,BP/CRF 901 NEW YORK AVENUE LLC,2,"901 New York Ave., NW",WASHINGTON,DC,20001,2004,Office,558645,604549.0,71,ENERGYSTARSCORE,2019,Office_all,80,,,Meets BEPS,2023/05/04 04:00:00+00,38.90211638,-77.02527931,397807.24003861,137140.54028196,300397,,{0639A2BF-D153-2945-E063-782F520A104C},258723
-77.0299960101762,38.9005809808921,PM1435721,0250 0047,1435721,,1301 New York Ave,,,1301 NEW YORK AVE NW,1301 NEW YOUR OWNER LLC,2,"1301 New York Ave., NW",WASHINGTON,DC,20001,1983,Office,257822,207599.0,71,ENERGYSTARSCORE,2019,Office_all,68,-4.72%,-4.72%,Does Not Meet BEPS,2023/05/12 04:00:00+00,38.90057319,-77.02999372,397398.24976246,136969.3575897,279022,,{0639A2BF-D154-2945-E063-782F520A104C},258724
-77.0705544419087,38.9570529757631,PM1435941,1989 0162,1435941,,63110-Sunrise on Connecticut Avenue,,,5111 CONNECTICUT AVE NW,SUNRISE CONNECTICUT AVENUE ASSISTED LIVING LLC,3,5111 Connecticut Ave,WASHINGTON,DC,20008,2004,Senior Care Community,102432,82869.0,50,ENERGYSTARSCORE,2019,Senior Care Community,28,-14.72%,-14.72%,Does Not Meet BEPS,2023/09/19 04:00:00+00,38.95704518,-77.07055213,393884.93025215,143240.17014362,300717,,{0639A2BF-D155-2945-E063-782F520A104C},258725
-77.0429213183247,38.9078945143105,PM1436116,0138 0803,1436116,,"1330 Connecticut Ave., NW",Not Applicable: Standalone Property,Not Applicable: Standalone Property,1330 CONNECTICUT AVE NW,1330 CONNECTICUT AVENUE LLC,2,"1330 Connecticut Ave., NW",WASHINGTON,DC,22204,1984,Office,255095,335991.0,71,ENERGYSTARSCORE,2019,Office_all,87,,,Meets BEPS,2023/05/04 04:00:00+00,38.90788673,-77.04291902,396277.45008174,137781.66743034,218103,,{0639A2BF-D156-2945-E063-782F520A104C},258726
-77.0189071232664,38.8829743818509,PM1436134,0495 0107,1436134,,500 E ST SW - Washington,,,500 E ST SW,BOYD DC II GSA LLC,6,"500 E Street, SW",WASHINGTON,DC,20024,1987,Office,477381,283407.0,71,ENERGYSTARSCORE,2019,Office_all,64,-10.32%,-10.32%,Does Not Meet BEPS,2023/09/20 04:00:00+00,38.8829666,-77.01890483,398359.73042353,135014.63024487,15650,,{0639A2BF-D157-2945-E063-782F520A104C},258727
-77.0331642630925,38.8977095196734,PM1436314,0224 0022,1436314,,Metropolitan Square,Not Applicable: Standalone Property,Not Applicable: Standalone Property,613 15TH ST NW,METROPLITAN SQUARE ASSOCIATES LLC,2,"655 15th Street, NW",WASHINGTON,DC,20005,1982,Office,713149,718241.0,71,ENERGYSTARSCORE,2019,Office_all,87,,,Meets BEPS,2023/05/04 04:00:00+00,38.89770173,-77.03316197,397123.30994508,136650.69764753,279876,,{0639A2BF-D158-2945-E063-782F520A104C},258728
-77.0236459125915,38.895455679956,PM1436368,0407 0815,1436368,,Market Square North,Not Applicable: Standalone Property,Not Applicable: Standalone Property,401 9TH STREET NW,SQUARE 407 LP,2,"401 9th Street, NW",WASHINGTON,DC,20004,2000,Office,475190,475190.0,71,ENERGYSTARSCORE,2019,Office_all,67,-6.18%,-6.18%,Does Not Meet BEPS,2023/09/13 04:00:00+00,38.89544789,-77.02364362,397948.93017068,136400.24660504,242761,,{0639A2BF-D159-2945-E063-782F520A104C},258729
-77.0262054100308,38.8971749300527,PM14411854,0347 5618,14411854,,1000 F Street NW,,,1000 F ST NW,1000 F PROPERTY LLC,2,1000 F Street NW,WASHINGTON,DC,20004,2017,Office,99103,110818.0,,,,,,,,Does Not Meet BEPS: Incomplete/Missing Report,2023/09/13 04:00:00+00,38.89716714,-77.02620312,397726.9498703,136591.15762228,243409,,{0639A2BF-D15A-2945-E063-782F520A104C},258730
-77.0827506683624,38.9557719040823,PM14440487,1669 0805,14440487,,Boron LLC,,,4250 GARRISON ST NW,BORON LLC,3,5025 Wisconsin Ave. NW,WASHINGTON,DC,20016,1982,Office,61217,58920.0,71,ENERGYSTARSCORE,2019,Office_all,75,,,Meets BEPS,2023/05/04 04:00:00+00,38.95576411,-77.08274836,392827.69962251,143098.84725144,266054,,{0639A2BF-D15B-2945-E063-782F520A104C},258731
-77.0222231608109,38.9005314606438,PM1446135,0428 0020,1446135,,810 7th St N.W.,,,814 7TH ST NW,810 SEVENTH AVENUE SPE LLC,2,810 7th St N.W.,WASHINGTON,DC,20001,1991,Office,405885,282901.0,71,ENERGYSTARSCORE,2019,Office_all,76,,,Meets BEPS,2023/05/04 04:00:00+00,38.90052367,-77.02222087,398072.49002778,136963.66764825,238405,,{0639A2BF-D15C-2945-E063-782F520A104C},258732
-76.9998358792874,38.9230636967429,PM14470399,3630 0002,14470399,,Edgewood II,,,415 EDGEWOOD STREET NE,DISTRICT OF COLUMBIA,5,401 Edgewood St,WASHINGTON,DC,20017,1999,Multifamily Housing,53380,43230.0,66,ENERGYSTARSCORE,2019,Multifamily Housing,65,-0.72%,-0.72%,Does Not Meet BEPS,2023/07/01 04:00:00+00,38.9230559,-76.99983359,400014.43038099,139464.69656816,289564,,{0639A2BF-D15D-2945-E063-782F520A104C},258733
-77.0081136535492,38.8991326008846,PM1447242,0677 0145,1447242,,10 G,,,10 G ST NE,APA TEN G LLC,6,10 G Street NE,WASHINGTON,DC,20002,1997,Office,274960,280169.0,71,ENERGYSTARSCORE,2019,Office_all,92,,,Meets BEPS,2023/05/04 04:00:00+00,38.89912481,-77.00811137,399296.37978647,136808.17964862,156287,,{0639A2BF-D15E-2945-E063-782F520A104C},258734
-76.9462963121272,38.8942162045753,PM14517000,5081 0052,14517000,,St. Stephens,,,4000 BENNING RD NE,4000 BENNING ROAD LLC,7,4000 Benning Rd NE,WASHINGTON,DC,20019,2017,Multifamily Housing,80000,67652.0,66,ENERGYSTARSCORE,2019,Multifamily Housing,87,,,Meets BEPS,2023/08/22 04:00:00+00,38.89420842,-76.94629405,404659.03962409,136263.76049413,312333,,{0639A2BF-D15F-2945-E063-782F520A104C},258735
-77.0429602686321,38.9044170061403,PM1470509,0140 0090,1470509,,1111 19th St NW,,,1111 19TH ST NW,UNIZO REAL ESTATE DC NINE LLC,2,1111 19th St NW,WASHINGTON,DC,20036,1979,Office,270061,299876.0,71,ENERGYSTARSCORE,2019,Office_all,85,,,Meets BEPS,2023/08/01 04:00:00+00,38.90440922,-77.04295797,396273.89012566,137395.63714921,241299,,{0639A2BF-D160-2945-E063-782F520A104C},258736
-77.0625325669072,38.9028526063768,PM14713583,1189 2571,14713583,,"73R68-WASGO-The Ritz-Carlton Georgetown, Washington DC",,,1015 WISCONSIN AVE NW,HHLP GEORGETOWN ASSOCIATES LLC,2,3100 South St. NW,WASHINGTON,DC,20007,2003,Mixed Use Property,341975,406066.0,,,,,,,,Does Not Meet BEPS: Incomplete/Missing Report,2023/05/09 04:00:00+00,38.90284482,-77.06253026,394576.1003231,137222.95700668,300061,,{0639A2BF-D161-2945-E063-782F520A104C},258737
-77.0604871786258,38.9317053048218,PM14717733,2084 0841,14717733,,Washington International School - Tregaron,,,3029 KLINGLE RD NW,WASHINGTON INTERNATIONAL SCHOOL INC,3,"3100 Macomb Street, NW",WASHINGTON,DC,20008,1912,K-12 School,41238,161742.0,36,ENERGYSTARSCORE,2019,K-12 School,61,,,Meets BEPS,2023/05/04 04:00:00+00,38.93169751,-77.06048487,394755.64037389,140425.72672315,300693,,{0639A2BF-D162-2945-E063-782F520A104C},258738
-77.0716171933502,38.9129998281346,PM14718890,1304 0014,14718890,,Washington International School - Primary,,,1690 36TH ST NW,WASHINGTON INTERNATIONAL SCHOOL INC,2,"1690 36th Street, NW",WASHINGTON,DC,20007,1998,K-12 School,46102,53234.0,36,ENERGYSTARSCORE,2019,K-12 School,27,-9.13%,-20.00%,Does Not Meet BEPS,2023/07/01 04:00:00+00,38.91299204,-77.07161489,393788.97971542,138349.96000139,300744,,{0639A2BF-D163-2945-E063-782F520A104C},258739
-77.0245702992589,38.9004744090281,PM14732055,"0374 5028; 0374 5029",14732055,,The Residences at City Center,,,920 I ST NW,I STREET CONDO,2,920 I Street NW,WASHINGTON,DC,20001,2013,Multifamily Housing,115549,434422.0,66,ENERGYSTARSCORE,2019,Multifamily Housing,31,-20.93%,-20.00%,Does Not Meet BEPS,2023/05/04 04:00:00+00,38.90046662,-77.02456801,397868.8898301,136957.38681666,307522,,{0639A2BF-D164-2945-E063-782F520A104C},258740
-77.0155339952471,38.8836132135528,PM1479517,0537 0810,1479517,,Capitol View - 425 3rd Street Washington DC,,,425 3RD ST SW,UNIZO REAL ESTATE DC SIX LLC,6,"425 3rd Street, SW",WASHINGTON,DC,20024,2007,Office,317623,252361.0,71,ENERGYSTARSCORE,2019,Office_all,54,-21.93%,-20.00%,Does Not Meet BEPS,2023/08/01 04:00:00+00,38.88360543,-77.01553171,398652.40981546,135085.49008431,306117,,{0639A2BF-D165-2945-E063-782F520A104C},258741
-77.0304951330852,38.9074701887758,PM14816361,0243 0827,14816361,,The Eddystone Apartments,,,1301 VERMONT AVE NW,1301 VERMONT LLC,2,1301 Vermont Ave NW,WASHINGTON,DC,20005,1940,Multifamily Housing,70406,70406.0,66,ENERGYSTARSCORE,2019,Multifamily Housing,94,,,Meets BEPS,2023/08/18 04:00:00+00,38.9074624,-77.03049284,397355.20996494,137734.12997669,240623,,{0639A2BF-D166-2945-E063-782F520A104C},258742
-77.0349775131102,38.9236482456348,PM14816906,2666 0832,14816906,,Hilltop House,,,1475 EUCLID ST NW,1475 EUCLID STREET NW ASSOCIATES,1,"1475 Euclid Street, N.W.",WASHINGTON,DC,20009,1950,Multifamily Housing,64536,64536.0,66,ENERGYSTARSCORE,2019,Multifamily Housing,96,,,Meets BEPS,2023/08/22 04:00:00+00,38.92364045,-77.03497522,396967.11976013,139530.1675588,234286,,{0639A2BF-D167-2945-E063-782F520A104C},258743
-77.0442597893862,38.9185082984798,PM14817692,2554 0014,14817692,,1870 Wyoming Ave NW,,,1870 WYOMING AVE NW,1870 WYOMING AVENUE NW INC,1,1870 Wyoming Ave NW,WASHINGTON,DC,20009,1930,Multifamily Housing,63712,63712.0,66,ENERGYSTARSCORE,2019,Multifamily Housing,82,,,Meets BEPS,2023/09/17 04:00:00+00,38.91850051,-77.04425749,396161.93008124,138959.94019947,235478,,{0639A2BF-D168-2945-E063-782F520A104C},258744
-77.0084636357439,38.9058518819836,PM14819627,0672 0258,14819627,,2 M ST,,,2 M ST NE,2 M STREET REDEVELOPMENT LLC,6,2 M St NE,WASHINGTON,DC,20002,2014,Multifamily Housing,350004,389663.0,66,ENERGYSTARSCORE,2019,Multifamily Housing,85,,,Meets BEPS,2023/09/23 04:00:00+00,38.90584409,-77.00846135,399266.08993182,137554.07667557,308422,,{0639A2BF-D169-2945-E063-782F520A104C},258745
-77.0314279074909,38.9075738708928,PM14823184,0242 0841,14823184,,N Street Village,,,1333 N ST NW,N STREET VILLAGE INC,2,"1301 14th St., N.W.,",WASHINGTON,DC,20005,1994,Multifamily Housing,125929,120351.0,110,WEATHERNORMALZEDSOUREUI_KBTUFT,2019,Multifamily Housing,47.1,,,Meets BEPS,2023/05/04 04:00:00+00,38.90756608,-77.03142561,397274.31032124,137745.66674002,225359,,{0639A2BF-D16A-2945-E063-782F520A104C},258746
-77.0570973852182,38.9257576488618,PM14823283,2132 0029,14823283,,2800 Woodley Rd NW,,,2800 WOODLEY RD NW,ALONZO O BLISS PROPERTIES,3,2800 Woodley Rd NW,WASHINGTON,DC,20008,1942,Multifamily Housing,240521,194499.0,66,ENERGYSTARSCORE,2019,Multifamily Housing,42,-14.86%,-14.86%,Does Not Meet BEPS,2023/09/19 04:00:00+00,38.92574986,-77.05709508,395049.1402019,139765.29726592,220364,,{0639A2BF-D16B-2945-E063-782F520A104C},258747
-77.0388912116617,38.9092005142227,PM14823287,0157 0867,14823287,,Brunswick House Apartments,,,1414 17TH ST NW,F G H BRUNSWICK LLC,2,"1414 17th St., NW",WASHINGTON,DC,20036,1959,Multifamily Housing,100799,100799.0,66,ENERGYSTARSCORE,2019,Multifamily Housing,81,,,Meets BEPS,2023/05/04 04:00:00+00,38.90919273,-77.03888892,396627.05960577,137926.48748623,241733,,{0639A2BF-D16C-2945-E063-782F520A104C},258748
-77.067105186847,38.9494275215425,PM14823292,1973 0022,14823292,,The Frontenac,,,4550 CONNECTICUT AVE NW,ALONZO O BLISS PROPERTIES,3,4550 Connecticut Ave NW,WASHINGTON,DC,20008,1931,Multifamily Housing,113165,113164.0,66,ENERGYSTARSCORE,2019,Multifamily Housing,100,,,Meets BEPS,2023/09/17 04:00:00+00,38.94941973,-77.06710288,394183.26994731,142393.45045625,221978,,{0639A2BF-D16D-2945-E063-782F520A104C},258749
-77.0510969698684,38.904979815663,PM1483327,0037 0854,1483327,,"84SC0-The Westin Georgetown, Washington DC",,,2350 M ST NW,STARWOOD REALTY CMBS I LLC,2,2350 M Street N.W.,WASHINGTON,DC,20037,1990,Hotel,219252,233241.0,54,ENERGYSTARSCORE,2019,Hotel,57,,,Meets BEPS,2023/05/19 04:00:00+00,38.90497203,-77.05109467,395568.1600102,137458.47718114,242338,,{0639A2BF-D16E-2945-E063-782F520A104C},258750
-77.0390165394774,38.9254293441962,PM14833757,2581 0471,14833757,,Calverton,,,1673 COLUMBIA RD NW,ALONZO O BLISS PROPERTIES,1,1673 Columbia Rd NW,WASHINGTON,DC,20009,1920,Multifamily Housing,104040,104040.0,66,ENERGYSTARSCORE,2019,Multifamily Housing,98,,,Meets BEPS,2023/07/19 04:00:00+00,38.92542155,-77.03901424,396616.9601938,139728.02674143,235969,,{0639A2BF-D16F-2945-E063-782F520A104C},258751
-76.9896599239132,38.8583219418816,PM14833980,5871 0869,14833980,,Washington View 3,,,2629 STANTON RD SE,WASHINGTON VIEW ASSOCIATES LLC,8,2627-53 Stanton Rd SE,WASHINGTON,DC,20020,1960,Multifamily Housing,127736,97876.0,66,ENERGYSTARSCORE,2019,Multifamily Housing,42,-14.86%,-14.86%,Does Not Meet BEPS,2023/07/21 04:00:00+00,38.85831416,-76.98965765,400897.65966465,132277.90681008,287154,,{0639A2BF-D170-2945-E063-782F520A104C},258752
-77.0396168372668,38.9250883575031,PM14833995,2581 0448,14833995,,Chatham Courts,,,1707 COLUMBIA RD NW,ALONZO O BLISS PROPERTIES,1,1707 Columbia Rd NW,WASHINGTON,DC,20009,1950,Multifamily Housing,114441,114441.0,66,ENERGYSTARSCORE,2019,Multifamily Housing,67,,,Meets BEPS,2023/08/16 04:00:00+00,38.92508057,-77.03961454,396564.88998802,139690.19747438,235967,,{0639A2BF-D171-2945-E063-782F520A104C},258753
-77.0355389514909,38.9175206931644,PM14834057,0189 0062,14834057,,Hampton Courts,,,2013 NEW HAMPSHIRE AVE NW,2013 NEW HAMP AVE NW LLC,1,"2013 New Hampshire Ave, N.W.",WASHINGTON,DC,20009,1970,Multifamily Housing,91382,91382.0,66,ENERGYSTARSCORE,2019,Multifamily Housing,87,,,Meets BEPS,2023/08/18 04:00:00+00,38.9175129,-77.03553666,396918.16963708,138849.97669366,242055,,{0639A2BF-D172-2945-E063-782F520A104C},258754
-76.9910843304305,38.8582582166066,PM14834081,5871 0145,14834081,,Washington View 2,,,2661 STANTON RD SE,WASHINGTON VIEW ASSOCIATES LLC,8,2657-61 Stanton Rd SE,WASHINGTON,DC,20020,1960,Multifamily Housing,88082,87356.0,66,ENERGYSTARSCORE,2019,Multifamily Housing,85,,,Meets BEPS,2023/09/17 04:00:00+00,38.85825044,-76.99108205,400774.0301921,132270.82038839,287168,,{0639A2BF-D173-2945-E063-782F520A104C},258755
-77.043705785988,38.9203161814636,PM14834661,2552 0812,14834661,,Norwood,,,1868 COLUMBIA RD NW,ALONZO O BLISS PROPERTIES,1,"1868 Columbia Road, N.W.",WASHINGTON,DC,20009,1917,Multifamily Housing,78600,78600.0,66,ENERGYSTARSCORE,2019,Multifamily Housing,58,-5.45%,-5.45%,Does Not Meet BEPS,2023/09/14 04:00:00+00,38.92030839,-77.04370349,396210.06979178,139160.60691113,235445,,{0639A2BF-D174-2945-E063-782F520A104C},258756
-77.034863533428,38.918370589499,PM14835999,0189N 0800,14835999,,2101 New Hampshire Ave NW,,,2101 NEW HAMPSHIRE AVE NW,2101 NEW HAMP AVE NW LLC,1,"2101 New Hampshire Ave, N.W.",WASHINGTON,DC,20009,1950,Multifamily Housing,72451,72451.0,66,ENERGYSTARSCORE,2019,Multifamily Housing,85,,,Meets BEPS,2023/05/10 04:00:00+00,38.9183628,-77.03486124,396976.77981897,138944.30012229,242068,,{0639A2BF-D175-2945-E063-782F520A104C},258757
-77.0387911774452,38.9084324327747,PM14836108,0157 0836,14836108,,The Baystate,,,1701 MASSACHUSETTS AVE NW,1701 MASSACHUSETTS AVENUE LLC,2,"1701 Massachusetts Ave,N",WASHINGTON,DC,20036,1939,Multifamily Housing,62164,62164.0,66,ENERGYSTARSCORE,2019,Multifamily Housing,74,,,Meets BEPS,2023/05/04 04:00:00+00,38.90842464,-77.03878888,396635.70011375,137841.21951989,241729,,{0639A2BF-D176-2945-E063-782F520A104C},258758
-77.0369570484672,38.9035243496913,PM14836118,0184 0830,14836118,,Presidential,,,1026 16TH ST NW,PRESIDENTIAL OWNERS INC,2,1026 16th St NW,WASHINGTON,DC,20036,1921,Multifamily Housing,56145,56145.0,66,ENERGYSTARSCORE,2019,Multifamily Housing,89,,,Meets BEPS,2023/05/04 04:00:00+00,38.90351656,-77.03695475,396794.56027807,137296.31675987,242034,,{0639A2BF-D177-2945-E063-782F520A104C},258759
-77.0736223974675,38.9250335963395,PM14836183,1932 0813,14836183,,Sherry Hall,,,2702 WISCONSIN AVE NW,ALONZO O BLISS PROPERTIES,3,2702 Wisconsin Av NW,WASHINGTON,DC,20007,1943,Multifamily Housing,50880,50880.0,66,ENERGYSTARSCORE,2019,Multifamily Housing,51,-9.73%,-9.73%,Does Not Meet BEPS,2023/09/19 04:00:00+00,38.92502581,-77.07362009,393616.14995482,139685.94746133,262658,,{0639A2BF-D178-2945-E063-782F520A104C},258760
-76.9895194118171,38.839932309499,PM14836188,5933 0114,14836188,,Archer Park,,,1200 MISSISSIPPI AVE SE,ARCHER PARK LP,8,"1200 Mississippi Ave, SE",WASHINGTON,DC,20032,2018,Multifamily Housing,232200,232347.0,66,ENERGYSTARSCORE,2019,Multifamily Housing,94,,,Meets BEPS,2023/05/04 04:00:00+00,38.83992453,-76.98951714,400910.0895835,130236.52966291,296061,,{0639A2BF-D179-2945-E063-782F520A104C},258761
-77.0094360764834,38.9064034788528,PM2929580,0619 0176,2929580,,Tyler House Associates 95 LP,,,1200 NORTH CAPITOL ST NW,TYLER HOUSE ASSOCIATES 95 LP,6,1200 North Capitol St NW,WASHINGTON,DC,20001,1996,Multifamily Housing,325984,325984.0,,,,,,,,Does Not Meet BEPS: Incomplete/Missing Report,2023/05/04 04:00:00+00,38.90639569,-77.00943379,399181.7499668,137615.31703144,237128,,{0639A2BF-D17A-2945-E063-782F520A104C},258762
-77.0444975529051,38.9090680816356,PM2930341,0114 0816,2930341,,National Center for Higher Education,,,1 DUPONT CIR NW,AMERICAN COUNCIL ON EDUCATION,2,"1 Dupont Circle, NW",WASHINGTON,DC,20036,1969,Office,302468,215511.0,71,ENERGYSTARSCORE,2019,Office_all,78,,,Meets BEPS,2023/08/19 04:00:00+00,38.90906029,-77.04449525,396140.80042984,137912.00763676,241055,,{0639A2BF-D17B-2945-E063-782F520A104C},258763
-77.0456543480388,38.9040624334933,PM2938280,0100 0103,2938280,,American Society of Hematology Building,,,2021 L ST NW,ASH 2021 L LLC,2,2021 L Street,WASHINGTON,DC,20036,2010,Office,77376,81032.0,71,ENERGYSTARSCORE,2019,Office_all,88,,,Meets BEPS,2023/05/04 04:00:00+00,38.90405465,-77.04565205,396040.19000346,137356.39042402,240939,,{0639A2BF-D17C-2945-E063-782F520A104C},258764
-77.0403342176387,38.9080941602736,PM2946118,0158 0082,2946118,,Paul H.Nitze,,,1740 MASSACHUSETTS AVE NW,JOHNS HOPKINS UNIVERSITY,2,"1740 Mass Avenue ,NW",WASHINGTON,DC,20036,1962,College/University,78889,58717.0,180,WEATHERNORMALZEDSOUREUI_KBTUFT,2019,College/University,178,,,Meets BEPS,2023/09/14 04:00:00+00,38.90808637,-77.04033192,396501.85009076,137803.72678358,241748,,{0639A2BF-D17D-2945-E063-782F520A104C},258765
-77.0375554652707,38.9080438290516,PM2946167,0181 0850,2946167,,Benjamin T. Rome,,,1619 MASSACHUSETTS AVE NW,JOHNS HOPKINS UNIVERSITY,2,1619 Mass ave,WASHINGTON,DC,20036,1963,College/University,101369,61077.0,180,WEATHERNORMALZEDSOUREUI_KBTUFT,2019,College/University,138.9,,,Meets BEPS,2023/05/09 04:00:00+00,38.90803604,-77.03755317,396742.85996075,137798.03692968,242013,,{0639A2BF-D17E-2945-E063-782F520A104C},258766
-77.0372646520199,38.9364346474045,PM2947118,"2624 0831; 2624 0832",2947118,,The Woodner Apartments,,,3640 16TH ST NW,ROCK CREEK PL WOODNER,1,"3636 16th Street, N.W.",WASHINGTON,DC,20010,1952,Multifamily Housing,419406,937684.0,66,ENERGYSTARSCORE,2019,Multifamily Housing,89,,,Meets BEPS,2023/07/12 04:00:00+00,38.93642685,-77.03726235,396769.37040306,140949.64663861,243225,,{0639A2BF-D17F-2945-E063-782F520A104C},258767
-77.04912730787,38.9013959652564,PM2951555,0054 0841,2951555,,2200 Pennsylvania Avenue,Not Applicable: Standalone Property,Not Applicable: Standalone Property,950 22ND ST NW,GEORGE WASHINGTON UNIVERSITY,2,2200 Pennsylvania Avenue,WASHINGTON,DC,20037,2011,Office,499000,516737.0,71,ENERGYSTARSCORE,2019,Office_all,80,,,Meets BEPS,2023/05/04 04:00:00+00,38.90138818,-77.04912501,395738.78990904,137060.54715428,306440,,{0639A2BF-D180-2945-E063-782F520A104C},258768
-77.0006388242598,38.9333502254296,PM2951825,3821 0040,2951825,,Basilica of the National Shrine of the Immaculate Conception,,,400 MICHIGAN AVE NE,NATIONAL SHRINE OF THE IMMACULATE CONCEPTION,5,400 Michigan Avenue N.E.,WASHINGTON,DC,200171566,1959,Worship Facility,248643,226301.0,17,ENERGYSTARSCORE,2019,Worship Facility,6,-25.96%,-20.00%,Does Not Meet BEPS,2023/09/19 04:00:00+00,38.93334243,-77.00063654,399944.80986883,140606.58994077,291632,,{0639A2BF-D181-2945-E063-782F520A104C},258769
-77.0402287021209,38.9049915675818,PM2962687,0162 0101,2962687,,1133 Connecticut Ave,,,1133 CONNECTICUT AVE NW,CONNECTICUT / DESALES PARTNERSHIP,2,1133 Connecticut Ave NW,WASHINGTON,DC,20036,1989,Office,236563,190958.0,71,ENERGYSTARSCORE,2019,Office_all,69,-3.20%,-3.20%,Does Not Meet BEPS,2023/05/04 04:00:00+00,38.90498378,-77.04022641,396510.84963156,137459.31001359,241798,,{0639A2BF-D182-2945-E063-782F520A104C},258770
-77.0457533754576,38.9060309901872,PM2969314,0099 0050,2969314,,2025 M Street,,,2025 M ST NW,MIKEONE EK M STREET HOLDINGS LLC,2,"2025 M Street, NW",WASHINGTON,DC,20036,1971,Office,293459,192996.2,71,ENERGYSTARSCORE,2019,Office_all,62,-12.87%,-12.87%,Does Not Meet BEPS,2023/09/12 04:00:00+00,38.9060232,-77.04575108,396031.70976612,137574.91972471,279515,,{0639A2BF-D183-2945-E063-782F520A104C},258771
-77.0125264967855,38.8933334984791,PM2977909,0574 0810,2977909,,National Association of Letter Carriers,,,100 INDIANA AVE NW,NATIONAL ASSOCIATION OF LETTER CARRIERS BUILDING CORPORATION,6,"100 Indiana Avenue, NW",WASHINGTON,DC,20001,1951,Office,101093,87757.0,71,ENERGYSTARSCORE,2019,Office_all,81,,,Meets BEPS,2023/08/11 04:00:00+00,38.89332571,-77.01252421,398913.49997869,136164.47676753,278770,,{0639A2BF-D184-2945-E063-782F520A104C},258772
-77.0329860148341,38.9293085612809,PM2986561,2674 1933,2986561,,Unit Owners Association of DC USA Condo inc,,,3100 14TH ST NW,DC USA OPERATING CO LLC,1,"3100 14th Street, NW",WASHINGTON,DC,20010,2008,Enclosed Mall,918669,546000.0,170,WEATHERNORMALZEDSOUREUI_KBTUFT,2019,Enclosed mall,125.3,,,Meets BEPS,2023/05/04 04:00:00+00,38.92930077,-77.03298372,397140.0399336,140158.44717693,306304,,{0639A2BF-D185-2945-E063-782F520A104C},258773
-77.0156407430168,38.8968527014589,PM2999304,0531 0036,2999304,,DC0321ZZ-JUDICIARY CENTER,Not Applicable: Standalone Property,Not Applicable: Standalone Property,555 4TH ST NW,NSP VENTURES CORP,2,"555 4TH STREET, NW",WASHINGTON,DC,20001,1987,Office,472170,410925.0,71,ENERGYSTARSCORE,2019,Office_all,73,,,Meets BEPS,2023/05/04 04:00:00+00,38.89684491,-77.01563845,398643.40041644,136555.17750258,237750,,{0639A2BF-D186-2945-E063-782F520A104C},258774
-77.0406019416823,38.9016288714657,PM3016235,0126 0061,3016235,,Farragut Center,,,1727 I ST NW,FARRAGUT CENTER LLC,2,1725 I St NW,WASHINGTON,DC,20006,2001,Office,374766,266386.0,71,ENERGYSTARSCORE,2019,Office_all,50,-25.91%,-20.00%,Does Not Meet BEPS,2023/09/14 04:00:00+00,38.90162108,-77.04059965,396478.30960102,137086.03750565,279349,,{0639A2BF-D187-2945-E063-782F520A104C},258775
-77.0039444585611,38.8769593840358,PM14841250,0742 0039,14841250,,Federal Gateway,,,1100 NEW JERSEY AVE SE,SQUARE 742 LLC,6,"1100 New Jersey Avenue, S.E.",WASHINGTON,DC,20003,2003,Office,409428,298741.0,71,ENERGYSTARSCORE,2019,Office_all,43,-32.27%,-20.00%,Does Not Meet BEPS,2023/05/04 04:00:00+00,38.8769516,-77.00394218,399657.9295836,134346.75692957,285822,,{0639A2BF-D188-2945-E063-782F520A104C},258776
-77.0507266995687,38.9074694349828,PM14845487,0035 1009,14845487,,Emerson House on the Park,,,2301 N ST NW,EMERSON HOUSE CONDOMINIUM,2,2301 N Street NW,WASHINGTON,DC,20037,1981,Multifamily Housing,83924,83924.0,66,ENERGYSTARSCORE,2019,Multifamily Housing,31,-20.93%,-20.00%,Does Not Meet BEPS,2023/09/20 04:00:00+00,38.90746165,-77.0507244,395600.42998107,137734.82731391,226268,,{0639A2BF-D189-2945-E063-782F520A104C},258777
-77.0291184641959,38.9033741721235,PM1486998,0284 0042,1486998,,1220 L Street,,,1220 L ST NW,13TH AND L ASSOCIATES,2,"1220 L Street, NW",WASHINGTON,DC,20005,1983,Office,369164,321980.0,71,ENERGYSTARSCORE,2019,Office_all,83,,,Meets BEPS,2023/05/04 04:00:00+00,38.90336638,-77.02911617,397474.47012003,137279.39951904,240921,,{0639A2BF-D18A-2945-E063-782F520A104C},258778
-77.0291513562406,38.9028959733758,PM1488373,0284 0043,1488373,,1275 K Street,,,1275 K ST NW,METRO K LLC,2,"1275 K Street, NW",WASHINGTON,DC,20005,1983,Office,320015,236269.0,71,ENERGYSTARSCORE,2019,Office_all,86,,,Meets BEPS,2023/05/04 04:00:00+00,38.90288819,-77.02914906,397471.60029934,137226.31747921,243281,,{0639A2BF-D18B-2945-E063-782F520A104C},258779
-77.0310601440069,38.9039248662235,PM1492661,0247 0096,1492661,,The CoStar Group Building,,,1335 L ST NW,MANGER 8-10-34 TRUST PARTNERS LLC,2,"1331 L Street, NW",WASHINGTON,DC,20005,2008,Office,178646,198452.0,71,ENERGYSTARSCORE,2019,Office_all,80,,,Meets BEPS,2023/05/04 04:00:00+00,38.90391708,-77.03105785,397306.07004848,137340.5871783,307385,,{0639A2BF-D18C-2945-E063-782F520A104C},258780
-77.037501423217,38.9010865147177,PM1495502,0186 0040,1495502,,"1620 Eye, LLC",,,1620 I ST NW,1620 EYE LLC,2,"1620 I St, NW",WASHINGTON,DC,20006,1971,Office,125367,123885.0,71,ENERGYSTARSCORE,2019,Office_all,67,-6.18%,-6.18%,Does Not Meet BEPS,2023/09/13 04:00:00+00,38.90107873,-77.03749913,396747.22982107,137025.71725534,279268,,{0639A2BF-D18D-2945-E063-782F520A104C},258781
-77.0244475645308,38.8975679768013,PM1495933,0376 0823,1495933,,"901 F Street, NW",,,909 F ST NW,901 F LLC,2,"901 F ST, NW",WASHINGTON,DC,20004,1869,Office,172152,118044.0,71,ENERGYSTARSCORE,2019,Office_all,71,,,Meets BEPS,2023/08/02 04:00:00+00,38.89756019,-77.02444527,397879.45030617,136634.74699917,242796,,{0639A2BF-D18E-2945-E063-782F520A104C},258782
-77.0456282057274,38.9028449373912,PM1496039,0076 0083,1496039,,"2021 K Street, NW",,,2011 K ST NW,2021 K LLC,2,"2021 K St, NW",WASHINGTON,DC,20006,1972,Medical Office,258300,175073.0,62,ENERGYSTARSCORE,2019,Medical Office,90,,,Meets BEPS,2023/08/09 04:00:00+00,38.90283715,-77.04562591,396042.3898099,137221.23696427,242500,,{0639A2BF-D18F-2945-E063-782F520A104C},258783
-77.0350301253473,38.905391654444,PM1497374,0197 0079,1497374,,"1156 Fifteenth, LLC",,,1156 15TH ST NW,1156 FIFTEENTH LLC,2,"1156 15th St, NW",WASHINGTON,DC,20005,1967,Office,260598,177404.0,71,ENERGYSTARSCORE,2019,Office_all,77,,,Meets BEPS,2023/05/04 04:00:00+00,38.90538387,-77.03502783,396961.78004984,137503.53739222,242325,,{0639A2BF-D190-2945-E063-782F520A104C},258784
-77.0342139206923,38.9040607409768,PM1497433,0214 0863,1497433,,1101 15th Street,,,1103 15TH ST NW,1101 FIFTEENTHLLC,2,"1101 15th ST, NW",WASHINGTON,DC,20005,1973,Office,207592,166933.0,71,ENERGYSTARSCORE,2019,Office_all,58,-17.61%,-17.61%,Does Not Meet BEPS,2023/09/14 04:00:00+00,38.90405295,-77.03421163,397032.51967489,137355.76764076,243422,,{0639A2BF-D191-2945-E063-782F520A104C},258785
-77.0155029294432,38.8849186858779,PM1498178,0536 0812,1498178,,409 3rd Street SW,,,401 3RD ST SW,WOC LLC,6,409 3rd Street SW,WASHINGTON,DC,20024,1985,Office,651704,431263.0,71,ENERGYSTARSCORE,2019,Office_all,63,-11.62%,-11.62%,Does Not Meet BEPS,2023/09/14 04:00:00+00,38.8849109,-77.01550064,398655.13017342,135230.40685551,156394,,{0639A2BF-D192-2945-E063-782F520A104C},258786
-77.0639183303527,38.9067330159573,PM15083702,1218 2754,15083702,,Madelon Condominium,,,3220 N ST NW,MADELON CONDOMINIUM,2,3251 Prospect Street NW,WASHINGTON,DC,20007,1979,Mixed Use Property,40883,120740.0,229,WEATHERNORMALZEDSOUREUI_KBTUFT,2019,Other,184.2,,,Meets BEPS,2023/06/02 04:00:00+00,38.90672523,-77.06391603,394456.19969667,137653.79713478,272144,,{0639A2BF-D193-2945-E063-782F520A104C},258787
-77.0467035888345,38.9214934010272,PM15100248,2545 1139,15100248,,Kalorama Place Condo,,,2413 1/2 20TH ST NW,KALORAMA PLACE,1,1900 Kalorama Place NW,WASHINGTON,DC,20009,1995,Multifamily Housing,130541,187919.0,66,ENERGYSTARSCORE,2019,Multifamily Housing,81,,,Meets BEPS,2023/06/02 04:00:00+00,38.92148561,-77.04670129,395950.16995146,139291.41697341,298472,,{0639A2BF-D194-2945-E063-782F520A104C},258788
-77.0145149894583,38.9032821315385,PM15100815,0525 0840,15100815,,Golden Rule Plaza: Golden Rule Plaza,,,1050 NEW JERSEY AVE NW,GOLDEN RULE PLACE INC,6,1050 New Jersey Avenue Northwest,WASHINGTON,DC,20001,1989,Multifamily Housing,112378,106260.0,66,ENERGYSTARSCORE,2019,Multifamily Housing,69,,,Meets BEPS,2023/05/04 04:00:00+00,38.90327434,-77.0145127,398741.17010413,137268.87964239,300893,,{0639A2BF-D195-2945-E063-782F520A104C},258789
-77.0102764445602,38.9088209782932,PM15100819,0616 0115,15100819,,House of Lebanon: House of Lebanon,,,27 O STREET NW,DISTRICT OF COLUMBIA,5,27 O Street Northwest,WASHINGTON,DC,20001,1912,Multifamily Housing,81288,98120.0,,,,,,,,Does Not Meet BEPS: Incomplete/Missing Report,2023/05/04 04:00:00+00,38.90881319,-77.01027416,399108.88976451,137883.68714421,294464,,{0639A2BF-D196-2945-E063-782F520A104C},258790
-77.0128758116411,38.9018742906201,PM15100897,0561 0037,15100897,,Golden Rule Apartments: Golden Rule Apartments,,,901 NEW JERSEY AVE NW,GRA PROPERTIES LIMITED PARTNERSHIP,6,901 New Jersey Avenue Northwest,WASHINGTON,DC,20001,1975,Multifamily Housing,174591,174189.0,66,ENERGYSTARSCORE,2019,Multifamily Housing,65,-0.72%,-0.72%,Does Not Meet BEPS,2023/05/04 04:00:00+00,38.9018665,-77.01287352,398883.33034522,137112.57671958,238376,,{0639A2BF-D197-2945-E063-782F520A104C},258791
-77.0117806515022,38.903555842875,PM15100901,0621 0247,15100901,,The SeVerna: The SeVerna,,,98 L ST NW,SEVERNA LLC,6,1001 1st Street Northwest,WASHINGTON,DC,20001,2011,Multifamily Housing,80034,80034.0,66,ENERGYSTARSCORE,2019,Multifamily Housing,91,,,Meets BEPS,2023/05/04 04:00:00+00,38.90354805,-77.01177836,398978.35035381,137299.22951145,308897,,{0639A2BF-D198-2945-E063-782F520A104C},258792
-77.0361324962481,38.9082741708366,PM15144774,0195 0846,15144774,,KIMPTON BANNEKER HOTEL,,,1315 16TH ST NW,KWHP DC LLC,2,1315 16TH STREET NW,WASHINGTON,DC,20036,1965,Hotel,161042,161042.0,54,ENERGYSTARSCORE,2019,Hotel,95,,,Meets BEPS,2023/05/04 04:00:00+00,38.90826638,-77.0361302,396866.29008266,137823.55674252,242317,,{0639A2BF-D199-2945-E063-782F520A104C},258793
-77.0370010566468,38.909463721408,PM15170720,0181 0821,15170720,,Founding Church of Scientology,,,1424 16TH ST NW,TRUSTEES FOR SCHURCH OF SCIENTOLOGY RELIGIOUS TRUST,2,1424 16th St NW,WASHINGTON,DC,20036,1940,Worship Facility,50233,50233.0,17,ENERGYSTARSCORE,2019,Worship Facility,18,,,Meets BEPS,2023/09/14 04:00:00+00,38.90945593,-77.03699876,396791.01008746,137955.63670211,242012,,{0639A2BF-D19A-2945-E063-782F520A104C},258794
-77.0111142841023,38.9074477862526,PM15178311,0617 2029,15178311,,Chapman Stables,,,57 N ST NW,CHAPMAN STABLES,5,57 N St NW,WASHINGTON,DC,20001,2018,Multifamily Housing,77649,77649.0,66,ENERGYSTARSCORE,2019,Multifamily Housing,84,,,Meets BEPS,2023/05/04 04:00:00+00,38.90744,-77.011112,399036.20270945,137731.26033654,237047,,{0639A2BF-D19B-2945-E063-782F520A104C},258795
-77.0434628867975,38.9262947627039,PM15225200,2586 0814,15225200,,Saxony Cooperative Apartments Inc.(2021),,,1801 CLYDESDALE PL NW,SAXONY COOPERATIVE APARTMENTS INC,1,1801 Clydesdale Place NW,WASHINGTON,DC,20009,1949,Multifamily Housing,120823,98000.0,66,ENERGYSTARSCORE,2019,Multifamily Housing,92,,,Meets BEPS,2023/05/04 04:00:00+00,38.92628697,-77.04346059,396231.44983683,139824.26990817,236090,,{0639A2BF-D19C-2945-E063-782F520A104C},258796
-77.0326370733518,38.8996764910712,PM1525528,0222 0027,1525528,,50011 - 1425 New York Ave NW,,,1425 NEW YORK AVE NW,RPT 1425 NEW YORK AVE LLC,2,1425 New York Ave NW,WASHINGTON,DC,20005,1992,Office,158124,282431.0,153,WEATHERNORMALZEDSOUREUI_KBTUFT,2019,Office_all,98.2,,,Meets BEPS,2023/05/04 04:00:00+00,38.8996687,-77.03263478,397169.11997135,136869.03053856,300903,,{0639A2BF-D19D-2945-E063-782F520A104C},258797
-77.0848466350564,38.9601331951232,PM1526560,1661 5659,1526560,,Chevy Chase - Office,,,5335 WISCONSIN AVE NW,CLPF-CC PAVILION LP,3,5335 Wisconsin Avenue,WASHINGTON,DC,20015,1990,Office,361471,212500.0,71,ENERGYSTARSCORE,2019,Office_all,90,,,Meets BEPS,2023/07/26 04:00:00+00,38.9601254,-77.08484432,392646.4801229,143583.15722419,303179,,{0639A2BF-D19E-2945-E063-782F520A104C},258798
-77.0496978199827,38.9054902289626,PM15281679,"0050 0838; 0050 7007",15281679,,Square 50,,,2225 M STREET NW,DISTRICT OF COLUMBIA,2,1211 23rd Street NW,WASHINGTON,DC,20037,2017,Mixed Use Property,18140,99023.0,229,WEATHERNORMALZEDSOUREUI_KBTUFT,2019,Other,149.6,,,Meets BEPS,2023/05/04 04:00:00+00,38.90548244,-77.04969552,395689.550055,137515.06983205,310857,,{0639A2BF-D19F-2945-E063-782F520A104C},258799
-77.0474869883501,38.8969832664404,PM15296024,0081 0097,15296024,,State Plaza Hotel F Street,,,2116 F ST NW,SHERRY TOWERS APARTMENT HOTEL,2,"2116 F Street, NW",WASHINGTON,DC,20007,1957,Hotel,197681,92988.0,54,ENERGYSTARSCORE,2019,Hotel,54,,,Meets BEPS,2023/05/04 04:00:00+00,38.89697548,-77.04748469,395880.82001826,136570.62693082,242535,,{0639A2BF-D1A0-2945-E063-782F520A104C},258800
-76.9996936218428,38.831097526454,PM15368896,6156 0119,15368896,,Highland Dwellings III,,,408 ATLANTIC ST SE,DISTRICT OF COLUMBIA HOUSING AUTHORITY,8,400 Atlantic Street SE,WASHINGTON,DC,20032,2017,Multifamily Housing,12668,30240.0,66,ENERGYSTARSCORE,2019,Multifamily Housing,4,-41.22%,-20.00%,Does Not Meet BEPS,2023/09/08 04:00:00+00,38.83108975,-76.99969134,400026.80022553,129255.75676088,290742,,{0639A2BF-D1A1-2945-E063-782F520A104C},258801
-77.0232543302246,38.8965333394341,PM1544020,0406 0026,1544020,,505 9th Street,,,500 8TH ST NW,500 8TH STREET PR LLC,2,505 9th Street,WASHINGTON,DC,20004,2007,Office,302601,348069.0,71,ENERGYSTARSCORE,2019,Office_all,77,,,Meets BEPS,2023/05/04 04:00:00+00,38.89652555,-77.02325204,397982.92997025,136519.86668877,-29228,,{0639A2BF-D1A2-2945-E063-782F520A104C},258802
-77.0325637420009,38.9029322134665,PM1553280,0217 0807,1553280,,1411 K Street,,,1411 K ST NW,REALTY ASSOCIATES FUND XI LP,2,1411 K Street NW,WASHINGTON,DC,20006,1958,Office,89172,79848.0,71,ENERGYSTARSCORE,2019,Office_all,95,,,Meets BEPS,2023/09/14 04:00:00+00,38.90292443,-77.03256145,397175.60983924,137230.44045598,218114,,{0639A2BF-D1A3-2945-E063-782F520A104C},258803
-77.0439051629871,38.9066399522523,PM1556347,0116 0074,1556347,,1220 19th Street (tq28),,,1220 19TH ST NW,WRIT LIMITED PARTNERSHIP,2,"1220 19th Street, N.W.",WASHINGTON,DC,20036,1978,Office,110414,103501.0,71,ENERGYSTARSCORE,2019,Office_all,85,,,Meets BEPS,2023/05/04 04:00:00+00,38.90663216,-77.04390287,396192.04959843,137642.44051682,278954,,{0639A2BF-D1A4-2945-E063-782F520A104C},258804
-77.0369545012746,38.9117366313603,PM15621432,"0179 0812; 0179 0813",15621432,,Barclay and Ravenel (Parent Property),15621432,Barclay and Ravenel (Parent Property),1616 16TH ST NW,VAN MATRE BARCLAY APARTMENTS LLC,2,1610-1616 16th Street NW,WASHINGTON,DC,20009,1932,Multifamily Housing,53532,91381.0,66,ENERGYSTARSCORE,2019,Multifamily Housing,81,,,Meets BEPS,2023/05/04 04:00:00+00,38.91172884,-77.03695221,396795.14961075,138207.94675866,243308,,{0639A2BF-D1A5-2945-E063-782F520A104C},258805
-77.0656644615315,38.9038752282892,PM1562783,1185 2381,1562783,,1000 Potomac St. Washington DC,,,1015 33RD ST NW,THE FLOUR MILL CONDO/WHETSTONE FLOUR MILL LLC,2,1000 Potomac St.,WASHINGTON,DC,20007,1980,Office,89348,144369.0,71,ENERGYSTARSCORE,2019,Office_all,50,-25.91%,-20.00%,Does Not Meet BEPS,2023/09/14 04:00:00+00,38.90386744,-77.06566216,394304.51976667,137336.66680468,273720,,{0639A2BF-D1A6-2945-E063-782F520A104C},258806
-77.0226122889224,38.9162487893165,PM15664173,0416 4252,15664173,,The Shay East (Multifamily & Retail)(sh162),,,1921 8TH ST NW,HATTON EQUITY ARDMORE LLC,1,1921 8th St NW,WASHINGTON,DC,20001,2015,Multifamily Housing,,85660.0,66,ENERGYSTARSCORE,2019,Multifamily Housing,58,-5.45%,-5.45%,Does Not Meet BEPS,2023/09/07 04:00:00+00,38.916241,-77.02261,398039.16777033,138708.42814581,310530,,{0639A2BF-D1A7-2945-E063-782F520A104C},258807
-77.0232155403973,38.9165474684334,PM15664218,0393 4265,15664218,,The Shay West (Multifamily & Retail)(sh182),,,1924 8TH ST NW,JBG/SHAY RETAIL LLC,1,1924 8th Street NW,WASHINGTON,DC,20001,2015,Multifamily Housing,136734,163036.0,110,WEATHERNORMALZEDSOUREUI_KBTUFT,2019,Multifamily Housing,394.8,-72.14%,-20.00%,Does Not Meet BEPS,2023/08/04 04:00:00+00,38.91653968,-77.02321325,397986.8598804,138741.597248,310465,,{0639A2BF-D1A8-2945-E063-782F520A104C},258808
-77.0301854179485,38.8981244329074,PM1567527,0253 0844,1567527,,1310 G Street,,,1304 G ST NW,GAEDEKE HOLDINGS III LTD C/O MARVIN F POER,2,"1310 G Street, NW",WASHINGTON,DC,20005,1991,Office,241994,227165.0,71,ENERGYSTARSCORE,2019,Office_all,86,,,Meets BEPS,2023/05/04 04:00:00+00,38.89811665,-77.03018313,397381.72957738,136696.66742035,240663,,{0639A2BF-D1A9-2945-E063-782F520A104C},258809
-77.0422396807192,38.9053380217046,PM1569687,0140 0095,1569687,,1800 M Street,,,1800 M ST NW,1800 M STREET OWNER LP,2,"1800 M Street, NW",WASHINGTON,DC,20036,1975,Office,550211,615244.4,71,ENERGYSTARSCORE,2019,Office_all,68,-4.72%,-4.72%,Does Not Meet BEPS,2023/09/13 04:00:00+00,38.90533023,-77.04223738,396336.44032099,137497.84755504,241302,,{0639A2BF-D1AA-2945-E063-782F520A104C},258810
-77.02913927536,38.8840480316108,PM1583318,0299 0832,1583318,,Portals I - 1250/1280 Maryland Ave,,,1236 MARYLAND AVE SW,GCCFC 2006-GG7 MARYLAND AVENUE SOUTHWEST LLC,6,"1280 Maryland Avenue, SW",WASHINGTON,DC,20024,1992,Office,800000,500229.0,71,ENERGYSTARSCORE,2019,Office_all,53,-22.95%,-20.00%,Does Not Meet BEPS,2023/09/14 04:00:00+00,38.88404025,-77.02913698,397471.98032311,135134.0472532,300814,,{0639A2BF-D1AB-2945-E063-782F520A104C},258811
-77.0103608383268,38.8984836409073,PM1583321,0625 0061,1583321,,Republic Square - 25 Mass Ave,,,25 MASSACHUSETTS AVE NW,T-C REPUBLIC SQUARE OWNER LLC,6,"25 Massachusetts Ave, NW",WASHINGTON,DC,20001,2006,Office,551388,402012.0,71,ENERGYSTARSCORE,2019,Office_all,78,,,Meets BEPS,2023/05/04 04:00:00+00,38.89847585,-77.01035855,399101.44014362,136736.15962224,300403,,{0639A2BF-D1AC-2945-E063-782F520A104C},258812
-77.0293535741105,38.8846994643951,PM1583325,0267 0042,1583325,,PORTALS III-1201 Maryland Avenue,,,1201 MARYLAND AVE SW,PARCEL 47D LLC,6,"1201 Maryland Avenue, SW",WASHINGTON,DC,20024,2005,Office,806904,522865.0,71,ENERGYSTARSCORE,2019,Office_all,77,,,Meets BEPS,2023/05/04 04:00:00+00,38.88469168,-77.02935128,397453.41020536,135206.36695786,300320,,{0639A2BF-D1AD-2945-E063-782F520A104C},258813
-77.0285142853785,38.8832937334886,PM1583329,0299 0833,1583329,,Portals II,,,445 12TH ST SW,PARCEL 49C LIMITED PARTNERSHIP,6,"445 12th Street, SW",WASHINGTON,DC,20024,1995,Office,633800,652702.0,71,ENERGYSTARSCORE,2019,Office_all,75,,,Meets BEPS,2023/05/04 04:00:00+00,38.88328595,-77.02851199,397526.18034552,135050.29703045,276640,,{0639A2BF-D1AE-2945-E063-782F520A104C},258814
-77.0041602887958,38.8728087832879,PM15966343,"0744S 0807; 0744S 0814",15966343,,Main & O Campus,15966343,Main & O Campus,125 O ST SE,DISTRICT OF COLUMBIA,6,125 O Street Southeast,WASHINGTON,DC,20003,1908,Office,41016,272302.0,153,WEATHERNORMALZEDSOUREUI_KBTUFT,2019,Office_all,369.4,-58.58%,-20.00%,Does Not Meet BEPS,2023/05/04 04:00:00+00,38.872801,-77.004158,399639.18148783,133886.00991869,294979,,{0639A2BF-D1AF-2945-E063-782F520A104C},258815
-77.0407786199039,38.902141016162,PM1597342,0126 0058,1597342,,1750 K Street NW,,,1750 K ST NW,MAPS 1750 K LLC,2,1750 K Street NW,WASHINGTON,DC,20006,1975,Office,214618,180086.0,71,ENERGYSTARSCORE,2019,Office_all,79,,,Meets BEPS,2023/05/04 04:00:00+00,38.90213323,-77.04077632,396463.01030695,137142.89710482,236719,,{0639A2BF-D1B0-2945-E063-782F520A104C},258816
-77.0479178232548,38.9054583353388,PM1600732,0070 0195,1600732,,1200 New Hampshire,,,2115 M ST NW,NEW HAMPSHIRE AVENUE OWNER LLC,2,1200 New Hampshire Avenue,WASHINGTON,DC,20036,1979,Office,284658,330636.0,71,ENERGYSTARSCORE,2019,Office_all,48,-27.80%,-20.00%,Does Not Meet BEPS,2023/09/07 04:00:00+00,38.90545055,-77.04791552,395843.94038727,137511.44724081,242474,,{0639A2BF-D1B1-2945-E063-782F520A104C},258817
-77.0412723950512,38.907533810613,PM1605315,0158 0076,1605315,,NAB,,,1771 N ST NW,SRPF A/1771 N STREET LLC,2,"1771 N Street, NW",WASHINGTON,DC,20036,1969,Office,73315,55000.0,71,ENERGYSTARSCORE,2019,Office_all,24,-47.49%,-20.00%,Does Not Meet BEPS,2023/05/04 04:00:00+00,38.90752602,-77.0412701,396420.44984394,137741.55972959,241743,,{0639A2BF-D1B2-2945-E063-782F520A104C},258818
-76.999475226643,38.9298021868133,PM1606450,PAR 01330131,1606450,,USCCB,,,3211 4TH ST NE,UNITED STATES CONFERENCE OF CATHOLIC BISHOPS,5,"3211 4th Street, N.E.",WASHINGTON,DC,20017,1989,Office,169000,194131.0,71,ENERGYSTARSCORE,2019,Office_all,83,,,Meets BEPS,2023/05/04 04:00:00+00,38.92979439,-76.99947294,400045.7001257,140212.72671261,295825,,{0639A2BF-D1B3-2945-E063-782F520A104C},258819
-77.0012645055548,38.8999959669875,PM16069278,0777 0092,16069278,,Coda on H (cd057),16069278,Coda on H (cd057),315 H ST NE,315 H LLC,6,315 H St NE,WASHINGTON,DC,20002,2018,Multifamily Housing,92525,100987.0,66,ENERGYSTARSCORE,2019,Multifamily Housing,64,-1.44%,-1.44%,Does Not Meet BEPS,2023/09/19 04:00:00+00,38.89998818,-77.00126222,399890.51014093,136903.99012886,39407,,{0639A2BF-D1B4-2945-E063-782F520A104C},258820
-77.05062953089,38.9031181813441,PM16098229,0038 2013,16098229,,3 Washington Circle Condominium,,,107 WASHINGTON CIR NW,THE CHANCELLOR CONDO,2,3 Washington Circle NW,WASHINGTON,DC,20037,1909,Mixed Use Property,50278,124160.0,229,SOURCEEUI_KBTU_FT,2019,Other,119.6,,,Meets BEPS,2023/05/25 04:00:00+00,38.90311039,-77.05062723,395608.59012094,137251.79751071,226081,,{0639A2BF-D1B5-2945-E063-782F520A104C},258821
-77.0177417001166,38.9034866891669,PM16105103,0515 2876,16105103,,Gables City Vista (Resi & Comm),,,460 L ST NW,CITY VISTA 5TH STREET LLC,6,460 L Street NW,WASHINGTON,DC,20001,2007,Multifamily Housing,357006,263779.0,66,ENERGYSTARSCORE,2019,Multifamily Housing,43,-14.30%,-14.30%,Does Not Meet BEPS,2023/08/29 04:00:00+00,38.9034789,-77.01773941,398461.29007302,137291.63689689,304765,,{0639A2BF-D1B6-2945-E063-782F520A104C},258822
-77.0063636106389,38.9020651104875,PM1620667,0675 0832,1620667,,77 K Street,,,77 K ST NE,77 K STREET TOWER LLC,6,77 K Street NE suite 100,WASHINGTON,DC,20002,2008,Office,346026,338929.0,71,ENERGYSTARSCORE,2019,Office_all,89,,,Meets BEPS,2023/07/22 04:00:00+00,38.90205732,-77.00636132,399448.21043321,137133.69976553,304768,,{0639A2BF-D1B7-2945-E063-782F520A104C},258823
-77.0229450451322,38.9026298991559,PM16272694,0403N 0800,16272694,,Carnegie Library,,,801 K STREET NW,DISTRICT OF COLUMIBA,2,801 K street NW,WASHINGTON,DC,20001,1903,Retail Store,51414,17810.0,,,,,,,,Does Not Meet BEPS: Incomplete/Missing Report,2023/09/22 04:00:00+00,38.90262211,-77.02294275,398009.93037205,137196.62685732,238956,,{0639A2BF-D1B8-2945-E063-782F520A104C},258824
-77.0398320632993,38.9016148042079,PM1641990,0126 0852,1641990,,The Farragut Building,,,900 17TH ST NW,GNAREI 1 FARRAGUT LLC,2,900 17th Street NW,WASHINGTON,DC,20006,1963,Office,200034,160109.0,71,ENERGYSTARSCORE,2019,Office_all,87,,,Meets BEPS,2023/05/04 04:00:00+00,38.90160702,-77.03982977,396545.08976251,137084.44731413,279977,,{0639A2BF-D1B9-2945-E063-782F520A104C},258825
-77.0526774606347,38.9055770251407,PM1649511,0024 0871,1649511,,2445 M Street,,,2445 M ST NW,BCSP 2445 PROPERTY LLC,2,2445 M Street N.W.,WASHINGTON,DC,20037,1986,Office,397105,329220.0,71,ENERGYSTARSCORE,2019,Office_all,83,,,Meets BEPS,2023/05/04 04:00:00+00,38.90556924,-77.05267516,395431.11003085,137524.85024592,273949,,{0639A2BF-D1BA-2945-E063-782F520A104C},258826
-77.0413673536358,38.8999045109336,PM1657117,0166 0038,1657117,,1775 Penn Ave,,,1775 PENNSYLVANIA AVE NW,RS WASHINGTON CORPORATION,2,"1775 Pennsylvania Avenue, NW",WASHINGTON,DC,20006,1976,Office,309460,153527.0,71,ENERGYSTARSCORE,2019,Office_all,51,-24.94%,-20.00%,Does Not Meet BEPS,2023/09/14 04:00:00+00,38.89989672,-77.04136506,396411.82975893,136894.64952289,279383,,{0639A2BF-D1BB-2945-E063-782F520A104C},258827
-77.0425620557751,38.9018981452627,PM16591,0106 0049,16591,,International Square,,,1835 I ST NW,CARR CRHP PROPERTIES LLC,2,"1875 Eye Street, NW",WASHINGTON,DC,20006,1978,Office,1185122,1343643.0,71,ENERGYSTARSCORE,2019,Office_all,79,,,Meets BEPS,2023/09/20 04:00:00+00,38.90189036,-77.04255976,396308.29990197,137116.00719201,279443,,{0639A2BF-D1BC-2945-E063-782F520A104C},258828
-77.0735215502465,38.9264339132119,PM16729663,1930 1077,16729663,,2800 Wisconsin Ave Association,,,2800 WISCONSIN AVENUE NW,2800 WISCONSIN AVE CONDOMINIUM,3,2800 Wisconsin Ave NW,WASHINGTON,DC,20007,1960,Multifamily Housing,56766,77153.0,66,ENERGYSTARSCORE,2019,Multifamily Housing,61,-3.49%,-3.49%,Does Not Meet BEPS,2023/09/24 04:00:00+00,38.92642612,-77.07351924,393625.02019049,139841.38672998,274830,,{0639A2BF-D1BD-2945-E063-782F520A104C},258829
-77.0610298450171,38.9586810573005,PM16734565,2287 0818,16734565,,The Ingleside Presbyterian Retirement Community Inc.,,,5121 BRD BRANCH RD NW,THE INGLESIDE PRESBYTERIAN RETIREMENT COMMUNITY INC,4,3050 Military Rd NW,WASHINGTON,DC,20015,2000,Multifamily Housing,316393,333717.6,66,ENERGYSTARSCORE,2019,Multifamily Housing,20,-27.36%,-20.00%,Does Not Meet BEPS,2023/07/12 04:00:00+00,38.95867326,-77.06102754,394710.5899032,143420.30704915,274717,,{0639A2BF-D1BE-2945-E063-782F520A104C},258830
-76.9817286295671,38.9003167473672,PM16737543,4493 0001,16737543,,1500 Benning Rd NE,,,1501 MARYLAND AVE NE,MARYLAND CROSSING REALTY LLC,5,1500 Benning Rd NE,WASHINGTON,DC,20002,1980,Strip Mall,169392,169392.0,,,,,,,,Does Not Meet BEPS: Incomplete/Missing Report,2023/05/04 04:00:00+00,38.90030896,-76.98172635,401585.12014757,136939.75717471,297790,,{0639A2BF-D1BF-2945-E063-782F520A104C},258831
-77.0352386944307,38.9049416515318,PM1675389,0197 0860,1675389,,Columbia Center,,,1152 15TH ST NW,1152 15TH STREET GROUND AND GROUND II,2,"1152 15th Street, NW",WASHINGTON,DC,20005,2007,Office,425568,425566.0,71,ENERGYSTARSCORE,2019,Office_all,75,,,Meets BEPS,2023/05/18 04:00:00+00,38.90493386,-77.0352364,396943.66996678,137453.58959451,300401,,{0639A2BF-D1C0-2945-E063-782F520A104C},258832
-77.0776029257406,38.9425715736358,PM16760666,1789 0802,16760666,,WUSA-TV,,,4100 WISCONSIN AVE NW,"ECKLES, G",3,4100 Wisconsin Ave NW,WASHINGTON,DC,20016,1992,Other - Services,221735,221735.0,242,WEATHERNORMALZEDSOUREUI_KBTUFT,2019,Service,201.2,,,Meets BEPS,2023/05/04 04:00:00+00,38.94256378,-77.07760062,393272.63960413,141633.10002733,223014,,{0639A2BF-D1C1-2945-E063-782F520A104C},258833
-77.0399542163879,38.9093490725042,PM16852057,0157 0107,16852057,,Avondale,,,1734 P ST NW,AVONDALE COOPERATIVE APARTMENTS INC,2,1734 P St NW,WASHINGTON,DC,20036,1914,Multifamily Housing,54900,59544.0,66,ENERGYSTARSCORE,2019,Multifamily Housing,73,,,Meets BEPS,2023/07/29 04:00:00+00,38.90934128,-77.03995192,396534.86998578,137943.01756566,241726,,{0639A2BF-D1C2-2945-E063-782F520A104C},258834
-77.0114495183884,38.8940531075745,PM1707454,0631 0809,1707454,,51 Louisiana Ave. NW,,,51 LOUISIANA AVE NW,AMSQ LP,6,51 Louisiana Ave. NW,WASHINGTON,DC,20001,1935,Office,260352,205580.0,71,ENERGYSTARSCORE,2019,Office_all,33,-40.49%,-20.00%,Does Not Meet BEPS,2023/09/13 04:00:00+00,38.89404532,-77.01144723,399006.94014305,136244.3468885,237164,,{0639A2BF-D1C3-2945-E063-782F520A104C},258835
-77.0843812583009,38.9593094830454,PM1711353,1661 0817,1711353,,Chevy Chase Plaza,,,5301 WISCONSIN AVE NW,5301 WISCONSIN AVENUE ASSOCIATES,3,"5301 Wisconsin Avenue, NW",WASHINGTON,DC,20015,1989,Office,250155,185198.0,71,ENERGYSTARSCORE,2019,Office_all,68,-4.72%,-4.72%,Does Not Meet BEPS,2023/09/13 04:00:00+00,38.95930169,-77.08437894,392686.73042125,143491.68043809,265946,,{0639A2BF-D1C4-2945-E063-782F520A104C},258836
-77.0418524713921,38.9077840093227,PM1717883,0137 0825,1717883,,1301 Connecticut Ave,,,1302 18TH STREET NW,1301 CONNECTICUT AVENUE INC,2,1301 Connecticut Avenue,WASHINGTON,DC,20036,1917,Office,59622,60100.8,71,ENERGYSTARSCORE,2019,Office_all,55,-20.88%,-20.00%,Does Not Meet BEPS,2023/08/04 04:00:00+00,38.90777622,-77.04185017,396370.15037698,137769.35687577,241267,,{0639A2BF-D1C5-2945-E063-782F520A104C},258837
-77.0203542627606,38.8971301445078,PM1720876,0456 1960,1720876,,610 F ST Condos,,,610 F ST NW,HARMAN CENTER LLC & BAC F STREET LLC,2,610/620 F ST NW,WASHINGTON,DC,20004,2006,Mixed Use Property,210706,180678.0,229,WEATHERNORMALZEDSOUREUI_KBTUFT,2019,Other,248.2,-7.74%,-20.00%,Does Not Meet BEPS,2023/09/13 04:00:00+00,38.89712236,-77.02035197,398234.52026556,136586.05726094,306817,,{0639A2BF-D1C6-2945-E063-782F520A104C},258838
-76.9988580991747,38.9079026635634,PM17280651,3589 0053,17280651,,Union Market: 416 Morse Street Northeast,,,1260 5TH ST NE,416 MORSE STREET NE LLC,5,416 Morse Street Northeast,WASHINGTON,DC,20002,2000,Strip Mall,50310,85756.0,228,WEATHERNORMALZEDSOUREUI_KBTUFT,2019,Strip shopping mall,202.2,,,Meets BEPS,2023/06/29 04:00:00+00,38.90789487,-76.99885582,400099.23961069,137781.69658584,288121,,{0639A2BF-D1C7-2945-E063-782F520A104C},258839
-77.045309224264,38.9052302306844,PM1733134,0100 0897,1733134,,2000 M Street (mq14),,,2000 M ST NW,CASTLE FAMILY LIMITED PA,2,2000 M Street NW,WASHINGTON,DC,20036,1971,Office,321809,234389.0,71,ENERGYSTARSCORE,2019,Office_all,73,,,Meets BEPS,2023/09/23 04:00:00+00,38.90522244,-77.04530693,396070.18967879,137486.00965348,240946,,{0639A2BF-D1C8-2945-E063-782F520A104C},258840
-77.0111007886669,38.896817358868,PM17396037,0628 0893,17396037,,HLT Washington DC Capitol Hill-SV,,,525 NEW JERSEY AVE NW,OPERATING ENGINEERS FUND,6,525 New Jersey Ave NW,WASHINGTON,DC,20001,1983,Hotel,275396,275396.0,54,ENERGYSTARSCORE,2019,Hotel,11,-33.53%,-20.00%,Does Not Meet BEPS,2023/09/14 04:00:00+00,38.89680957,-77.0110985,399037.23016198,136551.19680824,279827,,{0639A2BF-D1C9-2945-E063-782F520A104C},258841
-77.0429419804454,38.9050625514838,PM1750762,0140 0913,1750762,,1145 19th Street NW,,,1145 19TH ST NW,SNH MEDICAL OFFICE PROPERTIES TRUST,2,1145 19th Street NW,WASHINGTON,DC,20036,1990,Medical Office,173812,152027.0,62,ENERGYSTARSCORE,2019,Medical Office,74,,,Meets BEPS,2023/05/04 04:00:00+00,38.90505476,-77.04293968,396275.51027974,137467.2965705,241304,,{0639A2BF-D1CA-2945-E063-782F520A104C},258842
-77.0482268038853,38.9054602801207,PM17606637,0070 0880,17606637,,Hyatt Place Georgetown DC,,,2109 M ST NW,2121 M STREET LLC,2,2121 M Street NW,WASHINGTON,DC,20037,2015,Hotel,125280,109392.0,54,ENERGYSTARSCORE,2019,Hotel,49,-4.03%,-4.03%,Does Not Meet BEPS,2023/09/23 04:00:00+00,38.90545249,-77.0482245,395817.14043333,137511.67670872,310698,,{0639A2BF-D1CB-2945-E063-782F520A104C},258843
-77.0339385183613,38.9028954013771,PM1765382,0216 0800,1765382,,1000 Vermont Avenue SPE LLC,,,1000 VERMONT AVE NW,100O VERMONT AVENUE SPE LLC,2,1000 Vermont Ave NW,WASHINGTON,DC,20005,1950,Office,103407,89609.0,71,ENERGYSTARSCORE,2019,Office_all,84,,,Meets BEPS,2023/05/04 04:00:00+00,38.90288761,-77.03393622,397056.36035368,137226.39657113,240261,,{0639A2BF-D1CC-2945-E063-782F520A104C},258844
-77.0338677966207,38.9030307274104,PM1765420,0216 0027,1765420,,1010 Vermont Avenue SPE LLC,,,1006 VERMONT AVE NW,1010 VERMONT AV SPE LLC,2,1010 Vermont Avenue NW,WASHINGTON,DC,20005,1927,Office,75579,72452.0,71,ENERGYSTARSCORE,2019,Office_all,33,-40.49%,-20.00%,Does Not Meet BEPS,2023/08/04 04:00:00+00,38.90302294,-77.0338655,397062.50020406,137241.41701485,240257,,{0639A2BF-D1CD-2945-E063-782F520A104C},258845
-77.0303390491534,38.9010221397683,PM17736,0250 0051,17736,,Franklin Square,,,1300 I ST NW,TIAA FRANKLIN SQUARE LLC,2,1300 Eye Street,WASHINGTON,DC,20005,1989,Office,606768,517464.0,71,ENERGYSTARSCORE,2019,Office_all,77,,,Meets BEPS,2023/05/04 04:00:00+00,38.90101435,-77.03033676,397368.50966218,137018.33972293,809397,,{0639A2BF-D1CE-2945-E063-782F520A104C},258846
-77.0377397138226,38.9058785317383,PM1774495,0182 0828,1774495,,Sumner Square,Not Applicable: Standalone Property,Not Applicable: Standalone Property,1625 M ST NW,17M ASSOCIATES & DISTRICT OF COLUMBIA,2,1615 M Street,WASHINGTON,DC,20036,1984,Office,232565,228520.0,71,ENERGYSTARSCORE,2019,Office_all,79,,,Meets BEPS,2023/05/04 04:00:00+00,38.90587074,-77.03773742,396726.77984151,137557.67758225,301103,,{0639A2BF-D1CF-2945-E063-782F520A104C},258847
-77.0236160507322,38.9003130228906,PM1779473,0404 0816,1779473,,801 9th Street NW,,,801 9TH ST NW,N S P VENTURES CORPORATION,2,801 9th Street NW,WASHINGTON,DC,20001,1999,Office,248052,238127.0,71,ENERGYSTARSCORE,2019,Office_all,72,,,Meets BEPS,2023/05/04 04:00:00+00,38.90030524,-77.02361376,397951.6599847,136939.45049827,285560,,{0639A2BF-D1D0-2945-E063-782F520A104C},258848
-77.0266946770873,38.9015671072494,PM1784866,0343 0831,1784866,,1099 New York Ave.,,,1099 NEW YORK AVE NW,SCREFI NEW YORK AVENUE WASHINGTON INC,2,"1099 New York Ave, NW",WASHINGTON,DC,20001,2008,Office,210235,181363.0,71,ENERGYSTARSCORE,2019,Office_all,33,-40.49%,-20.00%,Does Not Meet BEPS,2023/09/14 04:00:00+00,38.90155932,-77.02669239,397684.64957862,137078.73702986,306169,,{0639A2BF-D1D1-2945-E063-782F520A104C},258849
-77.027509545481,38.8840287255231,PM1787720,0327 0840,1787720,,Potomac Center North,,,500 12TH ST SW,POTOMAC CENTER NORTH INC,6,500 12th Street SW,WASHINGTON,DC,20024,2005,Office,671975,504155.0,71,ENERGYSTARSCORE,2019,Office_all,84,,,Meets BEPS,2023/05/04 04:00:00+00,38.88402094,-77.02750725,397613.38037761,135131.85982521,276665,,{0639A2BF-D1D2-2945-E063-782F520A104C},258850
-77.0205037160527,38.8933072371556,PM17978714,0459 0820,17978714,,601 Penn - Commercial,,,601 PENNSYLVANIA AVE NW,SAUL SUBSIDIARY II LTD,2,601 Pennsylvania Ave NW,WASHINGTON,DC,20004,1990,Office,50188,196097.0,71,ENERGYSTARSCORE,2019,Office_all,48,-27.80%,-20.00%,Does Not Meet BEPS,2023/08/05 04:00:00+00,38.89329945,-77.02050143,398221.45969977,136161.68688092,226088,,{0639A2BF-D1D3-2945-E063-782F520A104C},258851
-77.0388507541089,38.9153600079242,PM17984184,0152 2096,17984184,,Albemarle Condominium,,,1830 17TH STREET NW,THE ALBERMARLE CONDOMINIUM,2,1830 17th St NW,WASHINGTON,DC,20009,1901,Multifamily Housing,50000,54248.0,66,ENERGYSTARSCORE,2019,Multifamily Housing,84,,,Meets BEPS,2023/05/04 04:00:00+00,38.91535222,-77.03884846,396630.85978634,138610.24021325,226459,,{0639A2BF-D1D4-2945-E063-782F520A104C},258852
-77.0460288390389,38.9021496953701,PM1800460,0078 0847,1800460,,2020 K Street,,,2020 K ST NW,2020 K CORPORATION,2,2020 K Street N.W.,WASHINGTON,DC,20006,1976,Office,504408,430509.0,71,ENERGYSTARSCORE,2019,Office_all,64,-10.32%,-10.32%,Does Not Meet BEPS,2023/05/17 04:00:00+00,38.90214191,-77.04602654,396007.60009012,137144.07717126,242504,,{0639A2BF-D1D5-2945-E063-782F520A104C},258853
-77.0266523939114,38.8967008897974,PM1811655,0347 0022,1811655,,Lincoln Square,,,555 11TH ST NW,555 11TH OWNER LLC,2,555 11th St. NW,WASHINGTON,DC,20004,2001,Office,573411,498894.0,71,ENERGYSTARSCORE,2019,Office_all,64,-10.32%,-10.32%,Does Not Meet BEPS,2023/09/13 04:00:00+00,38.8966931,-77.0266501,397688.16019738,136538.54663806,279831,,{0639A2BF-D1D6-2945-E063-782F520A104C},258854
-77.0300164485019,38.9042213607642,PM1840883,0247 0097,1840883,,1100 13th Street LLC,,,1100 13TH STREET NW,1100 13TH STREET LLC,2,1100 13th Street NW,WASHINGTON,DC,20005,2004,Office,269695,281138.0,71,ENERGYSTARSCORE,2019,Office_all,70,-1.62%,-1.62%,Does Not Meet BEPS,2023/07/19 04:00:00+00,38.90421357,-77.03001416,397396.60959744,137373.46968535,300400,,{0639A2BF-D1D7-2945-E063-782F520A104C},258855
-77.0147433016302,38.9737626567977,PM18461746,3357 0062,18461746,,Willow and Maple (wm32),18461746,Willow and Maple (wm32),6918 WILLOW ST NW,JEMAL'S TP LAND LLC,4,6918 Willow St NW,WASHINGTON,DC,20012,2015,Multifamily Housing,110388,100245.0,66,ENERGYSTARSCORE,2019,Multifamily Housing,79,,,Meets BEPS,2023/05/04 04:00:00+00,38.97375485,-77.01474101,398722.62991233,145092.84052396,311662,,{0639A2BF-D1D8-2945-E063-782F520A104C},258856
-77.0095614423333,38.898126140129,PM1852852,0625 0060,1852852,,One Mass Ave,,,1 MASSACHUSETTS AVENUE NW,NATIONAL GUARD ASSOCIATION OF THE UNITED STATES INC,6,"1 Massachusetts Avenue, NW",WASHINGTON,DC,20001,1991,Office,335283,195276.0,71,ENERGYSTARSCORE,2019,Office_all,65,-8.99%,-8.99%,Does Not Meet BEPS,2023/09/13 04:00:00+00,38.89811835,-77.00955916,399170.77964721,136696.46670399,238009,,{0639A2BF-D1D9-2945-E063-782F520A104C},258857
-77.0412785046741,38.8975715294241,PM1865876,0169 0071,1865876,,CFR,,,1777 F ST NW,COUNCIL ON FOREIGN RELATIONS,2,1777 F St. NW,WASHINGTON,DC,20006,2008,Office,83209,67330.0,71,ENERGYSTARSCORE,2019,Office_all,61,-14.11%,-14.11%,Does Not Meet BEPS,2023/09/13 04:00:00+00,38.89756374,-77.04127621,396419.41986381,136635.66663855,218482,,{0639A2BF-D1DA-2945-E063-782F520A104C},258858
-77.0348121334283,38.9035485473782,PM1873494,0198 0845,1873494,,The Executive Building,,,1034 15TH ST NW,UNIZO REAL ESTATE DC FIVE LLC,2,"1030 15th Street, NW",WASHINGTON,DC,20005,1968,Office,340022,352256.0,71,ENERGYSTARSCORE,2019,Office_all,87,,,Meets BEPS,2023/05/04 04:00:00+00,38.90354076,-77.03480984,396980.60989891,137298.9300262,278796,,{0639A2BF-D1DB-2945-E063-782F520A104C},258859
-77.0186742991606,38.8855776355326,PM1878470,0493 0806,1878470,,FCP-500,,,500 C ST SW,FEDERAL CENTER OFFICE ASSOCIATES LLC,6,"500 C Street, SW",WASHINGTON,DC,20024,1982,Office,436223,329549.0,71,ENERGYSTARSCORE,2019,Office_all,37,-37.29%,-20.00%,Does Not Meet BEPS,2023/08/16 04:00:00+00,38.88556985,-77.01867201,398379.99005974,135303.6068955,276666,,{0639A2BF-D1DC-2945-E063-782F520A104C},258860
-77.0593863497646,38.9383841755141,PM18809718,2226 1096,18809718,,Wilshire Park Condo,,,3701 CONNECTICUT AVE NW,3701 CONNECTICUT AVE CONDO,3,3701 Connecticut Ave NW,WASHINGTON,DC,20008,1956,Multifamily Housing,134705,134705.0,66,ENERGYSTARSCORE,2019,Multifamily Housing,59,-4.81%,-4.81%,Does Not Meet BEPS,2023/09/13 04:00:00+00,38.93837638,-77.05938405,394851.5695999,141167.07680073,223187,,{0639A2BF-D1DD-2945-E063-782F520A104C},258861
-77.055673217061,38.9714990489048,PM18933141,2339 0003,18933141,,Knollwood-Senior Care Community,,,6200 OREGON AVE NW,ARMY DISTAFF FOUNDATION INC,4,6200 Oregon Ave NW,WASHINGTON,DC,20015,2021,Senior Living Community,302511,391000.0,50,ENERGYSTARSCORE,2019,Senior Care Community,88,,,Meets BEPS,2023/09/09 04:00:00+00,38.97149125,-77.05567091,395175.73015681,144842.92717958,260445,,{0639A2BF-D1DE-2945-E063-782F520A104C},258862
-77.0367977461263,38.9283781256297,PM19428507,2594 1220,19428507,,Renaissance Condominium,,,3060 16TH ST NW,THE RENAISSANCE CONDO,1,3060 16th St NW,WASHINGTON,DC,20009,1920,Multifamily Housing,76716,73116.0,66,ENERGYSTARSCORE,2019,Multifamily Housing,70,,,Meets BEPS,2023/06/29 04:00:00+00,38.92837033,-77.03679545,396809.48994746,140055.28665756,226344,,{0639A2BF-D1DF-2945-E063-782F520A104C},258863
-77.0410069761456,38.8956819489993,PM1947403,0171 0033,1947403,,1750 New York Ave. Washington DC (United Unions),,,1750 NEW YORK AVE NW,UNITED UNIONS INC,2,"1750 New York Avenue, NW",WASHINGTON,DC,20006,1972,Office,216228,184573.0,71,ENERGYSTARSCORE,2019,Office_all,61,-14.11%,-14.11%,Does Not Meet BEPS,2023/09/20 04:00:00+00,38.89567416,-77.04100468,396442.88000881,136425.89764447,279376,,{0639A2BF-D1E0-2945-E063-782F520A104C},258864
-77.0041703116056,38.8981846781277,PM1960203,0720 0824,1960203,,Station Place I,,,600 2ND ST NE,SECOND ST HOLDING LLC,6,"100 F Street, NE",WASHINGTON,DC,20002,2005,Office,929605,788412.0,71,ENERGYSTARSCORE,2019,Office_all,78,,,Meets BEPS,2023/05/04 04:00:00+00,38.89817689,-77.00416803,399638.43972943,136702.92994973,297732,,{0639A2BF-D1E1-2945-E063-782F520A104C},258865
-77.0041702885561,38.8981847862289,PM1960252,0720 0825,1960252,,Station Place II,,,600 2ND ST NE,600 SECOND ST HOLDINGS LLC,6,600 Second Street NE,WASHINGTON,DC,20002,2005,Office,538454,391885.0,71,ENERGYSTARSCORE,2019,Office_all,85,,,Meets BEPS,2023/05/04 04:00:00+00,38.898177,-77.004168,399638.44233237,136702.94216049,300383,,{0639A2BF-D1E2-2945-E063-782F520A104C},258866
-77.0339328255998,38.9059538562369,PM19680,0213 0017,19680,,The National Housing Center Corporation,,,1201 15TH ST NW,NATIONAL HOUSING CENTER CORPORATION,2,"1201 15th Street, NW",WASHINGTON,DC,20005,2001,Office,125815,279791.0,71,ENERGYSTARSCORE,2019,Office_all,83,,,Meets BEPS,2023/05/04 04:00:00+00,38.90594607,-77.03393053,397056.98009832,137565.91021031,240244,,{0639A2BF-D1E3-2945-E063-782F520A104C},258867
-77.0230362948467,38.9035957841037,PM1983190,0402 0830,1983190,,Walter E. Washington convention Center,,,801 MOUNT VERNON PL NW,DISTRICT OF COLUMBIA HOUSING AUTHORITY,2,801 Mount Vernon Place NW,WASHINGTON,DC,20001,2003,Convention Center,2300000,1750000.0,,,,,,,,Does Not Meet BEPS: Incomplete/Missing Report,2023/09/10 04:00:00+00,38.903588,-77.023034,398002.04233985,137303.85043941,290098,,{0639A2BF-D1E4-2945-E063-782F520A104C},258868
-77.0248955304524,38.9028398719069,PM19832939,"0371 0828; 0371 1349",19832939,,901 K Street - Church,,,900 MASSACHUSETTS AVE NW,TRS OF MOUNT VERNON PLACE METHODIST CHURCH,2,"901 K Street, NW",WASHINGTON,DC,20001,2009,Office,27276,300940.2,71,ENERGYSTARSCORE,2019,Office_all,68,-4.72%,-4.72%,Does Not Meet BEPS,2023/05/04 04:00:00+00,38.90283208,-77.02489324,397840.74991224,137219.97954868,306492,,{0639A2BF-D1E5-2945-E063-782F520A104C},258869
-77.0445105345623,38.9045590550461,PM1984865,0117 0075,1984865,,dca01000 1129 20th Street NW,,,1129 20TH ST NW,1129 20TH STREET NW OWNER LLC,2,1129 20th Street NW,WASHINGTON,DC,20036,2009,Office,139224,182220.0,71,ENERGYSTARSCORE,2019,Office_all,81,,,Meets BEPS,2023/05/04 04:00:00+00,38.90455127,-77.04450824,396139.42973009,137411.47026763,278873,,{0639A2BF-D1E6-2945-E063-782F520A104C},258870
-77.0401739703036,38.9032043108603,PM1994306,0163 0055,1994306,,Washington Square,,,1020 CONNECTICUT AVE NW,WASHINGTON SQUARE LLC,2,1050 Connecticut Avenue,WASHINGTON,DC,20036,1982,Office,967088,720712.0,71,ENERGYSTARSCORE,2019,Office_all,70,-1.62%,-1.62%,Does Not Meet BEPS,2023/06/15 04:00:00+00,38.90319652,-77.04017167,396515.51035209,137260.90760956,243417,,{0639A2BF-D1E7-2945-E063-782F520A104C},258871
-77.0439787684811,38.9074669451377,PM1997814,0115 0084,1997814,,1300 19th St NW,,,1300 19TH ST NW,N19 ASSOCIATES LLC,2,1300 19th St NW,WASHINGTON,DC,20037,1978,Office,132359,133338.0,71,ENERGYSTARSCORE,2019,Office_all,77,,,Meets BEPS,2023/05/04 04:00:00+00,38.90745916,-77.04397647,396185.71006897,137734.24732458,243287,,{0639A2BF-D1E8-2945-E063-782F520A104C},258872
-77.048239780544,38.9166353141043,PM20013834,2528 1103,20013834,,Le Bourget Condominium,,,2127 CALIFORNIA ST NW,THE LEBOURGET CONDOMINIUM,2,2127 California St NW,WASHINGTON,DC,20008,1927,Multifamily Housing,54144,54144.0,66,ENERGYSTARSCORE,2019,Multifamily Housing,85,,,Meets BEPS,2023/06/02 04:00:00+00,38.91662752,-77.04823748,395816.67008376,138752.1975167,226058,,{0639A2BF-D1E9-2945-E063-782F520A104C},258873
-77.0666027557672,38.9485312147269,PM20023316,1972 0024,20023316,,Ponce de Leon Co-Op,,,4514 CONNECTICUT AVE NW,PONCE DE LEON COOPERATIVE INC,3,"4514 Connecticut AVE, NW",WASHINGTON,DC,20008,1928,Multifamily Housing,101479,101479.0,66,ENERGYSTARSCORE,2019,Multifamily Housing,93,,,Meets BEPS,2023/06/01 04:00:00+00,38.94852342,-77.06660045,394226.74987176,142293.92008487,221959,,{0639A2BF-D1EA-2945-E063-782F520A104C},258874
-76.9254210143221,38.8814249733718,PM20026334,5298 0031,20026334,,Elsinore Apartments LLC (el020),,,5317 E ST SE,ELSINORE APARTMENTS LLC,7,5315 E ST SE,WASHINGTON,DC,20019,1959,Multifamily Housing,66663,66663.0,,,,,,,,Does Not Meet BEPS: Incomplete/Missing Report,2023/09/24 04:00:00+00,38.88141719,-76.92541876,406471.1495785,134845.10742716,298807,,{0639A2BF-D1EB-2945-E063-782F520A104C},258875
-77.0194744308741,38.8978449280688,PM2008126,0487 0017,2008126,,B88 - Jackson Graham Building,,,600 5TH STREET NW,WASHINGTON METROPOLITAN AREA TRANSIT AUTHORITY (WMATA),2,"600 Fifth Street, NW",WASHINGTON,DC,20001,1974,Office,423710,363095.0,71,ENERGYSTARSCORE,2019,Office_all,3,-67.96%,-20.00%,Does Not Meet BEPS,2023/09/14 04:00:00+00,38.89783714,-77.01947214,398310.86012181,136665.3868853,238950,,{0639A2BF-D1EC-2945-E063-782F520A104C},258876
-76.9932500816075,38.9258329298717,PM2008136,3840 0023,2008136,,T27 - Stone Straw Building,,,900 FRANKLIN STREET NE,WASHINGTON METROPOLITAN AREA TRANSIT AUTHORITY (WMATA),5,"900 Franklin Street, NE",WASHINGTON,DC,20017,1931,Non-Refrigerated Warehouse,68656,68974.0,19,ENERGYSTARSCORE,2019,Warehouse_all,8,-24.96%,-20.00%,Does Not Meet BEPS,2023/08/23 04:00:00+00,38.92582514,-76.9932478,400585.49987821,139772.12742014,156007,,{0639A2BF-D1ED-2945-E063-782F520A104C},258877
-77.0385699009422,38.9004991190437,PM2015806,0165 0028,2015806,,800 Connecticut Ave. NW,,,800 CONNECTICUT AVE NW,ANN T MAIATICO TRUSTEE,2,800 Connecticut Ave. NW,WASHINGTON,DC,20006,1991,Office,221171,151128.0,71,ENERGYSTARSCORE,2019,Office_all,76,,,Meets BEPS,2023/05/04 04:00:00+00,38.90049133,-77.03856761,396654.51959781,136960.54975764,301059,,{0639A2BF-D1EE-2945-E063-782F520A104C},258878
-77.0778732547267,38.9253100990012,PM20245971,1301 0954,20245971,,3900 Tunlaw Cooperative,,,3900 TUNLAW ROAD NW,3900 TUNLAW COOPERATIVE C/O JOHN HANCOCKREAL ESTATE,3,3900 Tunlaw Rd NW,WASHINGTON,DC,20007,1959,Multifamily Housing,78512,107649.0,,,,,,,,Does Not Meet BEPS: Incomplete/Missing Report,2023/09/25 04:00:00+00,38.92530231,-77.07787095,393247.56960069,139716.94715471,224274,,{0639A2BF-D1EF-2945-E063-782F520A104C},258879
-77.0309344740404,38.8980636106546,PM2035970,0253 0068,2035970,,The Henry J Kaiser Family Foundation,,,1330 G ST NW,HENRY J KAISER FAMILY FOUNDATION,2,1330 G ST NW,WASHINGTON,DC,20005,2002,Office,95673,64160.0,71,ENERGYSTARSCORE,2019,Office_all,59,-16.48%,-16.48%,Does Not Meet BEPS,2023/09/13 04:00:00+00,38.89805582,-77.03093218,397316.75008564,136689.93655572,242858,,{0639A2BF-D1F0-2945-E063-782F520A104C},258880
-76.9969810158444,38.8853848960272,PM20461927,0873 0831,20461927,,Penn Medical,,,650 PENNSYLVANIA AVE SE,644-654 PENNSYLVANIA AVENUE ASSOCIATES,6,650 Pennsylvania Ave. Se,WASHINGTON,DC,20003,1985,Medical Office,112703,50867.0,62,ENERGYSTARSCORE,2019,Medical Office,18,,,Does Not Meet BEPS,2023/09/14 04:00:00+00,38.88537711,-76.99697873,400262.13035914,135282.04992602,280033,,{0639A2BF-D1F1-2945-E063-782F520A104C},258881
-77.0286454899304,38.9123975007504,PM20475929,0277 2841,20475929,,Logan Station,,,1210 R STREET NW,LOGAN STATION CONDO,2,1210 R St NW,WASHINGTON,DC,20009,2006,Multifamily Housing,67434,81764.0,66,ENERGYSTARSCORE,2019,Multifamily Housing,67,,,Meets BEPS,2023/09/08 04:00:00+00,38.91238971,-77.0286432,397515.80971514,138281.0498755,302636,,{0639A2BF-D1F2-2945-E063-782F520A104C},258882
-77.0063015969895,38.9060901363716,PM2058465,0672 0856,2058465,,125310 - Capitol Plaza I,,,1200 1ST ST NE,VEF-VN CAPITOL PLAZA I LLC,6,1200 1st Street NE,WASHINGTON,DC,20002,2007,Office,299722,293884.0,71,ENERGYSTARSCORE,2019,Office_all,77,,,Meets BEPS,2023/05/04 04:00:00+00,38.90608235,-77.00629931,399453.62009704,137580.51031282,302635,,{0639A2BF-D1F3-2945-E063-782F520A104C},258883
-77.0202132929198,38.8963670703251,PM2058639,0456 3040,2058639,,AARP HQ,,,601 E ST NW,AARP PROPERTIES LLC,2,601 E Street NW,WASHINGTON,DC,20049,1991,Office,443146,514474.0,71,ENERGYSTARSCORE,2019,Office_all,61,-14.11%,-14.11%,Does Not Meet BEPS,2023/05/04 04:00:00+00,38.89635928,-77.020211,398246.73028707,136501.34659865,226366,,{0639A2BF-D1F4-2945-E063-782F520A104C},258884
-77.0118768676513,38.901876558469,PM20605992,0622 0087,20605992,,unique rehab,,,901 1ST STREET NW,DISTRICT OF COLUMBIA HOUSING AUTHORITY,6,901 1rst st nw,WASHINGTON,DC,20001,1980,Senior Living Community,110681,110530.0,50,ENERGYSTARSCORE,2019,Senior Care Community,14,-25.08%,-20.00%,Does Not Meet BEPS,2023/09/19 04:00:00+00,38.90186877,-77.01187458,398969.98002614,137112.8169626,237152,,{0639A2BF-D1F5-2945-E063-782F520A104C},258885
-76.9975364755878,38.9212711045686,PM20670694,3629 0011,20670694,,GREATER MOUNT CALVARY HOLY CHURCH,,,616 RHODE ISLAND AVE NE,GREATER MOUNT CALVARY HOLY CHURCH,5,610 RHODE ISLAND AVE. NE,WASHINGTON,DC,20002,1971,Worship Facility,84331,52424.0,17,ENERGYSTARSCORE,2019,Worship Facility,11,-13.10%,-20.00%,Does Not Meet BEPS,2023/06/14 04:00:00+00,38.92126331,-76.99753419,400213.83013178,139265.70677894,288779,,{0639A2BF-D1F6-2945-E063-782F520A104C},258886
-76.9902750593556,38.8371437898361,PM20672132,"5928 0014; 5928 0015; 5928 0016; 5928 0017; 5928 0018; 5928 0019; 5928 0020",20672132,,Wheeler Terrace,,,1201 VALLEY AVE SE,WHEELER TERRACE DEVELOPMENT LP,8,1217 Valley Avenue Southeast,WASHINGTON,DC,20032,2009,Multifamily Housing,14898,152985.0,66,ENERGYSTARSCORE,2019,Multifamily Housing,87,,,Meets BEPS,2023/05/04 04:00:00+00,38.83713601,-76.99027278,400844.52023228,129926.97755992,71378,,{0639A2BF-D1F7-2945-E063-782F520A104C},258887
-77.1074957927587,38.9369370590778,PM20826565,"1448N 0805; 1448N 0806",20826565,,"Sibley Memorial Hospital-Hospital (General Medical &amp; Surgical)",20826565,"Sibley Memorial Hospital-Hospital (General Medical &amp; Surgical)",5215 LOUGHBORO RD NW,LUCY WEBB HAYES NATIONAL TRAINING SCHOOL SIBLEY MEMORIAL HOSPITAL,3,5255 Loughboro Rd NW,WASHINGTON,DC,20016,1890,Hospital (General Medical & Surgical),115352,1347214.0,50,ENERGYSTARSCORE,2019,Hospital,65,,,Meets BEPS,2023/09/05 04:00:00+00,38.93692927,-77.10749347,390680.4303029,141010.24728246,295156,,{0639A2BF-D1F8-2945-E063-782F520A104C},258888
-76.97321714365,38.8673290350888,PM21009972,"5627 0093; 5627 0094",21009972,,1818 - Hillside Terrace - EVEN Side,,,1818 23RD ST SE,HILLSIDE TERRACE LLC,8,1818 23rd St SE,WASHINGTON,DC,20020,1943,Multifamily Housing,52127,90543.0,66,ENERGYSTARSCORE,2019,Multifamily Housing,12,-32.91%,-20.00%,Does Not Meet BEPS,2023/09/19 04:00:00+00,38.86732125,-76.97321487,402324.51003868,133278.04972385,148105,,{0639A2BF-D1F9-2945-E063-782F520A104C},258889
-77.0521615898765,38.9103836340813,PM21010340,1264E 2396,21010340,,Gateway Georgetown (2500 Q St),,,2500 Q ST NW,GATEWAY GEORGETOWN CONDO,2,2500 Q Street NW,WASHINGTON,DC,20007,1941,Multifamily Housing,230492,244000.0,66,ENERGYSTARSCORE,2019,Multifamily Housing,54,-7.94%,-7.94%,Does Not Meet BEPS,2023/08/26 04:00:00+00,38.91037585,-77.05215929,395476.15995366,138058.39747327,274798,,{0639A2BF-D1FA-2945-E063-782F520A104C},258890
-76.9521393522008,38.8969862685667,PM21070105,PAR 01690114,21070105,,"Benning Service Center (BLG 59, 88, 75, 44, 40, 42, Credit Union)",,,3400 BENNING RD NE,POTOMAC ELECTRIC POWER COMPANY,7,3400 Benning Road NE,WASHINGTON,DC,20019,1980,Mixed Use Property,419689,163166.0,229,WEATHERNORMALZEDSOUREUI_KBTUFT,2019,Other,288.8,-20.71%,-20.00%,Does Not Meet BEPS,2023/07/11 04:00:00+00,38.89697848,-76.95213708,404151.99032568,136570.97708936,301049,,{0639A2BF-D1FB-2945-E063-782F520A104C},258891
-76.9521393522008,38.8969862685667,PM21087151,PAR 01690114,21087151,,"Benning Service Center (BLDG 54, 56, 57)",,,3400 BENNING RD NE,POTOMAC ELECTRIC POWER COMPANY,7,3400 Benning Rd NE,WASHINGTON,DC,20019,1987,Mixed Use Property,419689,92313.0,229,WEATHERNORMALZEDSOUREUI_KBTUFT,2019,Other,344.7,-33.57%,-20.00%,Does Not Meet BEPS,2023/07/11 04:00:00+00,38.89697848,-76.95213708,404151.99032568,136570.97708936,301049,,{0639A2BF-D1FC-2945-E063-782F520A104C},258892
-77.0535153224631,38.9276069500956,PM21546508,2208 1088,21546508,,The Carlton - a Condominium,,,2829 CONNECTICUT AVE NW,CARLTON TOWERS CONDOMINIUM,3,2829 Connecticut Ave NW,WASHINGTON,DC,20008,1963,Multifamily Housing,60518,60518.0,66,ENERGYSTARSCORE,2019,Multifamily Housing,27,-23.19%,-20.00%,Does Not Meet BEPS,2023/07/13 04:00:00+00,38.92759916,-77.05351302,395359.87004984,139970.39718528,223259,,{0639A2BF-D1FD-2945-E063-782F520A104C},258893
-77.0020021962232,38.9410796632876,PM21547891,"3664 0823; 3664 0824",21547891,,Brookland Ridge II (br406),,,400 TAYLOR ST NE,HEIGHTS LP,5,290-390 Taylor St NE,WASHINGTON,DC,20017,1979,Multifamily Housing,154532,155188.0,66,ENERGYSTARSCORE,2019,Multifamily Housing,79,,,Meets BEPS,2023/09/19 04:00:00+00,38.94107187,-77.00199991,399826.61996126,141464.62734581,287310,,{0639A2BF-D1FE-2945-E063-782F520A104C},258894
-77.0142555230427,38.9179279277249,PM21600861,3115 1855,21600861,,Parker Flats at Gage School Condominium (2035 2nd ST NW),,,150 V ST NW,PARKER FLATS @ GAGE SCHOOL,5,2035 2nd ST NW,WASHINGTON,DC,20001,2007,Multifamily Housing,71568,95562.0,66,ENERGYSTARSCORE,2019,Multifamily Housing,93,,,Meets BEPS,2023/05/04 04:00:00+00,38.91792014,-77.01425323,398763.93034448,138894.68039456,227557,,{0639A2BF-D1FF-2945-E063-782F520A104C},258895
-77.0236905678547,38.9018358438422,PM21654799,0403 0836,21654799,,Renaissance Washington DC Downtown,,,999 9TH ST NW,SUNTONE K9 LLC,2,999 9th St NW,WASHINGTON,DC,20001,1997,Hotel,342778,715000.0,54,ENERGYSTARSCORE,2019,Hotel,67,,,Meets BEPS,2023/09/23 04:00:00+00,38.90182806,-77.02368828,397945.23972501,137108.49742648,218802,,{0639A2BF-D200-2945-E063-782F520A104C},258896
-77.0286341983099,38.8971971420803,PM2214,0290 0861,2214,,Columbia Square,,,1240 F ST NW,13TH & F ASSOCIATES LP & WMATA,2,555 13th Street N.W Suite 420West,WASHINGTON,DC,20004,1987,Office,637000,739341.0,71,ENERGYSTARSCORE,2019,Office_all,79,,,Meets BEPS,2023/05/04 04:00:00+00,38.89718936,-77.02863191,397516.25965556,136593.68749779,240935,,{0639A2BF-D201-2945-E063-782F520A104C},258897
-77.0134540697483,38.8816463730714,PM22151149,0540 0109,22151149,,Capital Park Plaza [ (101) G St SW Meters ],,,103 G ST SW,CP CAPITAL CORPEROATION,6,101 G St SW,WASHINGTON,DC,20024,1965,Multifamily Housing,289750,289750.0,66,ENERGYSTARSCORE,2019,Multifamily Housing,56,-6.72%,-6.72%,Does Not Meet BEPS,2023/07/11 04:00:00+00,38.88163859,-77.01345178,398832.84027261,134867.12710224,277733,,{0639A2BF-D202-2945-E063-782F520A104C},258898
-77.0205037160527,38.8933072371556,PM2222721,0459 0820,2222721,,601 Pennsylvania Avenue,,,601 PENNSYLVANIA AVE NW,SAUL SUBSIDIARY II LTD,2,"601 Pennsylvania Ave, NW",WASHINGTON,DC,20004,1986,Office,50188,244003.0,71,ENERGYSTARSCORE,2019,Office_all,74,,,Meets BEPS,2023/05/04 04:00:00+00,38.89329945,-77.02050143,398221.45969977,136161.68688092,226088,,{0639A2BF-D203-2945-E063-782F520A104C},258899
-77.0787861654709,38.9313770659164,PM2226415,1802 0024,2226415,,4000 Mass,,,4000 MASSACHUSETTS AVE NW,"KAPLAN, EDWARD H",3,4000 Massachusetts Avenue,WASHINGTON,DC,20016,1961,Multifamily Housing,820790,569467.0,66,ENERGYSTARSCORE,2019,Multifamily Housing,94,,,Meets BEPS,2023/05/04 04:00:00+00,38.93136927,-77.07878386,393168.98960782,140390.49951895,223988,,{0639A2BF-D204-2945-E063-782F520A104C},258900
-77.0422927204993,38.9004874439253,PM2236387,0105 0844,2236387,,CTTWB,,,1817 H ST NW,CTTWB ASSOCIATES LP,2,1875 Pennsylvania Avenue,WASHINGTON,DC,20006,2005,Office,311730,308566.0,71,ENERGYSTARSCORE,2019,Office_all,67,-6.18%,-6.18%,Does Not Meet BEPS,2023/09/15 04:00:00+00,38.90047966,-77.04229042,396331.59032658,136959.39730982,300357,,{0639A2BF-D205-2945-E063-782F520A104C},258901
-77.0380357378515,38.9081733308313,PM2256771,0181 0161,2256771,,1625 Massachusetts Avenue NW,,,1625 MASSACHUSETTS AVE NW,1625 MASSACHUSETTS AVENUE LLC,2,1625 Massachusetts Avenue NW,WASHINGTON,DC,20036,1968,Office,266189,129514.0,71,ENERGYSTARSCORE,2019,Office_all,69,-3.20%,-3.20%,Does Not Meet BEPS,2023/09/14 04:00:00+00,38.90816554,-77.03803344,396701.21017085,137812.42973293,242004,,{0639A2BF-D206-2945-E063-782F520A104C},258902
-77.0405968039263,38.9005014680561,PM2256973,0127 0843,2256973,,1717 H St. NW,,,1717 H ST NW,1717 H 1 LLC,2,1717 H St. NW,WASHINGTON,DC,20006,1990,Office,487844,317809.0,71,ENERGYSTARSCORE,2019,Office_all,80,,,Meets BEPS,2023/05/04 04:00:00+00,38.90049368,-77.04059451,396478.69980194,136960.88685884,279331,,{0639A2BF-D207-2945-E063-782F520A104C},258903
-77.0829822071806,38.9562560605637,PM2256994,1666 0804,2256994,,5101 Wisconsin,,,5101 WISCONSIN AVE NW,GARRISON ASSOCIATES LLC,3,5101 Wisconsin Avenue NW,WASHINGTON,DC,20016,1968,Office,102638,61855.0,71,ENERGYSTARSCORE,2019,Office_all,66,-7.60%,-7.60%,Does Not Meet BEPS,2023/09/13 04:00:00+00,38.95624826,-77.08297989,392807.68037736,143152.61054112,266465,,{0639A2BF-D208-2945-E063-782F520A104C},258904
-77.0299822962677,38.897849667058,PM2267,0253 0847,2267,,600 Thirteenth St,,,600 13TH ST NW,UNION INVESTMENT REAL ESTATE GMBH,2,600 13th St NW,WASHINGTON,DC,20005,1997,Office,251557,272214.0,71,ENERGYSTARSCORE,2019,Office_all,36,-38.10%,-20.00%,Does Not Meet BEPS,2023/08/29 04:00:00+00,38.89784188,-77.02998,397399.34030584,136666.15995405,240664,,{0639A2BF-D209-2945-E063-782F520A104C},258905
-77.0191746939698,38.901656505234,PM22708816,0484 2714,22708816,,555 MASSACHUSETTS CONDO A,,,555 MASSACHUSETTS AVE NW,555 MASS AVENUE CONDOMINIUM,6,555 MASSACHUSETTS AVE NW,WASHINGTON,DC,20001,2006,Multifamily Housing,178842,178842.0,66,ENERGYSTARSCORE,2019,Multifamily Housing,28,-22.62%,-20.00%,Does Not Meet BEPS,2023/09/24 04:00:00+00,38.90164872,-77.0191724,398336.95037832,137088.49728651,298109,,{0639A2BF-D20A-2945-E063-782F520A104C},258906
-77.0707422496993,38.9199497518997,PM2275407,1299 1006,2275407,,Georgetown Plaza,,,2233 WISCONSIN AVE NW,"HENNEBURG, FRANK H",3,2233 Wisconsin Ave. NW,WASHINGTON,DC,20007,1964,Office,219496,145105.0,71,ENERGYSTARSCORE,2019,Office_all,80,,,Meets BEPS,2023/05/04 04:00:00+00,38.91994196,-77.07073994,393865.46025256,139121.3997421,284312,,{0639A2BF-D20B-2945-E063-782F520A104C},258907
-77.0354827501485,38.9016708239015,PM2279002,0199 0831,2279002,,1575 Eye Street,,,1575 I ST NW,DUWALIYA US REAL ESTATE INC,2,"1575 Eye Street, NW",WASHINGTON,DC,20005,1979,Office,288798,225112.0,71,ENERGYSTARSCORE,2019,Office_all,77,,,Meets BEPS,2023/05/19 04:00:00+00,38.90166304,-77.03548046,396922.35960638,137090.51036746,218344,,{0639A2BF-D20C-2945-E063-782F520A104C},258908
-77.0329375629235,38.903314936764,PM2279187,0217 0047,2279187,,1025 Vermont Avenue,,,1025 VERMONT AVE NW,1025 VERMONT VENTURE OWNER LLC,2,"1025 Vermont Avenue, NW",WASHINGTON,DC,20005,1963,Office,171359,115379.0,71,ENERGYSTARSCORE,2019,Office_all,70,-1.62%,-1.62%,Does Not Meet BEPS,2023/09/20 04:00:00+00,38.90330715,-77.03293527,397143.19990701,137272.93709692,240263,,{0639A2BF-D20D-2945-E063-782F520A104C},258909
-77.0165632759409,38.8808468661936,PM22883654,0540 2661,22883654,,Potomac Place Condominium - NEW,,,350 G ST SW,POTOMAC PLACE CONDOMINIUM,6,355 I St SW,WASHINGTON,DC,20024,2003,Multifamily Housing,226297,289606.0,66,ENERGYSTARSCORE,2019,Multifamily Housing,71,,,Meets BEPS,2023/06/02 04:00:00+00,38.88083908,-77.01656099,398563.04986241,134778.41972495,298693,,{0639A2BF-D20E-2945-E063-782F520A104C},258910
-77.0304701195158,38.903434363543,PM2308305,0248 0066,2308305,,1310 L Street,,,1310 L ST NW,AMBASSADOR INC,2,1310 L Street NW,WASHINGTON,DC,20006,1967,Office,212991,161528.0,71,ENERGYSTARSCORE,2019,Office_all,87,,,Meets BEPS,2023/05/04 04:00:00+00,38.90342658,-77.03046783,397357.22967756,137286.12046745,240641,,{0639A2BF-D20F-2945-E063-782F520A104C},258911
-77.0427395902537,38.9028526960838,PM2308771,0107 0062,2308771,,1825 K Street,,,1845 K ST NW,THE MORRIS AND GWENDOLYN CAFRITZ FOUNDATION INC AND AMBASSADOR INC,2,1825 K Street NW,WASHINGTON,DC,20006,1966,Office,308836,356358.0,71,ENERGYSTARSCORE,2019,Office_all,81,,,Meets BEPS,2023/05/04 04:00:00+00,38.90284491,-77.04273729,396292.95028056,137221.97712132,240969,,{0639A2BF-D210-2945-E063-782F520A104C},258912
-77.0397068868927,38.9074541788615,PM23205199,0158 0838,23205199,,Jemal's Dupont Hotel,,,1733 N ST NW,JEMALS DUPONT HOTEL LLC,2,1733 N Street NW,WASHINGTON,DC,20036,1964,Hotel,69795,59725.0,54,ENERGYSTARSCORE,2019,Hotel,52,-1.64%,-1.64%,Does Not Meet BEPS,2023/05/04 04:00:00+00,38.90744639,-77.03970459,396556.23004645,137732.65992863,241760,,{0639A2BF-D211-2945-E063-782F520A104C},258913
-77.0404018641257,38.899489743536,PM23232,0166 0041,23232,,1717 Penn Ave,,,1717 PENNSYLVANIA AVE NW,1717 PENNSYLVANIA AVENUE LLC,2,"1717 Pennsylvania Avenue, NW",WASHINGTON,DC,20006,1996,Office,255671,200430.0,71,ENERGYSTARSCORE,2019,Office_all,31,-42.06%,-20.00%,Does Not Meet BEPS,2023/09/14 04:00:00+00,38.89948196,-77.04039957,396495.55983007,136848.57033876,279332,,{0639A2BF-D212-2945-E063-782F520A104C},258914
-77.0410746457688,38.8996915394449,PM23246,0166 0033,23246,,1747 Penn Ave,,,1751 PENNSYLVANIA AVE NW,1747 PENNSYLVANIA AVENUE ASSOC LP,2,"1747 Pennsylvania Avenue, NW",WASHINGTON,DC,20006,1970,Office,219854,164692.0,71,ENERGYSTARSCORE,2019,Office_all,59,-16.48%,-16.48%,Does Not Meet BEPS,2023/09/14 04:00:00+00,38.89968375,-77.04107235,396437.20995306,136870.99668451,279374,,{0639A2BF-D213-2945-E063-782F520A104C},258915
-77.043017926263,38.9071148962472,PM2364583,0139 0074,2364583,,1818 N St,,,1820 N ST NW,LENKIN-N LP,2,1818 N St NW,WASHINGTON,DC,20036,1984,Office,101988,108209.0,71,ENERGYSTARSCORE,2019,Office_all,80,,,Meets BEPS,2023/05/04 04:00:00+00,38.90710711,-77.04301563,396269.02990434,137695.12719759,241291,,{0639A2BF-D214-2945-E063-782F520A104C},258916
-77.0267001367484,38.902293359788,PM2371512,0343 0830,2371512,,1050 K Street,,,1050 K ST NW,K-11 PARTNERS LLP,2,1050 K Street NW,WASHINGTON,DC,20001,2008,Office,151749,153440.0,71,ENERGYSTARSCORE,2019,Office_all,80,,,Meets BEPS,2023/05/04 04:00:00+00,38.90228557,-77.02669784,397684.20041257,137159.35676404,304099,,{0639A2BF-D215-2945-E063-782F520A104C},258917
-77.0702935444746,38.9192300498562,PM2371594,1299 0991,2371594,,2201 Wisconsin Ave,,,2201 WISCONSIN AVE NW,"KAHN, LAURENCE",3,2201 Wisconsin Avenue,WASHINGTON,DC,20007,1981,Mixed Use Property,239241,152901.0,229,SOURCEEUI_KBTU_FT,2019,Other,139,,,Meets BEPS,2023/05/04 04:00:00+00,38.91922226,-77.07029124,393904.30981558,139041.47695506,275554,,{0639A2BF-D216-2945-E063-782F520A104C},258918
-77.048565933212,38.9094414697661,PM2381169,0068 0088,2381169,,WestPark Apartments,,,1421 22ND ST NW,2130 P STREET ASSOCIATES,2,2130 P Street NW,WASHINGTON,DC,20006,1975,Multifamily Housing,197259,203712.0,66,ENERGYSTARSCORE,2019,Multifamily Housing,59,-4.81%,-4.81%,Does Not Meet BEPS,2023/09/14 04:00:00+00,38.90943368,-77.04856363,395787.9603447,137953.63683581,298500,,{0639A2BF-D217-2945-E063-782F520A104C},258919
-77.0349706912607,38.905975953944,PM2411223,0196 0834,2411223,,1501 M Street,,,1501 M ST NW,I&G DC REIT INC,2,1501 M Street,WASHINGTON,DC,20005,1991,Office,269837,195421.0,71,ENERGYSTARSCORE,2019,Office_all,73,,,Meets BEPS,2023/05/23 04:00:00+00,38.90596817,-77.0349684,396966.95969391,137568.39746119,242323,,{0639A2BF-D218-2945-E063-782F520A104C},258920
-77.0504089499314,38.9046972612556,PM24239507,0037 1011,24239507,,(GIB) - Gibson Condominium,,,1140 23RD ST NW,THE GIBSON CONDOMINIUM,2,1140 23rd Street NW,WASHINGTON,DC,20037,1981,Multifamily Housing,67432,89622.0,66,ENERGYSTARSCORE,2019,Multifamily Housing,45,-13.18%,-13.18%,Does Not Meet BEPS,2023/08/26 04:00:00+00,38.90468947,-77.05040665,395627.8200354,137427.07755683,226400,,{0639A2BF-D219-2945-E063-782F520A104C},258921
-77.0564618213684,38.9306900463662,PM24241798,2106 1085,24241798,,Cathedral Park Condominium (NEW),,,3100 CONNECTICUT AVE NW,CATHEDRAL PARK CONDOMINIUM,3,"3100 Connecticut Ave., NW",WASHINGTON,DC,20008,1923,Multifamily Housing,143708,177472.0,66,ENERGYSTARSCORE,2019,Multifamily Housing,74,,,Meets BEPS,2023/08/22 04:00:00+00,38.93068225,-77.05645952,395104.58985862,140312.80054603,223243,,{0639A2BF-D21A-2945-E063-782F520A104C},258922
-76.9722334837503,38.8556447664636,PM24249201,5741 0138,24249201,,Langston Lane Apartments,,,2732 LANGSTON PL SE,LANGSTON LANE LTD PRTNSHP,8,"2726 Langston Place, SE",WASHINGTON,DC,20020,2008,Multifamily Housing,113703,105625.0,66,ENERGYSTARSCORE,2019,Multifamily Housing,56,-6.72%,-6.72%,Does Not Meet BEPS,2023/05/09 04:00:00+00,38.85563699,-76.97223121,402410.27013546,131981.03742352,298590,,{0639A2BF-D21B-2945-E063-782F520A104C},258923
-76.9819810621747,38.9018285693336,PM24328805,4491 0007,24328805,,Union Heights West (fl101),,,901 BLADENSBURG RD NE,1600 MDA 55 OWNER LLC,5,1600 Maryland Ave NE,WASHINGTON,DC,20002,2018,Multifamily Housing,255208,268177.0,66,ENERGYSTARSCORE,2019,Multifamily Housing,76,,,Meets BEPS,2023/08/02 04:00:00+00,38.90182078,-76.98197878,401563.19035898,137107.57698927,307668,,{0639A2BF-D21C-2945-E063-782F520A104C},258924
-77.033554069986,38.9066406722071,PM24487757,0212 0851,24487757,,Homewood Suites Wash DC,,,1475 MASSACHUSETTS AVE NW,RPJ III HS WASHINGTON DC LLC,2,1475 Massachusetts Ave NW,WASHINGTON,DC,20005,1999,Hotel,154697,136005.0,54,ENERGYSTARSCORE,2019,Hotel,58,,,Meets BEPS,2023/05/04 04:00:00+00,38.90663288,-77.03355178,397089.85961776,137642.13956469,279197,,{0639A2BF-D21D-2945-E063-782F520A104C},258925
-77.0430073781094,38.900520333774,PM2451324,0105 0843,2451324,,1899 Pennsylvania Avenue,,,1899 PENNSYLVANIA AVE NW,1899 PENN OWNER LP,2,1899 Pennsylvania ave. N.W.,WASHINGTON,DC,20006,1915,Office,195338,205933.0,71,ENERGYSTARSCORE,2019,Office_all,58,-17.61%,-17.61%,Does Not Meet BEPS,2023/09/13 04:00:00+00,38.90051255,-77.04300508,396269.6000998,136963.0773245,295132,,{0639A2BF-D21E-2945-E063-782F520A104C},258926
-76.9722294326063,38.9164036304346,PM24652402,4393 0015,24652402,,Hotel Arboretum,,,1917 BLADENSBURG RD NE,SUTON ONE LLC,5,1917 Bladensburg Rd NE,WASHINGTON,DC,20002,2007,Hotel,100130,78331.0,54,ENERGYSTARSCORE,2019,Hotel,77,,,Meets BEPS,2023/05/04 04:00:00+00,38.91639584,-76.97222716,402408.56971533,138725.7402335,286535,,{0639A2BF-D21F-2945-E063-782F520A104C},258927
-76.9714909371431,38.9168422215063,PM24652415,4393 0016,24652415,,Fairfield Inn & Suites Washington DC/New York Avenue,,,2305 NEW YORK AVE NE,SUTON TWO LLC,5,2305 New York Ave NE,WASHINGTON,DC,20002,2007,Hotel,84180,71265.0,54,ENERGYSTARSCORE,2019,Hotel,84,,,Meets BEPS,2023/09/06 04:00:00+00,38.91683443,-76.97148866,402472.60012644,138774.44712753,307042,,{0639A2BF-D220-2945-E063-782F520A104C},258928
-77.0045912910548,38.9068330536657,PM2482515,0711 0809,2482515,,Two Constitution Square,,,145 N ST NE,TWO CON LLC,6,"145 N Street, NE",WASHINGTON,DC,20002,2010,Office,589000,623532.0,71,ENERGYSTARSCORE,2019,Office_all,79,,,Meets BEPS,2023/05/04 04:00:00+00,38.90682526,-77.00458901,399601.96962451,137662.97052684,303732,,{0639A2BF-D221-2945-E063-782F520A104C},258929
-76.9429161895044,38.8916022365341,PM25031245,5084 0300,25031245,,Benning Woods II (bn058),,,130 42ND ST NE,"HORNING, L E",7,130 42nd St NE,WASHINGTON,DC,20019,1974,Multifamily Housing,73698,63433.0,66,ENERGYSTARSCORE,2019,Multifamily Housing,62,-2.82%,-2.82%,Does Not Meet BEPS,2023/06/14 04:00:00+00,38.89159445,-76.94291392,404952.45036938,135973.76723254,286016,,{0639A2BF-D222-2945-E063-782F520A104C},258930
-77.0420556435925,38.9041082856832,PM25091,0140 0093,25091,,1801 L St. N.W.,,,1801 L ST NW,BARRY L SCHREIBER TRUSTEE,2,1801 L St. N.W.,WASHINGTON,DC,20036,1989,Office,173965,222847.0,71,ENERGYSTARSCORE,2019,Office_all,63,-11.62%,-11.62%,Does Not Meet BEPS,2023/05/04 04:00:00+00,38.9041005,-77.04205335,396352.33971463,137361.33019698,240971,,{0639A2BF-D223-2945-E063-782F520A104C},258931
-77.0201732785367,38.899172290833,PM2511662,0455 0839,2511662,,0700 Sixth Street NW (USAA),,,730 6TH ST NW,USP 700 6TH STREET LLC,2,"700 Sixth Street, NW",WASHINGTON,DC,20001,2009,Office,299216,321826.0,71,ENERGYSTARSCORE,2019,Office_all,84,,,Meets BEPS,2023/05/04 04:00:00+00,38.8991645,-77.02017099,398250.26989308,136812.74760534,302332,,{0639A2BF-D224-2945-E063-782F520A104C},258932
-77.0444817566518,38.9061092233423,PM25204,0116 0073,25204,,1919 M Street,,,1919 M ST NW,1919 M STREET ASSOCIATES,2,"1919 M Street, NW",WASHINGTON,DC,20036,1967,Office,297005,293637.0,71,ENERGYSTARSCORE,2019,Office_all,71,,,Meets BEPS,2023/05/04 04:00:00+00,38.90610144,-77.04447946,396142.00990401,137583.55049149,279481,,{0639A2BF-D225-2945-E063-782F520A104C},258933
-77.0603382971729,38.9020111184552,PM2534176,"1173 0821; 1173 2380",2534176,,270310 - Washington Harbour,,,3030 K STREET NW,WHDC OWNER LLC,2,3000-3050 K Street,WASHINGTON,DC,20007,1986,Mixed Use Property,680369,680369.0,229,SOURCEEUI_KBTU_FT,2019,Other,267.7,-14.46%,-20.00%,Does Not Meet BEPS,2023/09/13 04:00:00+00,38.90200333,-77.06033599,394766.37040972,137129.41676618,805042,,{0639A2BF-D226-2945-E063-782F520A104C},258934
-77.0330865291515,38.8971339882665,PM2539114,0225 0803,2539114,,The Hotel Washington,,,1434 F ST NW,ISTITHMAR HOTELS WASHINGTON LLC,2,515 15th ST NW,WASHINGTON,DC,20004,1917,Hotel,216200,225000.0,54,ENERGYSTARSCORE,2019,Hotel,49,-4.03%,-4.03%,Does Not Meet BEPS,2023/09/14 04:00:00+00,38.8971262,-77.03308424,397130.02960841,136586.80679127,279820,,{0639A2BF-D227-2945-E063-782F520A104C},258935
-77.0805524966757,38.9485369110657,PM25409593,1730 3074,25409593,,Cityline at Tenley Center (Reporting),,,4500 WISCONSIN AVE NW,CITYLINE AT TENLEY RES CONDO,3,4104 Albemarle,WASHINGTON,DC,20015,1941,Mixed Use Property,172569,400130.0,229,WEATHERNORMALZEDSOUREUI_KBTUFT,2019,Other,110.1,,,Meets BEPS,2023/05/04 04:00:00+00,38.94852912,-77.08055019,393017.51957424,142295.52743377,803569,,{0639A2BF-D228-2945-E063-782F520A104C},258936
-77.0360807409076,38.9078425968834,PM25460344,0195 2212,25460344,,General Scott Condominiums,,,1 SCOTT CIR NW,THE GENERAL SCOTT CONDO,2,"One Scott Circle, NW",WASHINGTON,DC,20036,1982,Multifamily Housing,97595,97595.0,66,ENERGYSTARSCORE,2019,Multifamily Housing,26,-23.76%,-20.00%,Does Not Meet BEPS,2023/06/21 04:00:00+00,38.90783481,-77.03607845,396870.7596233,137775.64717209,226023,,{0639A2BF-D229-2945-E063-782F520A104C},258937
-77.011987454795,38.9678939778471,PM25490737,"3129 0802; 3129 0803; 3129 0804",25490737,,MWHC and MNRH Campus,25490737,MWHC and MNRH Campus,106 IRVING ST NW,WASHINGTON HOSPITAL CENTER,5,110 IRVING ST NW,WASHINGTON,DC,20010,1960,Hospital (General Medical & Surgical),140215,1853700.0,50,ENERGYSTARSCORE,2019,Hospital,10,-20.74%,-20.00%,Does Not Meet BEPS,2023/06/23 04:00:00+00,38.96788618,-77.01198516,398961.3502923,144441.32739779,228314,,{0639A2BF-D22A-2945-E063-782F520A104C},258938
-77.0063633346563,38.8770096612079,PM25506,0699 0028,25506,,80 M Street SE,,,80 M ST SE,WELLS REIT II 80 M STREET LLC,6,"80 M Street , SE",WASHINGTON,DC,20003,2001,Office,384666,319955.0,71,ENERGYSTARSCORE,2019,Office_all,89,,,Meets BEPS,2023/05/06 04:00:00+00,38.87700188,-77.00636105,399448.04004689,134352.3502346,278598,,{0639A2BF-D22B-2945-E063-782F520A104C},258939
-76.9809031891306,38.8547323578551,PM25559895,5832 1535,25559895,,Hillwood Condominiums,,,1601 GAINESVILLE ST SE,THE HILLWOOD CONDOMINIUMS,8,1601 Gainesville Street SE,WASHINGTON,DC,20020,1965,Multifamily Housing,65758,65758.0,66,ENERGYSTARSCORE,2019,Multifamily Housing,46,-12.62%,-12.62%,Does Not Meet BEPS,2023/06/21 04:00:00+00,38.85472458,-76.98090091,401657.78037304,131879.56021287,286331,,{0639A2BF-D22C-2945-E063-782F520A104C},258940
-77.0308201935513,38.9217187431599,PM25582168,2868 0820,25582168,,Wardman Court Apartments,,,1312 CLIFTON ST NW,CLIFTON TERRACE L P,1,1312 Clifton St NW,WASHINGTON,DC,20009,1918,Multifamily Housing,111224,127178.0,66,ENERGYSTARSCORE,2019,Multifamily Housing,16,-29.98%,-20.00%,Does Not Meet BEPS,2023/05/04 04:00:00+00,38.92171095,-77.0308179,397327.54992098,139315.84680753,232075,,{0639A2BF-D22D-2945-E063-782F520A104C},258941
-77.0410005100348,38.9093015873539,PM2558899,0157 0866,2558899,,Carnegie Endowment for International Peace,,,1779 MASSACHUSETTS AVE NW,CARNEGIE ENDOWMENT FOR INTL PEACE,2,1779 Massachusetts Ave NW,WASHINGTON,DC,20036,1997,Office,89323,89223.0,71,ENERGYSTARSCORE,2019,Office_all,65,-8.99%,-8.99%,Does Not Meet BEPS,2023/09/13 04:00:00+00,38.9092938,-77.04099821,396444.12027433,137937.78713186,241732,,{0639A2BF-D22E-2945-E063-782F520A104C},258942
-77.0335174828654,38.9389413591183,PM25607065,2693 1336,25607065,,(NEW) Randolph Towers Condominium,,,3900 14TH ST NW,RANDOLPH TOWERS CONDO,4,3900-3902 14th St NW,WASHINGTON,DC,20011,1931,Multifamily Housing,102268,139492.0,66,ENERGYSTARSCORE,2019,Multifamily Housing,97,,,Meets BEPS,2023/09/15 04:00:00+00,38.93893356,-77.03351519,397094.34969723,141227.78752024,243457,,{0639A2BF-D22F-2945-E063-782F520A104C},258943
-77.0237361251587,38.913327361091,PM25789517,0395 0055,25789517,,Lincoln Westmoreland Phase II LP,,,807 R ST NW,LINCOLN WESTMORELAND PHASE II LP,6,807 R Street NW,WASHINGTON,DC,20001,1978,Multifamily Housing,59401,57480.0,66,ENERGYSTARSCORE,2019,Multifamily Housing,73,,,Meets BEPS,2023/08/22 04:00:00+00,38.91331957,-77.02373383,397941.62029624,138384.14987866,295463,,{0639A2BF-D230-2945-E063-782F520A104C},258944
-77.018052206258,38.8776683942631,PM2590105,0542 0827,2590105,,1101 4th Street SW at Waterfront Station II,,,1101 4TH ST SW,USGBF WATERFRONT STATION LLC,6,1101 4th Street SW,WASHINGTON,DC,20024,2010,Office,283470,296748.0,71,ENERGYSTARSCORE,2019,Office_all,77,,,Meets BEPS,2023/05/04 04:00:00+00,38.87766061,-77.01804992,398433.78986654,134425.6098619,307156,,{0639A2BF-D231-2945-E063-782F520A104C},258945
-77.017161805426,38.8776218470101,PM2590110,0542 0872,2590110,,1100 4th Street at Waterfront Station l,,,1100 4TH STREET SW,USGBF WATERFRONT STATION LLC,6,1100 4th Street SW,WASHINGTON,DC,20024,2010,Mixed Use Property,355846,355846.0,70,ENERGYSTARSCORE,2019,Mixed-Use Variance,75,,,Meets BEPS,2023/05/04 04:00:00+00,38.87761406,-77.01715952,398511.04981859,134420.42755961,307170,,{0639A2BF-D232-2945-E063-782F520A104C},258946
-77.0445846261555,38.9028359806431,PM2590124,0085 0844,2590124,,1999 K Street NW,,,1925 K ST NW,DEKA USA K STREET LP,2,1999 K Street NW,WASHINGTON,DC,20006,2009,Office,250345,266211.0,71,ENERGYSTARSCORE,2019,Office_all,77,,,Meets BEPS,2023/09/01 04:00:00+00,38.90282819,-77.04458233,396132.90987509,137220.19760737,306496,,{0639A2BF-D233-2945-E063-782F520A104C},258947
-77.060623305053,38.9028518200797,PM2590129,1190 0078,2590129,,1000 Thomas Jefferson Street NW,,,1000 THOMAS JEFFERSON ST NW,1000 JEFFERSON ASSOCIATES,2,1000 Thomas Jefferson Street NW,WASHINGTON,DC,20007,1980,Office,207744,154807.0,71,ENERGYSTARSCORE,2019,Office_all,64,-10.32%,-10.32%,Does Not Meet BEPS,2023/09/13 04:00:00+00,38.90284403,-77.060621,394741.71021357,137222.75760361,273801,,{0639A2BF-D234-2945-E063-782F520A104C},258948
-77.0604057330324,38.9035015164048,PM2590132,1190 0842,2590132,,1050 Thomas Jefferson Street NW,,,1050 THOMAS JEFFERSON ST NW,GEORGETOWN JEFFERSON ASSOCIATES,2,1050 Thomas Jefferson Street NW,WASHINGTON,DC,20007,1981,Office,287032,206542.0,71,ENERGYSTARSCORE,2019,Office_all,49,-26.86%,-20.00%,Does Not Meet BEPS,2023/09/19 04:00:00+00,38.90349373,-77.06040343,394760.63004101,137294.86702711,278802,,{0639A2BF-D235-2945-E063-782F520A104C},258949
-77.0012998196822,38.8768032648852,PM2590139,0800 0029,2590139,,300 M Street SE,,,300 M ST SE,FEDERAL CENTER LP,6,300 M Street SE,WASHINGTON,DC,20003,2001,Office,397139,299132.0,71,ENERGYSTARSCORE,2019,Office_all,54,-21.93%,-20.00%,Does Not Meet BEPS,2023/09/14 04:00:00+00,38.87679548,-77.00129754,399887.40975315,134329.41984271,289440,,{0639A2BF-D236-2945-E063-782F520A104C},258950
-77.0071823158881,38.9015599644103,PM2609487,0675 0846,2609487,,FERC,,,888 1ST ST NE,ROSCHE/888 FIRST STREET NE LLC,6,"888 First Street, NE",WASHINGTON,DC,20002,1995,Office,500000,558620.0,71,ENERGYSTARSCORE,2019,Office_all,77,,,Meets BEPS,2023/05/04 04:00:00+00,38.90155218,-77.00718003,399377.19000172,137077.63042548,81586,,{0639A2BF-D237-2945-E063-782F520A104C},258951
-77.0445584711211,38.9150402196323,PM2637498,0109 0801,2637498,,President Madison Apartments,Not Applicable: Standalone Property,Not Applicable: Standalone Property,1908 FLORIDA AVE NW,BDC PRESIDENT MADISON LLC,2,"1908 Florida Ave, NW",WASHINGTON,DC,20009,1905,Multifamily Housing,86166,86166.0,66,ENERGYSTARSCORE,2019,Multifamily Housing,82,,,Meets BEPS,2023/05/04 04:00:00+00,38.91503243,-77.04455617,396135.84024195,138574.96699261,241000,,{0639A2BF-D238-2945-E063-782F520A104C},258952
-77.0507478875578,38.9069466081733,PM2656301,0036 0048,2656301,,2300 N Street,,,2300 N ST NW,TR 2300 N STREET CORP,2,2300 N Street,WASHINGTON,DC,20037,1986,Office,451902,304484.0,71,ENERGYSTARSCORE,2019,Office_all,68,-4.72%,-4.72%,Does Not Meet BEPS,2023/09/14 04:00:00+00,38.90693882,-77.05074559,395598.55980866,137676.78994804,242335,,{0639A2BF-D239-2945-E063-782F520A104C},258953
-77.020742184665,38.8995559383909,PM2675356,"0455 0842; 0455 7001",2675356,,Gallery Place,,,614 H ST NW,OXFORD BIT GALLERY PLACE PROPERTY OWNER LLC,2,616 H. Street,WASHINGTON,DC,20001,2004,Mixed Use Property,103908,588598.4,229,WEATHERNORMALZEDSOUREUI_KBTUFT,2019,Other,279.3,-18.01%,-20.00%,Does Not Meet BEPS,2023/09/14 04:00:00+00,38.89954815,-77.02073989,398200.93040733,136855.34688255,295093,,{0639A2BF-D23A-2945-E063-782F520A104C},258954
-77.0273388123468,38.8980642372735,PM2681003,0320 0815,2681003,,1100 G Street,,,666 11TH ST NW,1100G HOLDINGS LLC,2,666 11th Street NW,WASHINGTON,DC,20001,1968,Office,144356,109959.0,71,ENERGYSTARSCORE,2019,Office_all,73,,,Meets BEPS,2023/05/04 04:00:00+00,38.89805645,-77.02733652,397628.66003597,136689.90694597,239134,,{0639A2BF-D23B-2945-E063-782F520A104C},258955
-77.0039405173999,38.899490268039,PM2681078,0720 0826,2681078,,Station Place III,,,700 2ND ST NE,SEVEN HUNDRED 2ND STREET HOLDINGS LLC,6,700 Second Street NE,WASHINGTON,DC,20002,2009,Mixed Use Property,755499,554328.0,229,SOURCEEUI_KBTU_FT,2019,Other,208.3,,,Meets BEPS,2023/05/04 04:00:00+00,38.89948248,-77.00393823,399658.38023137,136847.85998974,307352,,{0639A2BF-D23C-2945-E063-782F520A104C},258956
-77.021430700595,38.9016620586505,PM2686138,0452 0032,2686138,,650 Mass Ave,,,650 MASSACHUSETTS AVE NW,BOP 650 MASS LLC,2,650 Massachusetts Avenue NW,WASHINGTON,DC,20001,1988,Office,465821,346459.0,71,ENERGYSTARSCORE,2019,Office_all,81,,,Meets BEPS,2023/05/04 04:00:00+00,38.90165427,-77.02142841,398141.26002453,137089.15689811,243177,,{0639A2BF-D23D-2945-E063-782F520A104C},258957
-77.0292546847556,38.8956650525495,PM2701785,0291 0038,2701785,,1275 Penn Ave NW,,,1275 PENNSYLVANIA AVE NW,PENNSYLVANIA BUILDING,2,12745 Penn Avenue NW,WASHINGTON,DC,20004,1956,Office,289198,246341.0,71,ENERGYSTARSCORE,2019,Office_all,75,,,Meets BEPS,2023/05/04 04:00:00+00,38.89565727,-77.02925239,397462.38020604,136423.63040867,,,{0639A2BF-D23E-2945-E063-782F520A104C},258958
-77.0275931406541,38.901700339289,PM2701797,0317 0841,2701797,,1101 New York Ave,,,1101 NEW YORK AVE NW,1101 NYA OWNER DE LLC,2,1101 New York Ave NW,WASHINGTON,DC,20005,2007,Office,512092,392374.0,71,ENERGYSTARSCORE,2019,Office_all,79,,,Meets BEPS,2023/05/04 04:00:00+00,38.90169255,-77.02759085,397606.71986297,137093.54980262,300316,,{0639A2BF-D23F-2945-E063-782F520A104C},258959
-77.0527976960161,38.9063380595124,PM2703000,0024 0885,2703000,,West End 25 Apartments,,,1229 25TH ST NW,RH 1229-1231 25TH STREET LLC,2,1255 25th Street,WASHINGTON,DC,20037,2010,Multifamily Housing,298475,326664.0,66,ENERGYSTARSCORE,2019,Multifamily Housing,74,,,Meets BEPS,2023/05/04 04:00:00+00,38.90633027,-77.0527954,395420.7296227,137609.3367774,307810,,{0639A2BF-D240-2945-E063-782F520A104C},258960
-77.0243395119254,38.8964457372008,PM2704668,0377 0040,2704668,,The Pew Charitable Trusts,,,901 E ST NW,THE PEW CHARITABLE TRUSTS,2,901 E Street NW,WASHINGTON,DC,20004,1989,Office,345480,280122.0,71,ENERGYSTARSCORE,2019,Office_all,77,,,Meets BEPS,2023/05/04 04:00:00+00,38.89643795,-77.02433722,397888.79008901,136510.16693021,239821,,{0639A2BF-D241-2945-E063-782F520A104C},258961
-77.0287604524546,38.9001191807624,PM2706378,0287 0813,2706378,,1212 New York Avenue NW,,,1212 NEW YORK AVE NW,JAGUAR PROPERTIES LLC,2,1212 New York Avenue NW,WASHINGTON,DC,20005,1987,Office,155790,120000.0,71,ENERGYSTARSCORE,2019,Office_all,73,,,Meets BEPS,2023/07/21 04:00:00+00,38.90011139,-77.02875816,397505.40999593,136918.05959879,240929,,{0639A2BF-D242-2945-E063-782F520A104C},258962
-77.0065899920669,38.9028918848752,PM2722082,0674 0853,2722082,,BOYD - Washington DC VI,,,90 K ST NE,WASHINGTON DC VI FGF LLC,6,90 K Street NE,WASHINGTON,DC,20002,2010,Office,450000,435400.0,71,ENERGYSTARSCORE,2019,Office_all,85,,,Meets BEPS,2023/05/04 04:00:00+00,38.9028841,-77.00658771,399428.57967921,137225.48040617,289039,,{0639A2BF-D243-2945-E063-782F520A104C},258963
-77.0444990597996,38.9040914988011,PM2726905,0117 0084,2726905,,The Vanguard Building,,,1111 20TH ST NW,VANGUARD ASSOCIATES,2,1111 20th st NW,WASHINGTON,DC,20036,1963,Office,229401,190874.0,71,ENERGYSTARSCORE,2019,Office_all,100,,,Meets BEPS,2023/05/04 04:00:00+00,38.90408371,-77.04449676,396140.40018695,137359.56684015,278855,,{0639A2BF-D244-2945-E063-782F520A104C},258964
-77.0147724118025,38.89653474713,PM2728715,0568 0043,2728715,,Communications Workers of America Building,,,501 3RD ST NW,COMMUNICATINS WORKERS,2,"501 Third Street, N.W.",WASHINGTON,DC,20001,1991,Office,396741,260253.0,71,ENERGYSTARSCORE,2019,Office_all,63,-11.62%,-11.62%,Does Not Meet BEPS,2023/09/13 04:00:00+00,38.89652696,-77.01477012,398718.72033632,136519.86997962,238368,,{0639A2BF-D245-2945-E063-782F520A104C},258965
-77.0397447417841,38.900488608851,PM2729439,0127 0055,2729439,,800 17TH ST/ Site #CPNC,,,800 17TH ST NW,T C 800 17TH STREET NW OWNER LLC,2,800 17TH ST NW,WASHINGTON,DC,20006,2010,Office,431570,384884.0,71,ENERGYSTARSCORE,2019,Office_all,65,-8.99%,-8.99%,Does Not Meet BEPS,2023/07/30 04:00:00+00,38.90048082,-77.03974245,396552.60963916,136959.42677392,218758,,{0639A2BF-D246-2945-E063-782F520A104C},258966
-77.016904281546,38.9016695846636,PM2736239,0516 0057,2736239,,425 EYE,,,425 I ST NW,425 EYE STREET LLC,6,"425 I St.,NW",WASHINGTON,DC,20001,1973,Office,488592,376559.0,71,ENERGYSTARSCORE,2019,Office_all,99,,,Meets BEPS,2023/07/20 04:00:00+00,38.9016618,-77.01690199,398533.89022934,137089.91035955,237566,,{0639A2BF-D247-2945-E063-782F520A104C},258967
-77.0440863464452,38.9028177836889,PM27448,0085 0060,27448,,The Millennium Building,,,1909 K ST NW,NINA JO ASSOCIATES LLC,2,1909 K Street NW,WASHINGTON,DC,20006,1999,Office,239437,242937.0,71,ENERGYSTARSCORE,2019,Office_all,84,,,Meets BEPS,2023/05/23 04:00:00+00,38.90281,-77.04408405,396176.12991416,137218.15738099,243209,,{0639A2BF-D248-2945-E063-782F520A104C},258968
-77.0342215730879,38.9046316791965,PM2774635,0214 0105,2774635,,1125 15th Street,,,1129 15TH ST NW,1125 15TH STREET LLC,2,"1125 15th Street, NW",WASHINGTON,DC,20005,1969,Office,364500,285264.0,153,WEATHERNORMALZEDSOUREUI_KBTUFT,2019,Office_all,41.3,,,Meets BEPS,2023/05/04 04:00:00+00,38.90462389,-77.03421928,397031.87987953,137419.14685106,240247,,{0639A2BF-D249-2945-E063-782F520A104C},258969
-77.061837879002,38.944908268296,PM2776163,2049 0804,2776163,,V.N.N.C.Inc.,,,3001 VEAZEY TER NW,V N N C INC,3,"3001 Veazey Terrace, NW",WASHINGTON,DC,20008,1966,Multifamily Housing,698441,695661.0,66,ENERGYSTARSCORE,2019,Multifamily Housing,83,,,Meets BEPS,2023/05/04 04:00:00+00,38.94490047,-77.06183557,394639.52029976,141891.44962716,297981,,{0639A2BF-D24A-2945-E063-782F520A104C},258970
-77.0266000223592,38.8959861779328,PM2786219,"0348 0832; 0348 0834",2786219,,1001 Pennsylvania Avenue w/ Retail,,,1008 E ST NW,LAWYERS TITLE REALTY SERVICES INC,2,1001 Pennsylvania Avenue,WASHINGTON,DC,20004,1985,Office,478570,876646.5,71,ENERGYSTARSCORE,2019,Office_all,67,-6.18%,-6.18%,Does Not Meet BEPS,2023/09/25 04:00:00+00,38.89597839,-77.02659773,397692.68006798,136459.20682931,239376,,{0639A2BF-D24B-2945-E063-782F520A104C},258971
-77.0408651441159,38.901038633082,PM2790969,0127 0050,2790969,,1722 Eye Street,,,1722 I ST NW,1722 EYE STREET ASSOCIATES LIMITED PARTNERSHIP,2,1722 Eye Street,WASHINGTON,DC,20006,1979,Office,167233,180564.0,71,ENERGYSTARSCORE,2019,Office_all,67,-6.18%,-6.18%,Does Not Meet BEPS,2023/09/23 04:00:00+00,38.90103085,-77.04086285,396455.44980854,137020.52742192,279347,,{0639A2BF-D24C-2945-E063-782F520A104C},258972
-77.0192581196627,38.8754614865325,PM2791015,0502 0184,2791015,,"Tiber Island Cooperative Homes, Inc.",,,431 N ST SW,TIBER ISLAND COOPERATIVE HOMES,6,429 N Street SW,WASHINGTON,DC,20024,1965,Multifamily Housing,315832,451151.0,66,ENERGYSTARSCORE,2019,Multifamily Housing,63,-2.14%,-2.14%,Does Not Meet BEPS,2023/09/20 04:00:00+00,38.8754537,-77.01925583,398329.10014101,134180.64755551,299498,,{0639A2BF-D24D-2945-E063-782F520A104C},258973
-77.0304511647563,38.8836098893374,PM2798092,0299 0831,2798092,,Mandarin Oriental Hotel,,,1330 MARYLAND AVE SW,PORTALS HOTEL SITE LLC,6,1330 Maryland Avenue SW,WASHINGTON,DC,20024,2004,Hotel,294037,512051.0,54,ENERGYSTARSCORE,2019,Hotel,56,,,Meets BEPS,2023/05/04 04:00:00+00,38.88360211,-77.03044887,397358.1402377,135085.44749036,297583,,{0639A2BF-D24E-2945-E063-782F520A104C},258974
-77.0779091522842,38.9284004690776,PM2802906,1805 0800,2802906,,The Westchester,,,3900 CATHEDRAL AVE NW,WESTCHESTER CORPORATION,3,"4000 Cathedral Avenue, NW",WASHINGTON,DC,20016,1929,Multifamily Housing,984779,989860.0,66,ENERGYSTARSCORE,2019,Multifamily Housing,70,,,Meets BEPS,2023/05/04 04:00:00+00,38.92839268,-77.07790684,393244.75023867,140060.00721464,223991,,{0639A2BF-D24F-2945-E063-782F520A104C},258975
-77.0215855537152,38.8945095966153,PM2804132,0458 0022,2804132,,Liberty Place,,,325 7TH STREET NW,DC LIBERTY PLACE OWNER LLC,2,"325 7th St., NW",WASHINGTON,DC,20004,1990,Office,190680,190680.0,71,ENERGYSTARSCORE,2019,Office_all,59,-16.48%,-16.48%,Does Not Meet BEPS,2023/05/04 04:00:00+00,38.89450181,-77.02158326,398127.64032893,136295.1799632,279681,,{0639A2BF-D250-2945-E063-782F520A104C},258976
-77.01755791123,38.9010619645657,PM2807339,0516S 0861,2807339,,455 Mass Ave,,,455 MASSACHUSETTS AVE NW,SQUARE 516S OFFICE VENTURE LLC,6,455 Massachusetts Ave NW,WASHINGTON,DC,20001,2008,Office,357180,252537.0,71,ENERGYSTARSCORE,2019,Office_all,83,,,Meets BEPS,2023/05/19 04:00:00+00,38.90105418,-77.01755562,398477.1801875,137022.47035412,300381,,{0639A2BF-D251-2945-E063-782F520A104C},258977
-77.0527663217473,38.906006386174,PM2809459,0024 0886,2809459,,1227 25th Street (tq29),,,1227 25TH STREET NW,1227 25TH STREET INC,2,"1227 25th Street, NW",WASHINGTON,DC,20037,1988,Office,147840,147840.0,71,ENERGYSTARSCORE,2019,Office_all,55,-20.88%,-20.00%,Does Not Meet BEPS,2023/06/09 04:00:00+00,38.9059986,-77.05276402,395423.43012262,137572.5171404,273948,,{0639A2BF-D252-2945-E063-782F520A104C},258978
-77.0283926794251,38.8957172165147,PM2840677,0291 0037,2840677,,1201 Pennsylvania Ave.,,,1201 PENNSYLVANIA AVE NW,1201 LAND LP,2,1201 Pennsylvania Ave. NW,WASHINGTON,DC,20004,1981,Office,642329,519773.0,153,WEATHERNORMALZEDSOUREUI_KBTUFT,2019,Office_all,144.9,,,Meets BEPS,2023/09/14 04:00:00+00,38.89570943,-77.02839039,397537.15976649,136429.39697338,240937,,{0639A2BF-D253-2945-E063-782F520A104C},258979
-77.0285232579386,38.8976649736104,PM2895757,0289 0832,2895757,,1201 F St,,,1201 F ST NW,1201 F STREET LLC,2,"1201 F Street, NW",WASHINGTON,DC,20004,2000,Office,325757,240578.0,71,ENERGYSTARSCORE,2019,Office_all,52,-23.96%,-20.00%,Does Not Meet BEPS,2023/09/14 04:00:00+00,38.89765719,-77.02852097,397525.89962382,136645.61733888,240934,,{0639A2BF-D254-2945-E063-782F520A104C},258980
-77.041306136589,38.9018911461745,PM2896787,0126 0059,2896787,,919 18th Street,,,919 18TH ST NW,EPIC 919 LLC,2,"919 18th Street, NW",WASHINGTON,DC,20006,1980,Office,151448,105643.0,153,WEATHERNORMALZEDSOUREUI_KBTUFT,2019,Office_all,170.5,-10.26%,-10.26%,Does Not Meet BEPS,2023/09/14 04:00:00+00,38.90188336,-77.04130384,396417.24000649,137115.18009579,236720,,{0639A2BF-D255-2945-E063-782F520A104C},258981
-77.0276307078368,38.8971959424206,PM29225,0321 0027,29225,,555 12TH STREET,,,1112 F ST NW,555 12TH REIT LLC,2,555 12TH STREET NW,WASHINGTON,DC,20004,1994,Office,795127,907540.0,71,ENERGYSTARSCORE,2019,Office_all,93,,,Meets BEPS,2023/05/04 04:00:00+00,38.89718816,-77.02762842,397603.30964163,136593.52746415,239135,,{0639A2BF-D256-2945-E063-782F520A104C},258982
-77.0361653567781,38.913051735717,PM2923735,0192 0825,2923735,,Chastleton Cooperative,,,1701 16TH ST NW,CHASTLETON APARTMENTS,2,"1701 16th Street, NW",WASHINGTON,DC,20009,1921,Multifamily Housing,272450,272450.0,66,ENERGYSTARSCORE,2019,Multifamily Housing,67,,,Meets BEPS,2023/05/25 04:00:00+00,38.91304395,-77.03616306,396863.65010267,138353.90741761,242225,,{0639A2BF-D257-2945-E063-782F520A104C},258983
-77.0542352979588,38.8987117900815,PM2924130,0008 8000,2924130,,"Watergate East, Inc.",,,2500 VIRGINIA AVE NW,WATERGATE EAST INC,2,"2500 Virginia Avenue, NW",WASHINGTON,DC,20037,1966,Multifamily Housing,449825,389352.0,66,ENERGYSTARSCORE,2019,Multifamily Housing,15,-30.68%,-20.00%,Does Not Meet BEPS,2023/05/04 04:00:00+00,38.898704,-77.054233,395295.53479265,136762.83253749,279594,,{0639A2BF-D258-2945-E063-782F520A104C},258984
-77.0368808373057,38.9229106174818,PM3542092,2572 0815,3542092,,Dorchester House Apartments,,,2480 16TH ST NW,DORCHESTER HOUSE ASSOCIATES LLC,1,2480 16th St NW,WASHINGTON,DC,20009,1941,Multifamily Housing,439502,439502.0,66,ENERGYSTARSCORE,2019,Multifamily Housing,88,,,Meets BEPS,2023/05/04 04:00:00+00,38.92290283,-77.03687854,396802.04007681,139448.35043933,243020,,{0639A2BF-D259-2945-E063-782F520A104C},258985
-77.0470064092616,38.904872360911,PM3551424,0072 0075,3551424,,02273 - 2100 M Street NW,,,2100 M ST NW,2100 M STREET PROPERTY OWNER LLC,2,2100 M Street NW,WASHINGTON,DC,20037,1969,Office,376487,286773.0,71,ENERGYSTARSCORE,2019,Office_all,86,,,Meets BEPS,2023/05/04 04:00:00+00,38.90486457,-77.04700411,395922.96006831,137446.35761308,279529,,{0639A2BF-D25A-2945-E063-782F520A104C},258986
-77.0536876455962,38.901448576157,PM3568865,0016 0884,3568865,,The River Inn,,,924 25TH ST NW,ALAMAC INC,2,924 25th Street N.W.,WASHINGTON,DC,20037,1956,Hotel,85052,85052.0,54,ENERGYSTARSCORE,2019,Hotel,63,,,Meets BEPS,2023/05/04 04:00:00+00,38.90144079,-77.05368535,395343.2195883,137066.61003678,273930,,{0639A2BF-D25B-2945-E063-782F520A104C},258987
-77.0179034607259,38.8856231584988,PM3603031,0493 0808,3603031,,FCP-400,,,301 4TH ST SW,FEDERAL CENTER OFFICE ASSOCIATES LLC,6,"400 C Street, SW",WASHINGTON,DC,20024,1984,Office,505175,422684.0,71,ENERGYSTARSCORE,2019,Office_all,43,-32.27%,-20.00%,Does Not Meet BEPS,2023/07/21 04:00:00+00,38.88561537,-77.01790117,398446.87021606,135308.64657041,276613,,{0639A2BF-D25C-2945-E063-782F520A104C},258988
-77.0131440733811,38.8987117318606,PM3612277,"0565 0020; 0567 0062; 0569 0864; 0569 0865",3612277,,Georgetown Law,3612277,Georgetown Law,111 G ST NW,GEORGETOWN UNIVERSITY,6,600 New Jersey Ave.,WASHINGTON,DC,20001,1971,Mixed Use Property,148385,908754.0,190,Blended Custom Source Energy Use Intensity (EUI),2019,Georgetown University Law Campus,170.8,,,Meets BEPS,2023/05/04 04:00:00+00,38.89870394,-77.01314179,398860.00963818,136761.51051007,300811,,{0639A2BF-D25D-2945-E063-782F520A104C},258989
-77.0713056700256,38.9085275282593,PM3619434,"1248 0835; 1321 0815",3619434,,Georgetown University Main Campus,3619434,Georgetown University Main Campus,1437 37TH ST NW,GEORGETOWN UNIVERSITY,2,3700 O St NW,WASHINGTON,DC,20057,1789,Mixed Use Property,27251,4688331.0,262,Blended Custom Source Energy Use Intensity (EUI),2019,Georgetown University Main Campus,324.9,-19.36%,-19.36%,Does Not Meet BEPS,2023/05/04 04:00:00+00,38.90851974,-77.07130336,393815.61032645,137853.47688829,291456,,{0639A2BF-D25E-2945-E063-782F520A104C},258990
-77.0284627162278,38.9062803112727,PM3622119,0281 0049,3622119,,King Housing LLC,,,1220 12TH ST NW,KING HOUSING LIMITED PARTNERSHIP,2,1220 12th street nw,WASHINGTON,DC,20005,1975,Multifamily Housing,128167,128560.0,66,ENERGYSTARSCORE,2019,Multifamily Housing,89,,,Meets BEPS,2023/05/04 04:00:00+00,38.90627252,-77.02846042,397531.45029862,137601.98668119,240913,,{0639A2BF-D25F-2945-E063-782F520A104C},258991
-77.0159239742449,38.9009655210289,PM3622132,0528 2871,3622132,,Madrigal Lofts - 811 4th St.,,,811 4TH ST NW,MADRIGAL LOFTS CONDOMINIUM,6,811 4th Street NW,WASHINGTON,DC,20001,2007,Multifamily Housing,208767,265803.0,66,ENERGYSTARSCORE,2019,Multifamily Housing,65,-0.72%,-0.72%,Does Not Meet BEPS,2023/07/27 04:00:00+00,38.90095773,-77.01592169,398618.9096261,137011.73764136,305624,,{0639A2BF-D260-2945-E063-782F520A104C},258992
-77.0471674460083,38.9170412079968,PM3625086,2528 0302,3625086,,2000 Connecticut,,,2000 CONNECTICUT AVE NW,KS 2000 CONNECTICUT LLC,2,2000 Connecticut Avenue NW,WASHINGTON,DC,20008,1935,Multifamily Housing,128664,124128.0,66,ENERGYSTARSCORE,2019,Multifamily Housing,99,,,Meets BEPS,2023/09/25 04:00:00+00,38.91703342,-77.04716515,395909.68971758,138797.20720839,236605,,{0639A2BF-D261-2945-E063-782F520A104C},258993
-77.0487391636326,38.9194748934471,PM3625087,2541 0806,3625087,,The Park Crest,,,2070 BELMONT RD NW,PARK CREST LLC,1,2070 Belmont Rd NW,WASHINGTON,DC,20009,1925,Multifamily Housing,58177,50000.0,66,ENERGYSTARSCORE,2019,Multifamily Housing,85,,,Meets BEPS,2023/08/31 04:00:00+00,38.9194671,-77.04873686,395773.53032312,139067.43765099,297623,,{0639A2BF-D262-2945-E063-782F520A104C},258994
-77.0340676637686,38.9051188058279,PM3628699,0214 0861,3628699,,Madison Office Building,,,1155 15TH STREET NW,SIDRA MADISON LLC,2,1155 15th st. NW,WASHINGTON,DC,20007,1962,Office,112800,112800.0,71,ENERGYSTARSCORE,2019,Office_all,40,-34.83%,-20.00%,Does Not Meet BEPS,2023/09/13 04:00:00+00,38.90511102,-77.03406537,397045.24994028,137473.21723652,240252,,{0639A2BF-D263-2945-E063-782F520A104C},258995
-77.0828542487505,38.9329237722736,PM3628787,1601 2424,3628787,,Sutton Towers Condominiums,,,3101 NEW MEXICO AVE NW,SUTTON TOWERS CONDO,3,3101 New Mexico Ave NW,WASHINGTON,DC,20016,1980,Multifamily Housing,254896,255301.0,66,ENERGYSTARSCORE,2019,Multifamily Housing,69,,,Meets BEPS,2023/06/15 04:00:00+00,38.93291598,-77.08285194,392816.4197745,140562.50994089,275646,,{0639A2BF-D264-2945-E063-782F520A104C},258996
-77.030565406787,38.9041119470905,PM3630592,0247 0094,3630592,,"MQMF 1313 L STREET, LLC",,,1313 L ST NW,MQMF 1313 L STREET LLC,2,1313 L St NW,WASHINGTON,DC,20005,1984,Office,118722,125191.0,71,ENERGYSTARSCORE,2019,Office_all,70,-1.62%,-1.62%,Does Not Meet BEPS,2023/05/04 04:00:00+00,38.90410416,-77.03056311,397348.99030197,137361.3400882,218083,,{0639A2BF-D265-2945-E063-782F520A104C},258997
-76.9550342343484,38.9170352672981,PM3630815,PAR 01730118,3630815,,3600 NY Properties LLC,,,3600 NEW YORK AVE NE,3600 NY PROPERTIES LLC,5,"3600 New York Avenue, NE",WASHINGTON,DC,20002,1963,Office,128160,123000.0,71,ENERGYSTARSCORE,2019,Office_all,67,-6.18%,-6.18%,Does Not Meet BEPS,2023/05/04 04:00:00+00,38.91702747,-76.95503196,403899.77032792,138796.45055706,295060,,{0639A2BF-D266-2945-E063-782F520A104C},258998
-77.0414606174081,38.9050626361794,PM3631056,0161 0032,3631056,,1140 Connecticut Avenue (vc92),,,1139 18TH ST NW,WRIT 1140 CT LLC,2,"1140 Connecticut Ave, NW",WASHINGTON,DC,20036,1966,Office,245932,195835.0,71,ENERGYSTARSCORE,2019,Office_all,77,,,Meets BEPS,2023/05/04 04:00:00+00,38.90505485,-77.04145832,396404.00005658,137467.24716557,278880,,{0639A2BF-D267-2945-E063-782F520A104C},258999
-77.0422095381577,38.9044713569438,PM3019499,0140 0094,3019499,,1150 18th Street,,,1150 18TH ST NW,DMARC 2007 CD5 1150 OFFICE LLC,2,1150 18th Street NW,WASHINGTON,DC,20036,1990,Office,170247,196796.0,71,ENERGYSTARSCORE,2019,Office_all,71,,,Meets BEPS,2023/05/04 04:00:00+00,38.90446357,-77.04220724,396339.01010446,137401.64006436,241301,,{0639A2BF-D268-2945-E063-782F520A104C},259000
-77.0171554111272,38.883620796892,PM3028867,0537 0811,3028867,,Patriots Plaza I - 2061 (EPL),,,395 E ST SW,MEPT / FCP PATRIOTS PLAZA LLC,6,395 E Street S.W.,WASHINGTON,DC,20024,2005,Office,294130,294130.0,71,ENERGYSTARSCORE,2019,Office_all,77,,,Meets BEPS,2023/05/04 04:00:00+00,38.88361301,-77.01715312,398511.73028172,135086.35670702,300404,,{0639A2BF-D269-2945-E063-782F520A104C},259001
-77.019588788962,38.8991109442762,PM3028868,0486 0833,3028868,,777 Sixth Street NW (EPL),,,719 6TH ST NW,MEPT 777 6TH STREET LLC,2,"777 6th Street, NW",WASHINGTON,DC,20001,2005,Office,202184,199895.0,71,ENERGYSTARSCORE,2019,Office_all,83,,,Meets BEPS,2023/05/04 04:00:00+00,38.89910316,-77.0195865,398300.96994624,136805.92733422,300390,,{0639A2BF-D26A-2945-E063-782F520A104C},259002
-77.0169747968873,38.8840678464308,PM3048099,0537 0812,3048099,,Patriots Plaza II - 2261 (EPL),,,375 E ST SW,MEPT / FCP PATRIOTS PLAZA LLC,6,"375 E Street, SW",WASHINGTON,DC,20024,2009,Office,484047,336246.0,71,ENERGYSTARSCORE,2019,Office_all,71,,,Meets BEPS,2023/05/04 04:00:00+00,38.88406006,-77.01697251,398527.40991637,135135.97976904,307097,,{0639A2BF-D26B-2945-E063-782F520A104C},259003
-77.0164010844802,38.8837101153177,PM3048100,0537 0813,3048100,,Patriots Plaza III - 2262 (EPL),,,355 E ST SW,MEPT / FCP PATRIOTS PLAZA LLC,6,"355 E Street, SW",WASHINGTON,DC,20024,2009,Office,572413,414177.0,71,ENERGYSTARSCORE,2019,Office_all,84,,,Meets BEPS,2023/05/04 04:00:00+00,38.88370233,-77.0163988,398577.17972495,135096.259887,307324,,{0639A2BF-D26C-2945-E063-782F520A104C},259004
-77.0424676270314,38.9040108193918,PM3048381,0140 0876,3048381,,1819 L Street NW,,,1819 L ST NW,SASAKAWA PEACE FOUNDATION,2,1819 L Street NW,WASHINGTON,DC,20036,1982,Office,70262,52873.0,71,ENERGYSTARSCORE,2019,Office_all,86,,,Meets BEPS,2023/05/04 04:00:00+00,38.90400303,-77.04246533,396316.60000211,137350.52678128,241303,,{0639A2BF-D26D-2945-E063-782F520A104C},259005
-77.0327603954143,38.9011192265175,PM3048393,0220 0065,3048393,,1444 I Street NW,,,1444 I ST NW,LIVE OAK REALTY INC,2,1444 I Street NW,WASHINGTON,DC,20005,1983,Office,81608,75721.0,153,WEATHERNORMALZEDSOUREUI_KBTUFT,2019,Office_all,133.7,,,Meets BEPS,2023/05/04 04:00:00+00,38.90111144,-77.0327581,397158.48013947,137029.19007579,218284,,{0639A2BF-D26E-2945-E063-782F520A104C},259006
-77.0330624718528,38.9004442080851,PM3055681,0220 0044,3055681,,The Southern Building,,,1425 H ST NW,SOUTHERN BUILDING ASSOCIATES,2,"1425 H Street, NW",WASHINGTON,DC,20005,1915,Office,226531,198331.0,71,ENERGYSTARSCORE,2019,Office_all,71,,,Meets BEPS,2023/05/04 04:00:00+00,38.90043642,-77.03306018,397132.24982589,136954.26688552,279158,,{0639A2BF-D26F-2945-E063-782F520A104C},259007
-77.0412754724903,38.9028902469013,PM3067027,0163 0051,3067027,,UFCW Building,,,1775 K ST NW,UNITED FOOD AND COMMERCIAL WORKERS INTERNATIONAL UNION,2,"1775 K Street, NW",WASHINGTON,DC,20006,1970,Office,214784,214784.0,71,ENERGYSTARSCORE,2019,Office_all,87,,,Meets BEPS,2023/05/04 04:00:00+00,38.90288246,-77.04127318,396419.94964647,137226.08703777,218478,,{0639A2BF-D270-2945-E063-782F520A104C},259008
-77.0360805074273,38.9329069439481,PM3072203,2677 0811,3072203,,The Yorkshire,,,3355 16TH ST NW,YORKSHIRE APARTMENTS LLP,1,"3355 16th Street, NW",WASHINGTON,DC,20010,1940,Multifamily Housing,75717,76772.0,66,ENERGYSTARSCORE,2019,Multifamily Housing,93,,,Meets BEPS,2023/05/04 04:00:00+00,38.93289915,-77.03607821,396871.88005572,140557.99994846,234555,,{0639A2BF-D271-2945-E063-782F520A104C},259009
-77.0731743085567,38.9317167963081,PM3072252,1923 0064,3072252,,Lencshire House,,,3140 WISCONSIN AVE NW,LENCSHIRE ASSOCIATES LLC,3,"3140 Wisconsin Avenue, NW",WASHINGTON,DC,20016,1950,Multifamily Housing,105499,118550.0,66,ENERGYSTARSCORE,2019,Multifamily Housing,92,,,Meets BEPS,2023/05/04 04:00:00+00,38.931709,-77.073172,393655.60002509,140427.807506,221565,,{0639A2BF-D272-2945-E063-782F520A104C},259010
-77.0735883210841,38.9273257848363,PM3075466,1930 0077,3075466,,Garfield House,,,2844 WISCONSIN AVE NW,GARFIELD ASSOCIATES LLC,3,2844 Wisconsin Ave. NW,WASHINGTON,DC,20007,1964,Multifamily Housing,63438,77242.0,66,ENERGYSTARSCORE,2019,Multifamily Housing,61,-3.49%,-3.49%,Does Not Meet BEPS,2023/09/19 04:00:00+00,38.92731799,-77.07358601,393619.31025645,139940.39656927,262631,,{0639A2BF-D273-2945-E063-782F520A104C},259011
-77.0442210179111,38.9190231392523,PM3075531,2553 0073,3075531,,The Promenade,,,1884 COLUMBIA RD NW,ADAMS-MORGAN ASSOCIATES,1,1884 Columbia Road,WASHINGTON,DC,20009,1964,Multifamily Housing,187707,206478.0,66,ENERGYSTARSCORE,2019,Multifamily Housing,89,,,Meets BEPS,2023/05/04 04:00:00+00,38.91901535,-77.04421872,396165.3199516,139017.09012546,235464,,{0639A2BF-D274-2945-E063-782F520A104C},259012
-77.0372564616365,38.9317973550771,PM3075573,2608 1026,3075573,,The Parkhill,,,1610 PARK RD NW,PARKHILL APARTMENT LLC,1,"1610 Park Road, NW",WASHINGTON,DC,20010,1941,Multifamily Housing,102238,122458.0,66,ENERGYSTARSCORE,2019,Multifamily Housing,92,,,Meets BEPS,2023/05/04 04:00:00+00,38.93178956,-77.03725416,396769.87039475,140434.86679329,233557,,{0639A2BF-D275-2945-E063-782F520A104C},259013
-77.0276367367137,38.8975823998489,PM3081163,0320 0028,3081163,,"Jemal's Square 320, LLC",,,1155 F ST NW,JEMAL'S SQUARE 320 LLC,2,1155 F ST,WASHINGTON,DC,20004,2009,Office,380222,250692.0,71,ENERGYSTARSCORE,2019,Office_all,82,,,Meets BEPS,2023/05/04 04:00:00+00,38.89757461,-77.02763444,397602.8004092,136636.42664794,306768,,{0639A2BF-D276-2945-E063-782F520A104C},259014
-77.0438832629799,38.9049625693182,PM3088847,0117 0081,3088847,,1140 19th Street NW,,,1140 19TH ST NW,1140 19TH LLC,2,1140 19th Street NW,WASHINGTON,DC,20036,1977,Office,82821,80541.1,71,ENERGYSTARSCORE,2019,Office_all,57,-18.73%,-18.73%,Does Not Meet BEPS,2023/05/04 04:00:00+00,38.90495478,-77.04388097,396193.85960742,137456.23680508,241076,,{0639A2BF-D277-2945-E063-782F520A104C},259015
-77.025568304055,38.8985510898512,PM3089076,"0375 0836; 0375 7006",3089076,,"733 Tenth LL, LLC",,,945 G ST NW,FIRST CONGREGATIONAL UNITED CHURCH OF CHRIST,2,"733 10th St, NW",WASHINGTON,DC,20001,2011,Office,209664,197935.0,71,ENERGYSTARSCORE,2019,Office_all,55,-20.88%,-20.00%,Does Not Meet BEPS,2023/08/16 04:00:00+00,38.8985433,-77.02556601,397782.26022932,136743.906678,306735,,{0639A2BF-D278-2945-E063-782F520A104C},259016
-77.029144781682,38.9000666568483,PM3111726,0287 0812,3111726,,National Museum of Women in the Arts,,,1250 NEW YORK AVE NW,NATIONAL MUSEUM WOMEN IN ARTS,2,1250 New York Ave. NW,WASHINGTON,DC,20005,1986,Mixed Use Property,63677,72628.0,229,WEATHERNORMALZEDSOUREUI_KBTUFT,2019,Other,457.6,-49.96%,-20.00%,Does Not Meet BEPS,2023/09/14 04:00:00+00,38.90005887,-77.02914249,397472.06991895,136912.24003056,279010,,{0639A2BF-D279-2945-E063-782F520A104C},259017
-77.0575382887848,38.9317867065269,PM3135967,2106 1084,3135967,,Woodley Park Towers,,,2737 DEVONSHIRE PL NW,WOODLEY PARK TOWERS CONDO,3,2737 Devonshire Pl NW,WASHINGTON,DC,20008,1929,Multifamily Housing,198503,250000.0,66,ENERGYSTARSCORE,2019,Multifamily Housing,80,,,Meets BEPS,2023/05/04 04:00:00+00,38.93177891,-77.05753599,395011.32959971,140434.59754843,223254,,{0639A2BF-D27A-2945-E063-782F520A104C},259018
-77.0522749290139,38.9029907901662,PM3185754,0027 0820,3185754,,2424 Pennsylvania,,,2424 PENNSYLVANIA AVE NW,PENNSYLVANIA HOUSE ASSOCIATION,2,"2424 Pennsylvania Ave, NW",WASHINGTON,DC,20037,1962,Multifamily Housing,112937,94500.0,66,ENERGYSTARSCORE,2019,Multifamily Housing,76,,,Meets BEPS,2023/05/04 04:00:00+00,38.902983,-77.05227263,395465.8599145,137237.7366319,279591,,{0639A2BF-D27B-2945-E063-782F520A104C},259019
-77.0055410725805,38.9097722198312,PM3198644,3518 0029,3198644,,Sirius XM,,,1500 ECKINGTON PL NE,XM 1500 ECKINGTON LLC,5,1500 Eckington Place NE,WASHINGTON,DC,20002,1912,Office,342902,174150.0,71,ENERGYSTARSCORE,2019,Office_all,2,-70.00%,-20.00%,Does Not Meet BEPS,2023/07/18 04:00:00+00,38.90976443,-77.00553879,399519.60971566,137989.24701437,286273,,{0639A2BF-D27C-2945-E063-782F520A104C},259020
-77.0404962011752,38.898539751992,PM3220077,0168 0051,3220077,,1730 Pennsylvania Ave NW,,,1721 G ST NW,1760 PENN AVE LP A DELWARE LIMITED PARTNERSHIP,2,1730 Pennsylvania Ave NW,WASHINGTON,DC,20006,1969,Office,177924,259062.0,71,ENERGYSTARSCORE,2019,Office_all,65,-8.99%,-8.99%,Does Not Meet BEPS,2023/05/04 04:00:00+00,38.89853197,-77.04049391,396487.32957668,136743.11748861,279358,,{0639A2BF-D27D-2945-E063-782F520A104C},259021
-77.087621423969,38.9585645484598,PM3229557,0076 0866,3229557,,2001 K St,9138465,Alexander Court,2001 K ST NW,2001 K LLC,2,2001 K St NW,WASHINGTON,DC,20006,1998,Office,249744,246284.2,71,ENERGYSTARSCORE,2019,Office_all,42,-33.13%,-20.00%,Does Not Meet BEPS,2023/09/01 04:00:00+00,38.95855675,-77.08761911,392405.81996172,143409.24980736,242788,,{0639A2BF-D27E-2945-E063-782F520A104C},259022
-77.0374462904565,38.9043287841029,PM3229646,0183 0879,3229646,,1615 L Street,,,1615 L ST NW,CP 1615 L STREET LLC,2,1615 L St NW,WASHINGTON,DC,20036,1984,Office,659196,497894.0,71,ENERGYSTARSCORE,2019,Office_all,82,,,Meets BEPS,2023/05/04 04:00:00+00,38.904321,-77.037444,396752.159566,137385.63339649,242027,,{0639A2BF-D27F-2945-E063-782F520A104C},259023
-77.0390661266335,38.9005879567504,PM3231831,0165 0026,3231831,,801 Seventeenth Street NW,,,801 17TH ST NW,801 17TH HOLDINGS LLC,2,801 17th Street NW,WASHINGTON,DC,200063912,2010,Office,313500,260833.0,71,ENERGYSTARSCORE,2019,Office_all,63,-11.62%,-11.62%,Does Not Meet BEPS,2023/07/11 04:00:00+00,38.90058017,-77.03906383,396611.48007771,136970.43001195,218760,,{0639A2BF-D280-2945-E063-782F520A104C},259024
-77.0480299122987,38.9029293738825,PM3238385,0073 0079,3238385,,"2141 K Street, NW",,,2141 K ST NW,SNH MEDICAL OFFICE PROPERTIES TRUST,2,"2141 K Street, NW",WASHINGTON,DC,20037,1966,Medical Office,166176,88373.0,62,ENERGYSTARSCORE,2019,Medical Office,57,,,Does Not Meet BEPS,2023/05/04 04:00:00+00,38.90292159,-77.04802761,395834.0703148,137230.71734545,242481,,{0639A2BF-D281-2945-E063-782F520A104C},259025
-77.0533758221997,38.9259722744936,PM3256982,2108 0040,3256982,,Hampton House,,,2700 CONNECTICUT AVE NW,2700 CONECTICUT AVENUE LLC,3,"2700 Connecticut Avenue, NW",WASHINGTON,DC,20008,1911,Multifamily Housing,94069,83580.0,66,ENERGYSTARSCORE,2019,Multifamily Housing,94,,,Meets BEPS,2023/05/04 04:00:00+00,38.92596448,-77.05337352,395371.86003915,139788.92666108,220008,,{0639A2BF-D282-2945-E063-782F520A104C},259026
-77.0675733970291,38.9502331324745,PM3259832,1977 3012,3259832,,4600 Connecticut Avenue Condominium,,,4600 CONNECTICUT AVE NW,4600 CONNECTICUT AVE CONDO,3,4600 Connecticut Avenue NW,WASHINGTON,DC,20008,1957,Multifamily Housing,229657,287964.0,66,ENERGYSTARSCORE,2019,Multifamily Housing,90,,,Meets BEPS,2023/09/08 04:00:00+00,38.95022534,-77.06757109,394142.74994611,142482.91036886,223265,,{0639A2BF-D283-2945-E063-782F520A104C},259027
-76.9982338577948,38.9000243999279,PM3262071,0859 0837,3262071,,609 H STREET,,,601 H ST NE,609 H ST NE BLDG PJV LLC,6,609 H STREET,WASHINGTON,DC,20004,1987,Office,110281,79803.0,71,ENERGYSTARSCORE,2019,Office_all,97,,,Meets BEPS,2023/05/04 04:00:00+00,38.90001661,-76.99823157,400153.40041695,136907.14681564,-31217,,{0639A2BF-D284-2945-E063-782F520A104C},259028
-77.0068509474742,38.9011348798976,PM3267015,0675 0850,3267015,,840 First Street NE,,,840 1ST ST NE,FP 840 FIRST STREET LLC,6,840 1st Street NE,WASHINGTON,DC,20002,2003,Office,266766,275617.0,71,ENERGYSTARSCORE,2019,Office_all,79,,,Meets BEPS,2023/05/04 04:00:00+00,38.90112709,-77.00684866,399405.93015046,137030.4398082,295924,,{0639A2BF-D285-2945-E063-782F520A104C},259029
-77.0125810984129,38.8963919238436,PM3267016,0569 0080,3267016,,500 First Street NW,,,500 1ST ST NW,GEORGETOWN UNIVERSITY,6,500 1st Street NW,WASHINGTON,DC,20001,1969,Office,160600,134435.0,71,ENERGYSTARSCORE,2019,Office_all,75,,,Meets BEPS,2023/05/04 04:00:00+00,38.89638414,-77.01257881,398908.81010228,136503.98735034,238370,,{0639A2BF-D286-2945-E063-782F520A104C},259030
-77.040921286427,38.9062619280751,PM3267017,0159 0084,3267017,,1211 Connecticut,,,1211 CONNECTICUT AVE NW,FP 1211 CONNECTICUT AVENUE LLC,2,1211 Connecticut Avenue NW,WASHINGTON,DC,20036,1967,Office,183950,159083.0,71,ENERGYSTARSCORE,2019,Office_all,72,,,Meets BEPS,2023/05/04 04:00:00+00,38.90625414,-77.04091899,396450.83997961,137600.35698424,241768,,{0639A2BF-D287-2945-E063-782F520A104C},259031
-77.0410493491834,38.9000053996496,PM3268854,0166 0042,3268854,,1750 H Street NW,,,1754 H ST NW,FP CPT 1750 H STREET LLC,2,1750 H Street,WASHINGTON,DC,20006,2002,Office,166522,122193.0,71,ENERGYSTARSCORE,2019,Office_all,70,-1.62%,-1.62%,Does Not Meet BEPS,2023/09/14 04:00:00+00,38.89999761,-77.04104705,396439.42024828,136905.83666878,218471,,{0639A2BF-D288-2945-E063-782F520A104C},259032
-77.0275969515151,38.8987373805694,PM3274029,0319 0864,3274029,,700 Eleventh Street w/ Cosi,,,725 12TH ST NW,1991 ACQUISITION FUND ONE,2,700 Eleventh Street NW,WASHINGTON,DC,20001,1991,Office,457926,347864.0,71,ENERGYSTARSCORE,2019,Office_all,55,-20.88%,-20.00%,Does Not Meet BEPS,2023/09/13 04:00:00+00,38.89872959,-77.02759466,397606.28995318,136764.63759413,243255,,{0639A2BF-D289-2945-E063-782F520A104C},259033
-77.0454894164047,38.9185967114577,PM3274455,2538 0806,3274455,,Altamont - 1901 Wyoming Ave NW,,,1901 WYOMING AVE NW,1901 WYOMING AVENUE COOPERATIVE,1,1901 Wyoming Avenue NW,WASHINGTON,DC,20009,1930,Multifamily Housing,71791,71791.0,66,ENERGYSTARSCORE,2019,Multifamily Housing,70,,,Meets BEPS,2023/05/04 04:00:00+00,38.91858892,-77.04548712,396055.29978884,138969.80686593,235135,,{0639A2BF-D28A-2945-E063-782F520A104C},259034
-77.0375739048779,38.9005884462442,PM3281658,0186 0041,3281658,,US Chamber of Commerce,,,1615 H STREET NW,CHAMBER OF COMMERCE OF THE USA,2,1615 H street,WASHINGTON,DC,20062,1922,Office,200891,200891.0,71,ENERGYSTARSCORE,2019,Office_all,68,-4.72%,-4.72%,Does Not Meet BEPS,2023/09/13 04:00:00+00,38.90058066,-77.03757161,396740.91996575,136970.43007438,804516,,{0639A2BF-D28B-2945-E063-782F520A104C},259035
-77.0264847459927,38.8978466388228,PM3283449,0346 0805,3283449,,"Jemal's Cayre Woodies, LLC",,,1025 F ST NW,JEMAL'S CAYRE WOODIES LLC,2,1025 F ST NW,WASHINGTON,DC,20004,1927,Office,475872,550923.0,71,ENERGYSTARSCORE,2019,Office_all,73,,,Meets BEPS,2023/08/22 04:00:00+00,38.89783885,-77.02648245,397702.74037642,136665.72977255,278794,,{0639A2BF-D28C-2945-E063-782F520A104C},259036
-77.0132420147302,38.8997029018238,PM3283514,0563 0016,3283514,,"Jemal's Darth Vader, LLC",,,111 MASSACHUSETTS AVE NW,JEMAL'S DARTH VADER LLC,6,"111 Massachusetts Ave, NW",WASHINGTON,DC,20001,1983,Office,382448,310129.0,71,ENERGYSTARSCORE,2019,Office_all,87,,,Meets BEPS,2023/05/04 04:00:00+00,38.89969511,-77.01323973,398851.52974732,136871.53953593,238363,,{0639A2BF-D28D-2945-E063-782F520A104C},259037
-76.9940664371952,38.8359671071747,PM3286246,5926 0003,3286246,,the overlook,,,3700 9TH ST SE,PARKSIDE TERRACE DEVELOPMENT LLC,8,3700 9th street se,WASHINGTON,DC,20032,1968,Multifamily Housing,319582,321041.0,66,ENERGYSTARSCORE,2019,Multifamily Housing,74,,,Meets BEPS,2023/05/04 04:00:00+00,38.83595933,-76.99406416,400515.3599484,129796.32981328,278421,,{0639A2BF-D28E-2945-E063-782F520A104C},259038
-77.0141177680305,38.8796984373427,PM3295814,0540 0118,3295814,,Capital Park Plaza [ (201) I Street SW ],,,201 I ST SW,CAPITAL PARK APARTMENTS LIMITED PARTNERSHIP,6,201 I St SW,WASHINGTON,DC,20024,1965,Multifamily Housing,256484,256484.0,66,ENERGYSTARSCORE,2019,Multifamily Housing,53,-8.55%,-8.55%,Does Not Meet BEPS,2023/07/11 04:00:00+00,38.87969065,-77.01411548,398775.22011586,134650.89958173,52913,,{0639A2BF-D28F-2945-E063-782F520A104C},259039
-77.0207745941759,38.9079210905895,PM3298389,"0447 0041; 0448 0112; 0481 0023",3298389,,Washington Apartments,,,1312 6TH ST NW,MCF WALP PHASE 2 LLC,6,"1204 5th Street, NW",WASHINGTON,DC,20001,1977,Multifamily Housing,83049,262000.0,66,ENERGYSTARSCORE,2019,Multifamily Housing,78,,,Meets BEPS,2023/05/04 04:00:00+00,38.9079133,-77.0207723,398198.33031966,137783.94682561,296065,,{0639A2BF-D290-2945-E063-782F520A104C},259040
-77.04307011061,38.9066608561749,PM3299991,0139 0817,3299991,,DC Jefferson Building LLC - DC Reporting,,,1225 19TH ST NW,1225 19TH STREET GROUND OWNER LLC,2,1225 19th Street NW,WASHINGTON,DC,20036,1963,Office,101337,73168.0,71,ENERGYSTARSCORE,2019,Office_all,64,-10.32%,-10.32%,Does Not Meet BEPS,2023/09/14 04:00:00+00,38.90665307,-77.04306781,396264.48028238,137644.72719506,241296,,{0639A2BF-D291-2945-E063-782F520A104C},259041
-77.0079276580851,38.8779601314091,PM3301503,0697 0045,3301503,,Half Street,,,1015 HALF ST SE,HALF STREET SE LLC,6,1015 Half St. SE,WASHINGTON,DC,20003,2011,Office,400000,424076.0,71,ENERGYSTARSCORE,2019,Office_all,85,,,Meets BEPS,2023/05/04 04:00:00+00,38.87795235,-77.00792537,399312.31029712,134457.87022707,75572,,{0639A2BF-D292-2945-E063-782F520A104C},259042
-77.0368733256802,38.9021399629199,PM3306991,0185 0812,3306991,,"1600 K St., NW",,,918 16TH ST NW,SCRS 1600 K STREET LLC,2,"1600 K Street, NW",WASHINGTON,DC,20006,1950,Office,89511,93176.0,71,ENERGYSTARSCORE,2019,Office_all,66,-7.60%,-7.60%,Does Not Meet BEPS,2023/09/24 04:00:00+00,38.90213218,-77.03687103,396801.76004621,137142.636481,299579,,{0639A2BF-D293-2945-E063-782F520A104C},259043
-77.0445325033564,38.9066924947358,PM3306992,0116 0850,3306992,,1233 20th Street,,,1233 20TH ST NW,JBG/1233 20TH STREET LLC,2,1233 20th St NW,WASHINGTON,DC,20036,1984,Office,222726,167330.0,71,ENERGYSTARSCORE,2019,Office_all,85,,,Meets BEPS,2023/05/04 04:00:00+00,38.90668471,-77.04453021,396137.63961364,137648.30034979,243288,,{0639A2BF-D294-2945-E063-782F520A104C},259044
-77.0598369787245,38.9031784991733,PM3306993,1191 0072,3306993,,1025 Thomas Jefferson Street,,,1025 THOMAS JEFFERSON ST NW,1025 THOMAS JEFFERSON INC,2,"1025 Thomas Jefferson Street, NW",WASHINGTON,DC,20007,1984,Office,451939,365917.0,71,ENERGYSTARSCORE,2019,Office_all,69,-3.20%,-3.20%,Does Not Meet BEPS,2023/09/18 04:00:00+00,38.90317071,-77.05983468,394809.93968421,137258.97671514,276428,,{0639A2BF-D295-2945-E063-782F520A104C},259045
-77.0452414287811,38.9021328240237,PM3312996,0078 0852,3312996,,2000 K,,,2000 K ST NW,2000 K LLC,2,2000 K St NW,WASHINGTON,DC,20006,1986,Office,226882,234278.0,153,WEATHERNORMALZEDSOUREUI_KBTUFT,2019,Office_all,135,,,Meets BEPS,2023/05/04 04:00:00+00,38.90212504,-77.04523913,396075.90008918,137142.17032362,242502,,{0639A2BF-D296-2945-E063-782F520A104C},259046
-76.9483564733284,38.9028031584932,PM3314944,5057 0803,3314944,,Mayfair Mansions,,,3766 HAYES ST NE,MAYFAIR MANSIONS LIMITED PARTNERSHIP,7,"3744 1/2 Hayes Street, NE",WASHINGTON,DC,20019,1940,Multifamily Housing,417812,300000.0,66,ENERGYSTARSCORE,2019,Multifamily Housing,39,-16.52%,-16.52%,Does Not Meet BEPS,2023/09/19 04:00:00+00,38.90279537,-76.94835421,404479.77962744,137216.87724303,307816,,{0639A2BF-D297-2945-E063-782F520A104C},259047
-77.0397372671704,38.9040402464155,PM3315716,0162 0096,3315716,,1101 Connecticut Avenue DDOE,,,1101 CONNECTICUT AVENUE NW,WASHINGTON METROPOLITAN AREA TRANSIT AUTHORITY (WMATA),2,1101 Connecticut Avenue,WASHINGTON,DC,20036,1976,Office,179563,204000.0,71,ENERGYSTARSCORE,2019,Office_all,80,,,Meets BEPS,2023/09/12 04:00:00+00,38.90403246,-77.03973497,396553.43008791,137353.68712361,241795,,{0639A2BF-D298-2945-E063-782F520A104C},259048
-77.0407923474064,38.9045749790116,PM3315781,0161 0039,3315781,,1130 Connecticut Avenue DDOE,,,1122 CONNECTICUT AVE NW,PENZANCE 1130 PROPERTY OWNER LLC,2,1130 Connecticut Avenue,WASHINGTON,DC,20036,1986,Office,290618,254104.0,71,ENERGYSTARSCORE,2019,Office_all,64,-10.32%,-10.32%,Does Not Meet BEPS,2023/07/11 04:00:00+00,38.90456719,-77.04079005,396461.94007692,137413.08684302,241787,,{0639A2BF-D299-2945-E063-782F520A104C},259049
-76.9911850827199,38.8587476339643,PM3316372,5869 0068,3316372,,Oxford Manor Apartments,,,2615 BOWEN RD SE,OXFORD MANOR LP,8,"2607 Bowen Road, SE",WASHINGTON,DC,20020,1977,Multifamily Housing,279872,291302.0,66,ENERGYSTARSCORE,2019,Multifamily Housing,62,-2.82%,-2.82%,Does Not Meet BEPS,2023/05/22 04:00:00+00,38.85873985,-76.9911828,400765.28038558,132325.14758221,156224,,{0639A2BF-D29A-2945-E063-782F520A104C},259050
-76.986883360387,38.8433049598777,PM3316403,5915 0014,3316403,,Congress Park I,,,1333 SAVANNAH ST SE,SOUTHEAST WASHINGTON DEVELOPMENT ASSOCIATES LP,8,"1345 Savannah St, SE",WASHINGTON,DC,20032,1948,Multifamily Housing,56580,130400.0,66,ENERGYSTARSCORE,2019,Multifamily Housing,33,-19.83%,-19.83%,Does Not Meet BEPS,2023/09/19 04:00:00+00,38.84329718,-76.98688108,401138.89038094,130610.94670747,295931,,{0639A2BF-D29B-2945-E063-782F520A104C},259051
-77.0078112004844,38.9005786165164,PM3323633,0675 0843,3323633,,820 First Street NE,,,820 1ST ST NE,UNIZO REAL ESTATE DC THREE LLC,6,820 1st ST NE,WASHINGTON,DC,20002,1990,Office,418010,298533.0,71,ENERGYSTARSCORE,2019,Office_all,82,,,Meets BEPS,2023/05/04 04:00:00+00,38.90057083,-77.00780891,399322.63038861,136968.69716709,288995,,{0639A2BF-D29C-2945-E063-782F520A104C},259052
-77.0372425194509,38.9393296781965,PM3330701,2633 0829,3330701,,Crestwood Apartments,,,3900 16TH ST NW,CRESTWOOD APARTMENTS ASC,4,3900 16th Street NW,WASHINGTON,DC,20011,1955,Multifamily Housing,263283,263260.0,66,ENERGYSTARSCORE,2019,Multifamily Housing,90,,,Meets BEPS,2023/05/04 04:00:00+00,38.93932188,-77.03724022,396771.42016554,141271.01961563,258287,,{0639A2BF-D29D-2945-E063-782F520A104C},259053
-77.0172348538181,38.875164156162,PM3332272,0546 2282,3332272,,"Carrollsburg, A Condominium",,,1250 4TH ST SW,THE CARROLLSBURG CONDO,6,1250 4th St. SW,WASHINGTON,DC,20024,1974,Multifamily Housing,305599,486912.0,66,ENERGYSTARSCORE,2019,Multifamily Housing,57,-6.08%,-6.08%,Does Not Meet BEPS,2023/09/19 04:00:00+00,38.87515637,-77.01723257,398504.6596901,134147.60659844,145220,,{0639A2BF-D29E-2945-E063-782F520A104C},259054
-77.0502267617771,38.9238092411691,PM3332403,2205 0839,3332403,,Calvert Woodley - 29812,,,2601 WOODLEY PL NW,SMITH PROPERTY HOLDINGS,3,2601 Woodley Pl. NW,WASHINGTON,DC,20008,1954,Multifamily Housing,206688,206688.0,66,ENERGYSTARSCORE,2019,Multifamily Housing,82,,,Meets BEPS,2023/05/04 04:00:00+00,38.92380145,-77.05022446,395644.79009921,139548.65699477,236691,,{0639A2BF-D29F-2945-E063-782F520A104C},259055
-77.0540164898119,38.9354676677681,PM3333296,2225 0842,3333296,,2501 Porter - 29817,,,2501 PORTER ST NW,SMITH PROPERTY HOLDINGS,3,2501 Porter St. NW,WASHINGTON,DC,20008,1988,Multifamily Housing,309058,204600.0,66,ENERGYSTARSCORE,2019,Multifamily Housing,79,,,Meets BEPS,2023/05/04 04:00:00+00,38.93545987,-77.05401419,395316.92976431,140843.02950745,219282,,{0639A2BF-D2A0-2945-E063-782F520A104C},259056
-77.0568676168791,38.9242568215052,PM3333321,2132 0827,3333321,,Cleveland House - 29814,,,2727 29TH ST NW,SMITH PROPERTY HOLDINGS,3,2727 29th St. NW,WASHINGTON,DC,20008,1953,Multifamily Housing,315129,315129.0,66,ENERGYSTARSCORE,2019,Multifamily Housing,93,,,Meets BEPS,2023/05/04 04:00:00+00,38.92424903,-77.05686531,395068.9603599,139598.67993977,275775,,{0639A2BF-D2A1-2945-E063-782F520A104C},259057
-77.0612500595581,38.9437320683251,PM3333326,2049 0806,3333326,,3003 Van Ness - 29819,,,3003 VAN NESS ST NW,SMITH PROPERTY HOLDINGS,3,3003 Van Ness St. NW,WASHINGTON,DC,20008,1970,Multifamily Housing,902615,912615.0,66,ENERGYSTARSCORE,2019,Multifamily Housing,85,,,Meets BEPS,2023/05/04 04:00:00+00,38.94372427,-77.06124775,394690.39037008,141760.84660001,220630,,{0639A2BF-D2A2-2945-E063-782F520A104C},259058
-77.0049112792353,38.9376875398977,PM3335492,3663 0004,3335492,,Saint John Paul II Shrine,,,3900 HAREWOOD RD NE,"KNIGHTS OF COLUMBUS FAMILY LIFE BUREAU, INC",5,3900 Harewood Rd NE,WASHINGTON,DC,20017,1999,Museum,63373,118905.0,240,WEATHERNORMALZEDSOUREUI_KBTUFT,2019,Public assembly,309,-22.33%,-20.00%,Does Not Meet BEPS,2023/08/16 04:00:00+00,38.93767974,-77.00490899,399574.40016179,141088.0805241,288031,,{0639A2BF-D2A3-2945-E063-782F520A104C},259059
-77.0094814644489,38.8965850857172,PM3335507,0628 0169,3335507,,500 North Capitol,Not Applicable: Standalone Property,Not Applicable: Standalone Property,500 NORTH CAPITOL ST NW,500 NORTH CAPITOL LLC,6,500 North Capitol Street,WASHINGTON,DC,20001,2012,Office,297600,231958.0,71,ENERGYSTARSCORE,2019,Office_all,83,,,Meets BEPS,2023/05/04 04:00:00+00,38.8965773,-77.00947918,399177.69984109,136525.39715955,237155,,{0639A2BF-D2A4-2945-E063-782F520A104C},259060
-77.0524974393761,38.8990840348616,PM3336808,0031 0837,3336808,,Potomac Plaza,,,2475 VIRGINIA AVE NW,POTOMAC PLAZA APARTMENTS COOP INC,2,"2475 Virginia Avenue, N.W.",WASHINGTON,DC,20037,1957,Multifamily Housing,316550,316550.0,66,ENERGYSTARSCORE,2019,Multifamily Housing,86,,,Meets BEPS,2023/05/04 04:00:00+00,38.89907625,-77.05249514,395446.30996091,136804.06713237,274045,,{0639A2BF-D2A5-2945-E063-782F520A104C},259061
-77.066876978957,38.9039082407418,PM3336872,1184 2624,3336872,,3303 Water Street,,,3303 WATER ST NW,3303 WATER STREET A CONDO,2,"3303 Water Street, NW",WASHINGTON,DC,20007,2004,Multifamily Housing,134036,169179.0,66,ENERGYSTARSCORE,2019,Multifamily Housing,50,-10.32%,-10.32%,Does Not Meet BEPS,2023/07/25 04:00:00+00,38.90390045,-77.06687467,394199.35037763,137340.40752769,300087,,{0639A2BF-D2A6-2945-E063-782F520A104C},259062
-77.0413651640133,38.9010985428559,PM3337685,0127 0053,3337685,,1776 I St,,,1776 I ST NW,1776 EYE SPE LLC,2,1776 I St NW,WASHINGTON,DC,20006,1987,Office,293324,253112.0,71,ENERGYSTARSCORE,2019,Office_all,84,,,Meets BEPS,2023/05/04 04:00:00+00,38.90109076,-77.04136287,396412.07978583,137027.1974463,218481,,{0639A2BF-D2A7-2945-E063-782F520A104C},259063
-77.0215343454716,38.8802918320611,PM3350185,0468 2265,3350185,,Town Square Towers,,,700 7TH ST SW,TOWN SQUARE TOWERS CONDO,6,700 7th St SW,WASHINGTON,DC,200242459,1967,Multifamily Housing,239118,316212.0,66,ENERGYSTARSCORE,2019,Multifamily Housing,64,-1.44%,-1.44%,Does Not Meet BEPS,2023/09/14 04:00:00+00,38.88028405,-77.02153206,398131.70969042,134716.89715074,145213,,{0639A2BF-D2A8-2945-E063-782F520A104C},259064
-77.043859724471,38.9045561212421,PM3350280,0117 0078,3350280,,"Prudence, LLC",,,1120 19TH ST NW,PRUDENCE LLC,2,"1120 19th Street, NW",WASHINGTON,DC,20036,1974,Office,110550,113489.0,71,ENERGYSTARSCORE,2019,Office_all,71,,,Meets BEPS,2023/09/14 04:00:00+00,38.90454833,-77.04385743,396195.87973944,137411.11658245,241074,,{0639A2BF-D2A9-2945-E063-782F520A104C},259065
-77.027754304954,38.8993205626792,PM3351514,0319 0863,3351514,,33721-Washington Metro Center,,,775 12TH ST NW,HMC RETIREMENT PROPERTIES,2,775 12th St Nw,WASHINGTON,DC,20005,1994,Hotel,392603,450000.0,54,ENERGYSTARSCORE,2019,Hotel,85,,,Meets BEPS,2023/08/12 04:00:00+00,38.89931278,-77.02775201,397592.66024441,136829.38048231,239130,,{0639A2BF-D2AA-2945-E063-782F520A104C},259066
-77.0316976313175,38.8965327947334,PM3351518,0254 0838,3351518,,33769-JW on Pennsylvania Avenue,,,527 14TH ST NW,JWDC LP,2,1331 Pennsylvania Ave Nw,WASHINGTON,DC,20004,1984,Hotel,602234,681815.0,54,ENERGYSTARSCORE,2019,Hotel,72,,,Meets BEPS,2023/05/04 04:00:00+00,38.89652501,-77.03169534,397250.48983714,136520.02717567,279081,,{0639A2BF-D2AB-2945-E063-782F520A104C},259067
-77.0484308771417,38.9059822567406,PM3351519,0070 0881,3351519,,33770-Washington Marriott Georgetown,,,1221 22ND STREET NW,GIC 22ND STREET LLC,2,1221 22nd St Nw,WASHINGTON,DC,20037,1981,Hotel,304053,304053.0,54,ENERGYSTARSCORE,2019,Hotel,71,,,Meets BEPS,2023/05/04 04:00:00+00,38.90597447,-77.04842858,395799.46984033,137569.63009509,300163,,{0639A2BF-D2AC-2945-E063-782F520A104C},259068
-77.0322247523031,38.9046148609418,PM3351543,0215 0012,3351543,,57151-Wash DC Thomas CIR,,,1121 VERMONT AVE NW,RIDC LLC,2,1199 Vermont Ave,WASHINGTON,DC,20005,1999,Hotel,255003,160614.0,54,ENERGYSTARSCORE,2019,Hotel,73,,,Meets BEPS,2023/05/04 04:00:00+00,38.90460707,-77.03222246,397205.0798654,137417.21666522,278914,,{0639A2BF-D2AD-2945-E063-782F520A104C},259069
-77.0491058128116,38.9048368061629,PM3351796,0051 1313,3351796,,73R52-Washington DC Ritz Carlton,,,1170 22ND STREET NW,THE PARKMONT CONDO,2,1150 22nd Street Nw,WASHINGTON,DC,20037,1990,Hotel,313160,327561.0,54,ENERGYSTARSCORE,2019,Hotel,1,-50.72%,-20.00%,Does Not Meet BEPS,2023/09/18 04:00:00+00,38.90482902,-77.04910351,395740.86031999,137442.50713053,278889,,{0639A2BF-D2AE-2945-E063-782F520A104C},259070
-77.0031662897351,38.9078047865012,PM3351826,0710E 0014,3351826,,311dy-Courtyard US Capital,,,1325 2ND ST NE,DC CY OWNER LLC,6,1325 2nd Street NE,WASHINGTON,DC,20002,2009,Hotel,137974,159857.0,54,ENERGYSTARSCORE,2019,Hotel,45,-7.10%,-7.10%,Does Not Meet BEPS,2023/05/04 04:00:00+00,38.907797,-77.003164,399725.57241078,137770.83634978,304846,,{0639A2BF-D2AF-2945-E063-782F520A104C},259071
-77.0284544416828,38.917617220657,PM3353093,0273 2706,3353093,,2020 Lofts,,,2020 12TH ST NW,2020 LOFTS CONDOMINIUM,1,"2020 12th Street, NW",WASHINGTON,DC,20009,2005,Multifamily Housing,144773,178156.0,66,ENERGYSTARSCORE,2019,Multifamily Housing,68,,,Meets BEPS,2023/05/04 04:00:00+00,38.91760943,-77.02845215,397532.55984465,138860.47700343,295020,,{0639A2BF-D2B0-2945-E063-782F520A104C},259072
-77.0061813599966,38.9075625304544,PM3353541,0671 0030,3353541,,1300 First St NE,,,1300 1ST ST NE,NS 1300 FIRST ST LLC,6,"1300 1st Street, NE",WASHINGTON,DC,20002,1926,Office,59178,54874.0,153,WEATHERNORMALZEDSOUREUI_KBTUFT,2019,Office_all,46.6,,,Meets BEPS,2023/09/08 04:00:00+00,38.90755474,-77.00617907,399464.06035329,137743.95689303,68964,,{0639A2BF-D2B1-2945-E063-782F520A104C},259073
-76.9482341072694,38.8855514431824,PM3353544,"0387 7000; 0435 0837",3353544,,L Enfant Plaza - East,,,420 10TH ST SW,L'ENFANT DC HOTEL LLC,6,"470/480/490 L'Enfant Plaza, SW",WASHINGTON,DC,20024,1971,Mixed Use Property,349121,819867.0,229,WEATHERNORMALZEDSOUREUI_KBTUFT,2019,Other,167.9,,,Meets BEPS,2023/05/09 04:00:00+00,38.88554366,-76.94823184,404491.48006361,135301.80744691,301852,,{0639A2BF-D2B2-2945-E063-782F520A104C},259074
-77.0253622046939,38.884667527773,PM3353545,0387 0871,3353545,,L Enfant Plaza - North,,,970 D ST SW,POTOMAC REEK ASSOCIATES LP,6,"955 L'Enfant Plaza, SW",WASHINGTON,DC,20024,1968,Office,276288,326513.0,71,ENERGYSTARSCORE,2019,Office_all,54,-21.93%,-20.00%,Does Not Meet BEPS,2023/09/13 04:00:00+00,38.88465974,-77.02535991,397799.71036387,135202.71759866,291726,,{0639A2BF-D2B3-2945-E063-782F520A104C},259075
-77.0223012891288,38.901788787418,PM3353556,0403 0843,3353556,,Anthem Row,,,700 K ST NW,TMG 800 K STREET LLC,2,"800 K Street, NW",WASHINGTON,DC,20001,1989,Office,495847,473321.7,71,ENERGYSTARSCORE,2019,Office_all,68,-4.72%,-4.72%,Does Not Meet BEPS,2023/05/04 04:00:00+00,38.901781,-77.022299,398065.7468732,137103.2430342,218759,,{0639A2BF-D2B4-2945-E063-782F520A104C},259076
-77.0232473006157,38.9011385058059,PM3353557,0403 0837,3353557,,801 Eye Street,,,801 I ST NW,TMG 801 EYE STREET LLC,2,"801 Eye Street, NW",WASHINGTON,DC,20001,1991,Office,541425,294161.0,71,ENERGYSTARSCORE,2019,Office_all,21,-49.84%,-20.00%,Does Not Meet BEPS,2023/08/16 04:00:00+00,38.90113072,-77.02324501,397983.66998011,137031.07719465,279944,,{0639A2BF-D2B5-2945-E063-782F520A104C},259077
-77.0690819324789,38.9187357736093,PM3353558,1299 1027,3353558,,"2115 Wisconsin, L.L.C.",,,2115 WISCONSIN AVE NW,JBG 2115 WISCONSIN LLC,3,2115 Wisconsin Avenue,WASHINGTON,DC,20007,1905,Office,397633,194041.0,71,ENERGYSTARSCORE,2019,Office_all,88,,,Meets BEPS,2023/08/29 04:00:00+00,38.91872798,-77.06907963,394009.33967753,138986.5275325,284199,,{0639A2BF-D2B6-2945-E063-782F520A104C},259078
-77.0697001670156,38.9185463125725,PM3353559,1299 1026,3353559,,2121 Wisconsin Ave,,,2121 WISCONSIN AVE NW,JBG 2121 WISCONSIN LLC,3,2121 Wisconsin Avenue,WASHINGTON,DC,20007,1958,Office,124930,115350.0,71,ENERGYSTARSCORE,2019,Office_all,73,,,Meets BEPS,2023/05/04 04:00:00+00,38.91853852,-77.06969786,393955.71005534,138965.53664051,284218,,{0639A2BF-D2B7-2945-E063-782F520A104C},259079
-77.014261735007,38.973777300856,PM3358048,3359 0048,3358048,,"Jemal's Takoma Park, LLC",,,6925 WILLOW ST NW,JEMAL'S TAKOMA PARK L L,4,"6856 Eastern Ave, 6905-6925 Willow St",WASHINGTON,DC,20012,1908,Office,161798,208835.0,71,ENERGYSTARSCORE,2019,Office_all,79,,,Meets BEPS,2023/08/22 04:00:00+00,38.9737695,-77.01425944,398764.36021797,145094.46018583,245172,,{0639A2BF-D2B8-2945-E063-782F520A104C},259080
-77.0536751962519,38.8999183406462,PM3361435,0017 2007,3361435,,The Plaza Condominium,,,800 25TH ST NW,THE PLAZA CONDO,2,"800 25th Street, NW",WASHINGTON,DC,20037,1975,Multifamily Housing,97188,123481.0,66,ENERGYSTARSCORE,2019,Multifamily Housing,4,-41.22%,-20.00%,Does Not Meet BEPS,2023/09/14 04:00:00+00,38.89991055,-77.0536729,395344.19965331,136896.74050421,274738,,{0639A2BF-D2B9-2945-E063-782F520A104C},259081
-77.0116409513982,38.8945489363342,PM3362197,0631 0808,3362197,,300 New Jersey,,,300 NEW JERSEY AVENUE NW,AMSQ LP,6,300 New Jersey NW,WASHINGTON,DC,20001,2009,Office,247953,247953.0,71,ENERGYSTARSCORE,2019,Office_all,58,-17.61%,-17.61%,Does Not Meet BEPS,2023/09/14 04:00:00+00,38.89454115,-77.01163866,398990.34039638,136299.39003646,306031,,{0639A2BF-D2BA-2945-E063-782F520A104C},259082
-77.0664013234325,38.9481457748697,PM3372033,1972 0001,3372033,,The Connecticut House,,,4500 CONNECTICUT AVE NW,CONNECTICUT HOUSE ASSOCIATES,3,4500 Connecticut Ave NW,WASHINGTON,DC,20008,1968,Multifamily Housing,192664,192638.0,66,ENERGYSTARSCORE,2019,Multifamily Housing,79,,,Meets BEPS,2023/05/19 04:00:00+00,38.94813798,-77.06639902,394244.17967684,142251.12006138,221956,,{0639A2BF-D2BB-2945-E063-782F520A104C},259083
-77.0205068676234,38.8774046735795,PM3373031,0472 0129,3373031,,The Mead Center at Arena Stage,,,1101 6TH ST SW,WASHINGTON DRAMA SOCIETY INC,6,1101 6th Street SW,WASHINGTON,DC,20024,2010,Other - Entertainment/Public Assembly,194088,200000.0,240,WEATHERNORMALZEDSOUREUI_KBTUFT,2019,Public assembly,252.1,-4.80%,-20.00%,Does Not Meet BEPS,2023/09/14 04:00:00+00,38.87739689,-77.02050458,398220.78992011,134396.37992172,293193,,{0639A2BF-D2BC-2945-E063-782F520A104C},259084
-77.0637866319036,38.9412452339786,PM3393202,2055 0806,3393202,,3400 International Dr,,,3007 TILDEN ST NW,SL 4000 CONNECTICUT LLC,3,3400 International Dr,WASHINGTON,DC,20008,1985,K-12 School,650000,904960.0,36,ENERGYSTARSCORE,2019,K-12 School,95,,,Meets BEPS,2023/05/04 04:00:00+00,38.94123744,-77.06378433,394470.2996515,141484.93701687,301239,,{0639A2BF-D2BD-2945-E063-782F520A104C},259085
-77.0452741969657,38.9081693987906,PM3394466,0097 1051,3394466,,Apolline,,,1330 NEW HAMPSHIRE AVE NW,THE APOLLINE CONDOMINIUM,2,1330 New Hampshire Avenue NW,WASHINGTON,DC,20036,1962,Multifamily Housing,129317,175321.0,66,ENERGYSTARSCORE,2019,Multifamily Housing,69,,,Meets BEPS,2023/05/04 04:00:00+00,38.90816161,-77.0452719,396073.38989863,137812.27992951,226576,,{0639A2BF-D2BE-2945-E063-782F520A104C},259086
-77.0493084814556,38.9074895272067,PM3395641,0049 0044,3395641,,Westbrooke Place-Gables,,,2201 N ST NW,WESTBROOKE PLACE LP,2,2201 N St NW,WASHINGTON,DC,20037,1995,Multifamily Housing,226803,226803.0,66,ENERGYSTARSCORE,2019,Multifamily Housing,73,,,Meets BEPS,2023/09/09 04:00:00+00,38.90748174,-77.04930618,395723.44018279,137736.99007326,242363,,{0639A2BF-D2BF-2945-E063-782F520A104C},259087
-77.0340440187187,38.9005073810462,PM3402383,0219 0018,3402383,,Sofitel Washington DC,Not Applicable: Standalone Property,Not Applicable: Standalone Property,806 15TH ST NW,BSREP III DC HOTEL LLC,2,806 15th Street NW,WASHINGTON,DC,20005,2002,Hotel,177323,172519.0,54,ENERGYSTARSCORE,2019,Hotel,20,-25.60%,-20.00%,Does Not Meet BEPS,2023/09/07 04:00:00+00,38.90049959,-77.03404172,397047.11039449,136961.31055396,279949,,{0639A2BF-D2C0-2945-E063-782F520A104C},259088
-77.0241100430261,38.8805522477544,PM3411637,0390 0053,3411637,,NBL Associates,,,800 9TH ST SW,NBL ASSOCIATES LP,6,"800 9th Street, SW",WASHINGTON,DC,20024,1987,Office,160748,120838.0,71,ENERGYSTARSCORE,2019,Office_all,77,,,Meets BEPS,2023/05/04 04:00:00+00,38.88054446,-77.02410775,397908.23027478,134745.86051378,276806,,{0639A2BF-D2C1-2945-E063-782F520A104C},259089
-76.9785977939711,38.936804276183,PM3412670,PAR 01570073,3412670,,Perry Street Preparatory Public Charter School/Taft Recreation Center,,,1800 PERRY STREET NE,DISTRICT OF COLUMBIA,5,1800 PERRY STREET NE,WASHINGTON,DC,20018,1900,Fitness Center/Health Club/Gym,148987,194300.0,206,WEATHERNORMALZEDSOUREUI_KBTUFT,2019,Recreation,0.6000000000000001,,,Meets BEPS,2023/05/04 04:00:00+00,38.93679648,-76.97859551,401855.75042079,140990.23702574,294529,,{0639A2BF-D2C2-2945-E063-782F520A104C},259090
-77.0342828547753,38.908600497098,PM3417499,0210 0127,3417499,,Latrobe (lt14),,,1325 15TH ST NW,RHODE ISLAND 15 LP,2,1325 15TH ST NW,WASHINGTON,DC,20005,1980,Multifamily Housing,175339,113402.0,66,ENERGYSTARSCORE,2019,Multifamily Housing,38,-17.07%,-17.07%,Does Not Meet BEPS,2023/05/04 04:00:00+00,38.90859271,-77.03428056,397026.73000331,137859.72017254,240226,,{0639A2BF-D2C3-2945-E063-782F520A104C},259091
-77.006447762473,38.8777687941146,PM3419984,0699N 2972,3419984,,Velocity Condominium - 1025 1st St. SE,,,1025 1ST ST SE,"VELOCITY, A CONDOMINIUM",6,1025 1st Street SE,WASHINGTON,DC,20003,2009,Multifamily Housing,198905,198905.0,66,ENERGYSTARSCORE,2019,Multifamily Housing,72,,,Meets BEPS,2023/09/25 04:00:00+00,38.87776101,-77.00644548,399440.71985112,134436.61992861,306032,,{0639A2BF-D2C4-2945-E063-782F520A104C},259092
-77.053820526976,38.922631541571,PM3426697,2138 0812,3426697,,Omni Shoreham Hotel,,,2500 CALVERT ST NW,OMNI SHOREHAM CORPORATION,3,2500 Calvert St NW,WASHINGTON,DC,20008,1930,Hotel,791548,953000.0,54,ENERGYSTARSCORE,2019,Hotel,57,,,Meets BEPS,2023/05/04 04:00:00+00,38.92262375,-77.05381823,395333.07959204,139418.09990921,277165,,{0639A2BF-D2C5-2945-E063-782F520A104C},259093
-77.0305229376468,38.9029339986571,PM3435335,0248 0830,3435335,,One Franklin Square 2,,,1301 K ST NW,1301 K STREET LP,2,1301 K Street NW,WASHINGTON,DC,20005,1990,Office,81989,815908.0,71,ENERGYSTARSCORE,2019,Office_all,78,,,Meets BEPS,2023/05/04 04:00:00+00,38.90292621,-77.03052064,397352.63038387,137230.57688808,240647,,{0639A2BF-D2C6-2945-E063-782F520A104C},259094
-77.0851186897574,38.9336539800748,PM3442458,1601 0001,3442458,,Foxhall Square,Not Applicable: Standalone Property,Not Applicable: Standalone Property,3301 NEW MEXICO AVE NW,COLUMBIA REALTY VENTURE LLC,3,"3301 New Mexico Ave, NW",WASHINGTON,DC,20016,1973,Medical Office,165912,135136.0,62,ENERGYSTARSCORE,2019,Medical Office,37,,,Does Not Meet BEPS,2023/09/13 04:00:00+00,38.93364619,-77.08511638,392620.15979702,140643.75019189,223997,,{0639A2BF-D2C7-2945-E063-782F520A104C},259095
-77.0554969031535,38.8996518868648,PM3448441,0008 0808,3448441,,Watergate Office Building,,,2600 VIRGINIA AVE NW,2600 VIRGINIA AVENUE 2 LLC,2,2600 Virginia Avenue,WASHINGTON,DC,20037,1967,Office,286113,222549.0,71,ENERGYSTARSCORE,2019,Office_all,76,,,Meets BEPS,2023/05/04 04:00:00+00,38.8996441,-77.0554946,395186.16020443,136867.25691014,279603,,{0639A2BF-D2C8-2945-E063-782F520A104C},259096
-77.0494110285826,38.9068970047066,PM3466549,0050 0038,3466549,,Embassy Suites by Hilton Washington DC Georgetown (WASDN),,,1250 22ND ST NW,GTOWN OWNER LLC,2,1250 22nd street NW,WASHINGTON,DC,20037,1987,Hotel,56871,306123.0,54,ENERGYSTARSCORE,2019,Hotel,64,,,Meets BEPS,2023/05/04 04:00:00+00,38.90688922,-77.04940873,395714.50993412,137671.22033724,242364,,{0639A2BF-D2C9-2945-E063-782F520A104C},259097
-77.0321253553766,38.9611447376786,PM3467992,2794 0899,3467992,,Walden Commons,,,1336 MISSOURI AVE NW,WALDEN COMMONS LLC,4,1336 Missouri Ave NW,WASHINGTON,DC,20011,1949,Multifamily Housing,160098,135000.0,66,ENERGYSTARSCORE,2019,Multifamily Housing,63,-2.14%,-2.14%,Does Not Meet BEPS,2023/09/19 04:00:00+00,38.96113694,-77.03212306,397215.90983488,143692.5201822,257774,,{0639A2BF-D2CA-2945-E063-782F520A104C},259098
-77.0215801522003,38.912091177372,PM3468298,0444 0810,3468298,,asbury dwellings,,,1616 MARION ST NW,ASBURY DWELLINGS INC,6,1616 marion street nw,WASHINGTON,DC,20001,1908,Multifamily Housing,128015,119316.0,66,ENERGYSTARSCORE,2019,Multifamily Housing,54,-7.94%,-7.94%,Does Not Meet BEPS,2023/09/19 04:00:00+00,38.91208339,-77.02157786,398128.57010455,138246.87727282,279266,,{0639A2BF-D2CB-2945-E063-782F520A104C},259099
-76.9690115616068,38.920021170709,PM3468516,4359 0834,3468516,,4359-0834,,,2800 V ST NE,2800 V STREET LTD PARTNERSHIP,5,2800 V ST NE,WASHINGTON,DC,20018,1950,Non-Refrigerated Warehouse,267683,242810.0,19,ENERGYSTARSCORE,2019,Warehouse_all,56,,,Meets BEPS,2023/09/09 04:00:00+00,38.92001338,-76.96900929,402687.49969643,139127.40729729,287275,,{0639A2BF-D2CC-2945-E063-782F520A104C},259100
-77.0201753798761,38.8837777808097,PM3470446,0465 0096,3470446,,Constitution Center,,,407 6TH ST SW,CC OWNER LLC,6,400 7th st. SW,WASHINGTON,DC,20024,1970,Office,1336013,1582262.0,71,ENERGYSTARSCORE,2019,Office_all,83,,,Meets BEPS,2023/05/04 04:00:00+00,38.88377,-77.02017309,398249.7100909,135103.83737326,276612,,{0639A2BF-D2CD-2945-E063-782F520A104C},259101
-77.0485806670092,38.904666317411,PM3475570,0071 3159,3475570,,22 West A Condominium,,,1177 22ND ST NW,22 WEST CONDO,2,"1177 22nd St, NW",WASHINGTON,DC,20037,2008,Multifamily Housing,143478,225414.0,66,ENERGYSTARSCORE,2019,Multifamily Housing,17,-29.30%,-20.00%,Does Not Meet BEPS,2023/09/14 04:00:00+00,38.90465853,-77.04857837,395786.3998317,137423.5569906,303055,,{0639A2BF-D2CE-2945-E063-782F520A104C},259102
-77.0445107893885,38.9049674036198,PM3475610,0117 0879,3475610,,1133 20th Street Building Corp,,,1133 20TH ST NW,1133 20TH ST BUILDING CORP,2,1133 20th Street NW,WASHINGTON,DC,20036,1985,Office,165577,128261.0,71,ENERGYSTARSCORE,2019,Office_all,52,-23.96%,-20.00%,Does Not Meet BEPS,2023/09/14 04:00:00+00,38.90495962,-77.04450849,396139.43014662,137456.80043489,278875,,{0639A2BF-D2CF-2945-E063-782F520A104C},259103
-77.0353751461633,38.9190173869894,PM3480699,0188 0006,3480699,,Meridian Towers,,,2112 NEW HAMPSHIRE AVE NW,MERIDIAN TOWERS APARTMENTS INC,1,"2112 New Hampshire Ave., NW",WASHINGTON,DC,20009,1963,Multifamily Housing,92134,105000.0,66,ENERGYSTARSCORE,2019,Multifamily Housing,70,,,Meets BEPS,2023/05/04 04:00:00+00,38.9190096,-77.03537285,396932.44003904,139016.11741315,226161,,{0639A2BF-D2D0-2945-E063-782F520A104C},259104
-76.9908604046336,38.9208565884475,PM3481081,3854 0801,3481081,,2583 - NE WASHINGTON DC,,,901 RHODE ISLAND AVE NE,HOME DEPOT USA INC,5,901 Rhode Island Ave.,WASHINGTON,DC,20018,2002,Retail Store,116752,128914.0,64,ENERGYSTARSCORE,2019,Retail_all,90,,,Meets BEPS,2023/05/04 04:00:00+00,38.9208488,-76.99085812,400792.77023152,139219.7294768,814008,,{0639A2BF-D2D1-2945-E063-782F520A104C},259105
-77.0948951361644,38.9450587055782,PM3483049,"1499 0806; 1599 0024; 1599 0812; 1600 0001; 1601 0006; 1786 0010; 2046 0001; ",3483049,,American University Main Campus,3483049,American University Main Campus,4801 MASSACHUSETTS AVE NW,AMERICAN UNIVERSITY,3,4400 Massachusetts Ave NW,WASHINGTON,DC,20016,1896,College/University,319892,3206939.2,207,Blended Custom Source Energy Use Intensity (EUI),2019,Amercian University Main Campus,201.3,,,Does Not Meet BEPS: Incomplete/Missing Report,2023/05/04 04:00:00+00,38.94505091,-77.09489282,391773.83002755,141910.6097951,223994,,{0639A2BF-D2D2-2945-E063-782F520A104C},259106
-77.0554433909386,38.8984374947919,PM3485106,0008 0812,3485106,,Watergate South Inc,,,700 NEW HAMPSHIRE AVE NW,WATERGATE SOUTH INC,2,700 New Hampshire Ave NW,WASHINGTON,DC,20037,1971,Multifamily Housing,432755,426755.0,66,ENERGYSTARSCORE,2019,Multifamily Housing,36,-18.17%,-18.17%,Does Not Meet BEPS,2023/09/20 04:00:00+00,38.89842971,-77.05544109,395190.72002031,136732.4471134,279885,,{0639A2BF-D2D3-2945-E063-782F520A104C},259107
-77.026297197983,38.9022516614209,PM3487836,0343 0023,3487836,,Embassy Suites by Hilton Washington DC Convention Center (WASCC),,,1000 K ST NW,1000 K LLC,2,900 10th street nw,WASHINGTON,DC,20001,2005,Hotel,227934,266537.0,54,ENERGYSTARSCORE,2019,Hotel,23,-23.27%,-20.00%,Does Not Meet BEPS,2023/05/04 04:00:00+00,38.90224387,-77.02629491,397719.1496633,137154.71758372,300519,,{0639A2BF-D2D4-2945-E063-782F520A104C},259108
-77.0286272073697,38.9041931259488,PM3487951,0283 0050,3487951,,1210 Massachusetts Avenue - 19221,,,1210 MASSACHUSETTS AVE NW,EQR/JBG 12TH & MASS LLC,2,1210 Massachusetts Ave NW,WASHINGTON,DC,20005,2004,Multifamily Housing,884750,155912.0,66,ENERGYSTARSCORE,2019,Multifamily Housing,67,,,Meets BEPS,2023/05/04 04:00:00+00,38.90418534,-77.02862491,397517.11040447,137370.29722475,301977,,{0639A2BF-D2D5-2945-E063-782F520A104C},259109
-77.0355112139403,38.9065105266011,PM3488051,0196 0832,3488051,,1500 Mass Ave. - 27209,,,1500 MASSACHUSETTS AVE NW,EQR-1500 MASS LLC,2,1500 Massachusetts Ave.,WASHINGTON,DC,20005,1951,Multifamily Housing,452897,381249.0,66,ENERGYSTARSCORE,2019,Multifamily Housing,46,-12.62%,-12.62%,Does Not Meet BEPS,2023/09/14 04:00:00+00,38.90650274,-77.03550892,396920.09990879,137627.75717587,804440,,{0639A2BF-D2D6-2945-E063-782F520A104C},259110
-77.0517107260413,38.9050727910796,PM3488104,0025 0808,3488104,,2400 M Street - 19223,,,2400 M ST NW,EOR-JBG 2400 RESIDENTIAL LLC,2,2400 M Street NW,WASHINGTON,DC,20037,2006,Multifamily Housing,401625,433100.0,66,ENERGYSTARSCORE,2019,Multifamily Housing,89,,,Meets BEPS,2023/06/28 04:00:00+00,38.905065,-77.05170843,395514.92966084,137468.82757959,301450,,{0639A2BF-D2D7-2945-E063-782F520A104C},259111
-77.0391597017893,38.908504619838,PM3489484,0157 2152,3489484,,Boston House Condominium,,,1711 MASSACHUSETTS AVE NW,BOSTON HOUSE CONDO,2,"1711 Massachusetts Ave, NW",WASHINGTON,DC,20036,1950,Multifamily Housing,142985,209012.0,66,ENERGYSTARSCORE,2019,Multifamily Housing,84,,,Meets BEPS,2023/08/20 04:00:00+00,38.90849683,-77.03915741,396603.739613,137849.24684619,238060,,{0639A2BF-D2D8-2945-E063-782F520A104C},259112
-77.0438715227732,38.9053689405296,PM3490065,0117 0079,3490065,,1900 M Street,,,1900 M ST NW,1900 M L L C,2,1900 M Street NW,WASHINGTON,DC,20036,1975,Office,112182,111181.4,71,ENERGYSTARSCORE,2019,Office_all,66,-7.60%,-7.60%,Does Not Meet BEPS,2023/09/25 04:00:00+00,38.90536115,-77.04386923,396194.89958759,137501.34667975,243290,,{0639A2BF-D2D9-2945-E063-782F520A104C},259113
-77.0802171876456,38.9295084619222,PM3490082,1805 1067,3490082,,Cathedral West Condominium,,,4100 CATHEDRAL AVE NW,CATHEDRAL WEST CONDOMINIUM,3,4100 Cathedral Ave. N.W.,WASHINGTON,DC,200163513,1965,Multifamily Housing,138972,197361.0,66,ENERGYSTARSCORE,2019,Multifamily Housing,28,-22.62%,-20.00%,Does Not Meet BEPS,2023/08/16 04:00:00+00,38.92950067,-77.08021488,393044.729768,140183.17691448,224797,,{0639A2BF-D2DA-2945-E063-782F520A104C},259114
-77.0452000179243,38.9142851736299,PM3494759,0090 0032,3494759,,2001 S Street,,,2001 S ST NW,20TH & S ASSOCIATES LLC,2,"2001 S Street, NW",WASHINGTON,DC,20009,1968,Office,85007,59283.0,71,ENERGYSTARSCORE,2019,Office_all,78,,,Meets BEPS,2023/05/04 04:00:00+00,38.91427738,-77.04519772,396080.15995115,138491.17752944,242564,,{0639A2BF-D2DB-2945-E063-782F520A104C},259115
-77.0504945712202,38.9065966263995,PM3496074,0036 1010,3496074,,"1230-1250 Twenty-Third Street Condominium, Inc",,,1250 23RD ST NW,GALAXY 23RD STREET LLC,2,"1250 23rd Street, NW",WASHINGTON,DC,20037,1990,Mixed Use Property,190287,260468.0,229,SOURCEEUI_KBTU_FT,2019,Other,122.1,,,Meets BEPS,2023/08/22 04:00:00+00,38.90658884,-77.05049227,395620.51013511,137637.92713799,226634,,{0639A2BF-D2DC-2945-E063-782F520A104C},259116
-76.9810411253472,38.9413762276957,PM3496646,4163 0004,3496646,,The HSC Pediatric Center,,,1731 BUNKER HILL RD NE,CHILDREN'S CONVALESCENT HOSPITAL SICK CHILDREN,5,"1731 Bunker Hill Road, NE",WASHINGTON,DC,20017,1929,Hospital (General Medical & Surgical),200947,115454.0,50,ENERGYSTARSCORE,2019,Hospital,86,,,Meets BEPS,2023/05/04 04:00:00+00,38.94136843,-76.98103885,401643.80958292,141497.71694979,286452,,{0639A2BF-D2DD-2945-E063-782F520A104C},259117
-77.0406972216782,38.9039477604792,PM3496813,0161 0030,3496813,,Eleven Hundred Connecticut Avenue,,,1741 L ST NW,ELEVEN HUNDRED CONN AVE ASSOCIATES LLC,2,"1100 Connecticut Avenue, NW",WASHINGTON,DC,20036,1965,Office,232614,182213.0,71,ENERGYSTARSCORE,2019,Office_all,62,-12.87%,-12.87%,Does Not Meet BEPS,2023/09/09 04:00:00+00,38.90393997,-77.04069493,396470.15958587,137343.45666668,243303,,{0639A2BF-D2DE-2945-E063-782F520A104C},259118
-77.0164579890189,38.9005592510846,PM3497644,"0516S 0036; 0516S 0862",3497644,,425 Mass - 19288,,,401 MASSACHUSETTS AVE NW,EQR-401 MASSACHUSETTS LLC,6,425 Massachusetts Ave NW,WASHINGTON,DC,20001,2009,Multifamily Housing,192323,604072.0,66,ENERGYSTARSCORE,2019,Multifamily Housing,33,-19.83%,-19.83%,Does Not Meet BEPS,2023/05/13 04:00:00+00,38.90055146,-77.0164557,398572.58002794,136966.6466238,301334,,{0639A2BF-D2DF-2945-E063-782F520A104C},259119
-77.0323163367254,38.9029321650597,PM3498438,0217 0051,3498438,,1401 K St NW,,,1401 K ST NW,FP 1401 K LLC,2,1401 K St NW,WASHINGTON,DC,20005,1929,Office,135642,129594.0,71,ENERGYSTARSCORE,2019,Office_all,73,,,Meets BEPS,2023/05/04 04:00:00+00,38.90292438,-77.03231404,397197.07025566,137230.42728,240265,,{0639A2BF-D2E0-2945-E063-782F520A104C},259120
-77.0527939583746,38.901444209019,PM3499875,0028 0893,3499875,,925 Apartments,,,925 25TH ST NW,925 LLC,2,925 25th st. NW,WASHINGTON,DC,20037,1959,Multifamily Housing,126522,126522.0,66,ENERGYSTARSCORE,2019,Multifamily Housing,84,,,Meets BEPS,2023/05/04 04:00:00+00,38.90143642,-77.05279166,395420.73985329,137066.07972252,274004,,{0639A2BF-D2E1-2945-E063-782F520A104C},259121
-77.0610857847586,38.9390057730882,PM3499886,2060 0031,3499886,,Sedgwick Gardens Apartments,,,3726 CONNECTICUT AVE NW,DARO REALTY INC,3,3726 Connecticut Ave. N.W.,WASHINGTON,DC,20008,1932,Multifamily Housing,137810,133557.0,66,ENERGYSTARSCORE,2019,Multifamily Housing,60,-4.16%,-4.16%,Does Not Meet BEPS,2023/09/13 04:00:00+00,38.93899798,-77.06108348,394704.27998387,141236.17707662,220638,,{0639A2BF-D2E2-2945-E063-782F520A104C},259122
-77.0475031931022,38.8963898787277,PM3499931,0081 0096,3499931,,State Plaza Hotel E Street,,,2117 E ST NW,SHERRY TOWERS APARTMENT HOTEL,2,"2117 E. St. NW, Washington D.C. 20036",WASHINGTON,DC,20036,1957,Hotel,94139,92988.0,54,ENERGYSTARSCORE,2019,Hotel,83,,,Meets BEPS,2023/05/04 04:00:00+00,38.89638209,-77.04750089,395879.38043306,136504.75666334,242537,,{0639A2BF-D2E3-2945-E063-782F520A104C},259123
-77.0308500636595,38.9062658594082,PM3499934,0245 0844,3499934,,Washington Plaza Hotel,,,10 THOMAS CIR NW,WASHINGTON PLAZA HOTEL,2,"10 Thomas Circle, NW",WASHINGTON,DC,20005,1963,Hotel,300357,300357.0,54,ENERGYSTARSCORE,2019,Hotel,36,-13.74%,-13.74%,Does Not Meet BEPS,2023/09/20 04:00:00+00,38.90625807,-77.03084777,397324.38001152,137600.44987804,298252,,{0639A2BF-D2E4-2945-E063-782F520A104C},259124
-77.0514873602891,38.8971793323878,PM3500007,0033 0087,3500007,,Columbia Plaza All Bldgs,,,2400 VIRGINIA AVE NW,COLUMBIA PLAZA LP,2,2400 Virginia Ave NW,WASHINGTON,DC,20037,1968,Multifamily Housing,1544107,988819.0,66,ENERGYSTARSCORE,2019,Multifamily Housing,63,-2.14%,-2.14%,Does Not Meet BEPS,2023/09/20 04:00:00+00,38.89717155,-77.05148506,395533.81007763,136592.58036846,274046,,{0639A2BF-D2E5-2945-E063-782F520A104C},259125
-77.042074174276,38.9259459013345,PM3500299,2586 0813,3500299,,Ontario Owners Inc.,,,2853 ONTARIO RD NW,ONTARIO OWNERS INC,1,2853 Ontario Road NW,WASHINGTON,DC,20009,1906,Multifamily Housing,198381,198381.0,66,ENERGYSTARSCORE,2019,Multifamily Housing,98,,,Meets BEPS,2023/09/08 04:00:00+00,38.92593811,-77.04207188,396351.84965761,139785.48705822,236095,,{0639A2BF-D2E6-2945-E063-782F520A104C},259126
-77.0099761816839,38.8970573531086,PM3500320,0628 0901,3500320,,20 F Street,,,20 F ST NW,ANERICAN COLLEGE OF SURGEONS,6,20 F St NW,WASHINGTON,DC,20001,2009,Office,173460,178148.0,71,ENERGYSTARSCORE,2019,Office_all,75,,,Meets BEPS,2023/05/04 04:00:00+00,38.89704957,-77.0099739,399134.78958541,136577.82745767,307939,,{0639A2BF-D2E7-2945-E063-782F520A104C},259127
-77.0293559138519,38.9083131845114,PM3500426,0280 2253,3500426,,Iowa Condominium,,,1325 13TH ST NW,THE IOWA CONDO,2,1325 Thirteenth St NW,WASHINGTON,DC,20005,1900,Multifamily Housing,103516,153600.0,66,ENERGYSTARSCORE,2019,Multifamily Housing,6,-38.55%,-20.00%,Does Not Meet BEPS,2023/09/25 04:00:00+00,38.9083054,-77.02935362,397454.0500579,137827.67747363,226569,,{0639A2BF-D2E8-2945-E063-782F520A104C},259128
-77.0438710592362,38.9061148412596,PM3500466,0116 0077,3500466,,1200 Nineteenth Street Benchmarking,,,1200 19TH ST NW,1200 NINETEENTH STREET LLC,2,1200 19th St. NW,WASHINGTON,DC,20036,1964,Office,321408,354926.0,71,ENERGYSTARSCORE,2019,Office_all,83,,,Meets BEPS,2023/05/04 04:00:00+00,38.90610705,-77.04386876,396194.98014421,137584.14761514,241069,,{0639A2BF-D2E9-2945-E063-782F520A104C},259129
-77.0542251807362,38.9274855781315,PM3500581,2107 0821,3500581,,Connecticut Park Apartments,,,2828 CONNECTICUT AVE NW,CONNECTICUT PARK LLC,3,2828 Connecticut Ave. NW,WASHINGTON,DC,20008,1955,Multifamily Housing,131294,131294.0,66,ENERGYSTARSCORE,2019,Multifamily Housing,43,-14.30%,-14.30%,Does Not Meet BEPS,2023/09/19 04:00:00+00,38.92747779,-77.05422288,395298.30988172,139956.96039775,219985,,{0639A2BF-D2EA-2945-E063-782F520A104C},259130
-77.0273835275858,38.8995319593238,PM3500628,0319 0822,3500628,,Gaslight Building,,,1100 H ST NW,1100 H STREET LLC,2,1100 Hst,WASHINGTON,DC,20005,1942,Office,146986,146986.0,71,ENERGYSTARSCORE,2019,Office_all,38,-36.48%,-20.00%,Does Not Meet BEPS,2023/09/14 04:00:00+00,38.89952417,-77.02738124,397624.82961394,136852.83675116,811771,,{0639A2BF-D2EB-2945-E063-782F520A104C},259131
-77.0613702807264,38.9044991395238,PM3500776,1199 0053,3500776,,Canal Square,,,1054 31ST ST NW,R B PROPERTIES INC,2,1054 31st Street,WASHINGTON,DC,20007,1930,Office,146266,98333.0,71,ENERGYSTARSCORE,2019,Office_all,26,-45.94%,-20.00%,Does Not Meet BEPS,2023/09/14 04:00:00+00,38.90449135,-77.06136798,394677.03980943,137405.66669935,273823,,{0639A2BF-D2EC-2945-E063-782F520A104C},259132
-77.0736990231777,38.9282077554638,PM3500919,1929 0014,3500919,,Alban Towers - 29815,,,3700 MASSACHUSETTS AVE NW,SMITH PROPERTY HOLDINGS ALBAN TOWERS LLC,3,3700 Massachusetts Ave. NW,WASHINGTON,DC,20016,1934,Multifamily Housing,345169,294265.0,66,ENERGYSTARSCORE,2019,Multifamily Housing,28,-22.62%,-20.00%,Does Not Meet BEPS,2023/09/13 04:00:00+00,38.92819996,-77.07369671,393609.79043027,140038.31051874,262610,,{0639A2BF-D2ED-2945-E063-782F520A104C},259133
-77.0694883801386,38.9526707034029,PM3500928,1981 0012,3500928,,Connecticut Heights - 29818,,,4817 36TH ST NW,DAVENPORT HOUSE ASSOCIATES LTP,3,4850 Connecticut Ave. NW,WASHINGTON,DC,20008,1974,Multifamily Housing,240128,435199.0,66,ENERGYSTARSCORE,2019,Multifamily Housing,74,,,Meets BEPS,2023/08/04 04:00:00+00,38.95266291,-77.06948607,393976.96015095,142753.62731218,218836,,{0639A2BF-D2EE-2945-E063-782F520A104C},259134
-77.0419547329303,38.9120880067798,PM3500929,0134 0825,3500929,,Corcoran House at Dupont Circle - 29811,,,1616 18TH ST NW,EQR-DUPONT CORCORAN LLC,2,1616 18th St. NW,WASHINGTON,DC,20009,1961,Multifamily Housing,102490,102490.0,66,ENERGYSTARSCORE,2019,Multifamily Housing,82,,,Meets BEPS,2023/05/04 04:00:00+00,38.91208022,-77.04195244,396361.49961767,138247.14025429,241256,,{0639A2BF-D2EF-2945-E063-782F520A104C},259135
-77.0641551345542,38.946203762281,PM3500930,2046 0002,3500930,,Park Connecticut - 29816,,,4411 CONNECTICUT AVE NW,SMITH PROPERTY HOLDINGS,3,4411 Connecticut Ave. NW,WASHINGTON,DC,20008,2000,Multifamily Housing,179395,174908.0,66,ENERGYSTARSCORE,2019,Multifamily Housing,51,-9.73%,-9.73%,Does Not Meet BEPS,2023/09/20 04:00:00+00,38.94619597,-77.06415283,394438.73984522,142035.40031453,284904,,{0639A2BF-D2F0-2945-E063-782F520A104C},259136
-77.0453672314594,38.9070681550905,PM3500944,0099 0049,3500944,,Flats at Dupont Circle - 29820,,,2000 N ST NW,ASN DUPONT CIRCLE LLC,2,2000 N Street NW,WASHINGTON,DC,20036,1967,Multifamily Housing,423645,245421.0,66,ENERGYSTARSCORE,2019,Multifamily Housing,51,-9.73%,-9.73%,Does Not Meet BEPS,2023/05/13 04:00:00+00,38.90706037,-77.04536493,396065.26029191,137690.03731503,242555,,{0639A2BF-D2F1-2945-E063-782F520A104C},259137
-77.0452967134227,38.9040473305701,PM3501305,0100 0120,3501305,,2001 L Street (Whole Building),,,2001 L ST NW,2001 L STREET LLC,2,2001 L Street N.W.,WASHINGTON,DC,20036,1986,Office,161347,179732.0,71,ENERGYSTARSCORE,2019,Office_all,52,-23.96%,-20.00%,Does Not Meet BEPS,2023/09/13 04:00:00+00,38.90403954,-77.04529442,396071.20961242,137354.69763977,240944,,{0639A2BF-D2F2-2945-E063-782F520A104C},259138
-77.0505165265118,38.9128525527655,PM3501723,1802 0815,3501723,,Idaho Terrace,Not Applicable: Standalone Property,Not Applicable: Standalone Property,3040 IDAHO AVE NW,IDAHO TERRACE APARTMENTS LLC,3,3040 Idaho Ave NW,WASHINGTON,DC,20016,1950,Multifamily Housing,140686,125724.0,66,ENERGYSTARSCORE,2019,Multifamily Housing,58,-5.45%,-5.45%,Does Not Meet BEPS,2023/09/19 04:00:00+00,38.91284476,-77.05051423,395618.98969267,138332.38657144,223989,,{0639A2BF-D2F3-2945-E063-782F520A104C},259139
-77.0583431632725,38.9379430240044,PM3502126,2226 0800,3502126,,The Broadmoor Cooperative Apartments,,,3601 CONNECTICUT AVE NW,BROADMOOR COOPERATIVE,3,3601 Connecticut Avenue NW,WASHINGTON,DC,200081928,1928,Multifamily Housing,308077,288969.0,66,ENERGYSTARSCORE,2019,Multifamily Housing,87,,,Meets BEPS,2023/05/04 04:00:00+00,38.93793523,-77.05834086,394941.97993464,141118.04696257,219290,,{0639A2BF-D2F4-2945-E063-782F520A104C},259140
-77.0299437913489,38.9052597452466,PM3502417,0246 0806,3502417,,Belvedere,Not Applicable: Standalone Property,Not Applicable: Standalone Property,1301 MASSACHUSETTS AVE NW,"BELVEDERE, LLC",2,1301 Massachusetts Ave NW,WASHINGTON,DC,20005,1927,Multifamily Housing,100441,100441.0,66,ENERGYSTARSCORE,2019,Multifamily Housing,83,,,Meets BEPS,2023/05/04 04:00:00+00,38.90525196,-77.0299415,397402.94984106,137488.73732131,240633,,{0639A2BF-D2F5-2945-E063-782F520A104C},259141
-77.0476069112925,38.9034264479634,PM3502512,0073 0080,3502512,,Gelman Building (gl124),,,2120 L ST NW,GELMAN BUILDING LTD,2,2120 L St NW,WASHINGTON,DC,20037,1969,Office,235326,135863.0,71,ENERGYSTARSCORE,2019,Office_all,55,-20.88%,-20.00%,Does Not Meet BEPS,2023/09/13 04:00:00+00,38.90341866,-77.04760461,395870.79023607,137285.87690535,242482,,{0639A2BF-D2F6-2945-E063-782F520A104C},259142
-77.0112452681302,38.8970559766433,PM3502542,0628 0891,3502542,,Capitol Place I,,,555 NEW JERSEY AVE NW,SHELDON B KAMINS TRUSTEES,6,0555 New Jersey Ave NW,WASHINGTON,DC,20001,1983,Office,216300,149722.0,71,ENERGYSTARSCORE,2019,Office_all,38,-36.48%,-20.00%,Does Not Meet BEPS,2023/09/13 04:00:00+00,38.89704819,-77.01124298,399024.70011029,136577.68705995,218676,,{0639A2BF-D2F7-2945-E063-782F520A104C},259143
-77.0555918257475,38.9362476876669,PM3502821,2225 0844,3502821,,Quebec House South,,,2800 QUEBEC ST NW,QUEBEC HOUSE SOUTH LLC,3,"2800 Quebec Street, NW",WASHINGTON,DC,20008,1949,Multifamily Housing,344727,353727.0,66,ENERGYSTARSCORE,2019,Multifamily Housing,63,-2.14%,-2.14%,Does Not Meet BEPS,2023/09/19 04:00:00+00,38.93623989,-77.05558952,395180.40023225,140929.70052932,219283,,{0639A2BF-D2F8-2945-E063-782F520A104C},259144
-77.0737003357047,38.9622813850961,PM3503353,1869 0036,3503353,,La Reine Apartments,,,5425 CONNECTICUT AVE NW,INVESTORS CONNECTICUT AVENUE LLC,3,"5425 Connecticut Avenue, NW",WASHINGTON,DC,20015,1929,Multifamily Housing,100044,100044.0,66,ENERGYSTARSCORE,2019,Multifamily Housing,90,,,Meets BEPS,2023/05/04 04:00:00+00,38.96227359,-77.07369803,393612.72960186,143820.78732196,264052,,{0639A2BF-D2F9-2945-E063-782F520A104C},259145
-77.0387129054988,38.9267253187603,PM3503889,2590 0801,3503889,,Chalfonte,Not Applicable: Standalone Property,Not Applicable: Standalone Property,1601 ARGONNE PL NW,COLUMBIA REALTY VENTURE LLC,1,1601 Argonne Pl NW,WASHINGTON,DC,20009,1926,Multifamily Housing,202589,202589.0,66,ENERGYSTARSCORE,2019,Multifamily Housing,83,,,Meets BEPS,2023/05/04 04:00:00+00,38.92671753,-77.03871061,396643.3498504,139871.88037525,236289,,{0639A2BF-D2FA-2945-E063-782F520A104C},259146
-77.0829796041926,38.9308306652946,PM3503998,1601 2423,3503998,,The Towers Condominium,,,4201 CATHEDRAL AVE NW,THE TOWERS CONDO,3,4201 Cathedral Avenue NW,WASHINGTON,DC,20016,1958,Multifamily Housing,658182,979005.0,66,ENERGYSTARSCORE,2019,Multifamily Housing,91,,,Meets BEPS,2023/05/04 04:00:00+00,38.93082287,-77.08297729,392805.34025375,140330.16655778,224793,,{0639A2BF-D2FB-2945-E063-782F520A104C},259147
-77.0505538619449,38.9050127612723,PM3504183,0037 0853,3504183,,2300-2330 M ST,,,2300 M ST NW,MEDICAL FACULTY ASSOCIATES INC,2,2300-2330 M ST NW,WASHINGTON,DC,20037,1984,Office,120872,161222.0,71,ENERGYSTARSCORE,2019,Office_all,28,-44.40%,-20.00%,Does Not Meet BEPS,2023/05/04 04:00:00+00,38.90500497,-77.05055156,395615.27020446,137462.10756133,243314,,{0639A2BF-D2FC-2945-E063-782F520A104C},259148
-77.0559771422466,38.9372296697969,PM3504391,2226 0801,3504391,,Quebec House North,,,2801 QUEBEC ST NW,"GEWIRZ, BERNARD S",3,"2801 Quebec Street, NW",WASHINGTON,DC,20008,1949,Multifamily Housing,177642,177723.0,66,ENERGYSTARSCORE,2019,Multifamily Housing,81,,,Meets BEPS,2023/05/04 04:00:00+00,38.93722188,-77.05597484,395147.05991366,141038.73042351,219291,,{0639A2BF-D2FD-2945-E063-782F520A104C},259149
-77.0793813761964,38.9500044494752,PM3504833,1769 0031,3504833,,"Jemal's Tower, LLC",,,4001 BRANDYWINE ST NW,JEMAL'S TOWER LLC,3,"4001 Brandywine Street, NW",WASHINGTON,DC,20016,1953,Office,164868,89335.0,71,ENERGYSTARSCORE,2019,Office_all,62,-12.87%,-12.87%,Does Not Meet BEPS,2023/05/22 04:00:00+00,38.94999665,-77.07937906,393119.18042255,142458.34753716,265171,,{0639A2BF-D2FE-2945-E063-782F520A104C},259150
-77.0699005611684,38.9052342032929,PM3504836,1203 0047,3504836,,"Jemal's Cayre Car Barn, LLC",,,3600 M ST NW,JEMAL'S CAYRE CARBARN LLC,2,"3600 M Street, NW",WASHINGTON,DC,20007,1895,College/University,117140,111133.0,180,SOURCEEUI_KBTU_FT,2019,College/University,73.3,,,Meets BEPS,2023/05/04 04:00:00+00,38.90522642,-77.06989826,393937.199614,137487.79737229,271910,,{0639A2BF-D2FF-2945-E063-782F520A104C},259151
-77.0469478349338,38.8964540626574,PM3505139,0081 0835,3505139,,Potomac Park,Not Applicable: Standalone Property,Not Applicable: Standalone Property,510 21ST ST NW,COLUMBIA REALTY VENTURE LLC,2,510 21st St NW,WASHINGTON,DC,20006,1950,Multifamily Housing,103790,103790.0,66,ENERGYSTARSCORE,2019,Multifamily Housing,85,,,Meets BEPS,2023/05/04 04:00:00+00,38.89644628,-77.04694554,395927.55973948,136511.85734129,242541,,{0639A2BF-D300-2945-E063-782F520A104C},259152
-76.9977084016707,38.8856822522597,PM3505691,0873 0112,3505691,,600 Pennsylvania,Not Applicable: Standalone Property,Not Applicable: Standalone Property,600 PENNSYLVANIA AVE SE,BDC PENNSYLVANIA AVENUE LLC,6,"600 Pennsylvania Ave, SE",WASHINGTON,DC,20003,1976,Office,182152,87630.0,71,ENERGYSTARSCORE,2019,Office_all,42,-33.13%,-20.00%,Does Not Meet BEPS,2023/09/13 04:00:00+00,38.88567447,-76.99770612,400199.01997579,135315.05734788,5839,,{0639A2BF-D301-2945-E063-782F520A104C},259153
-77.0028553081098,38.8287187161711,PM3505747,6219 0032,3505747,,Atlantic Terrace Ltd.,,,4313 3RD ST SE,ATLANTIC TERRACE LTD,8,4319 3rd St. SE,WASHINGTON,DC,20032,1964,Multifamily Housing,200839,200839.0,66,ENERGYSTARSCORE,2019,Multifamily Housing,79,,,Meets BEPS,2023/09/23 04:00:00+00,38.82871094,-77.00285303,399752.26982849,128991.69672589,295776,,{0639A2BF-D302-2945-E063-782F520A104C},259154
-77.0399987412777,38.8939661952011,PM3506489,0173 0809,3506489,,DAR Building,,,1776 D ST NW,NATIONAL SOCIETY OF THE DAUGHTERS OF THE AMERICAN REVOLUTION,2,"1776 D Street, NW",WASHINGTON,DC,20006,1903,Other - Entertainment/Public Assembly,221828,203652.0,240,WEATHERNORMALZEDSOUREUI_KBTUFT,2019,Public assembly,113.1,,,Meets BEPS,2023/05/04 04:00:00+00,38.89395841,-77.03999645,396530.25962301,136235.39703203,279384,,{0639A2BF-D303-2945-E063-782F520A104C},259155
-77.0329823464487,38.9311016665997,PM3506526,2676 0795,3506526,,SAMUEL KELSEY REDEVELOPMENT LIMITED PARTNERSHIP,,,3336 14TH ST NW,SAMUEL KELSEY REDEVELOPMENT LIMITED PARTNERSHIP,1,"3300 14TH ST, NW",WASHINGTON,DC,20032,1923,Multifamily Housing,149140,149140.0,66,ENERGYSTARSCORE,2019,Multifamily Housing,77,,,Meets BEPS,2023/09/15 04:00:00+00,38.93109387,-77.03298005,397140.430064,140357.49662657,234465,,{0639A2BF-D304-2945-E063-782F520A104C},259156
-77.0532237599703,38.923876314799,PM3506587,2132 0026,3506587,,The Calvert House,,,2401 CALVERT ST NW,CALVERT HOUSE ASSOCIATES LLC,3,2401 Calvert Ave.,WASHINGTON,DC,20008,1964,Multifamily Housing,240528,240528.0,66,ENERGYSTARSCORE,2019,Multifamily Housing,51,-9.73%,-9.73%,Does Not Meet BEPS,2023/09/24 04:00:00+00,38.92386852,-77.05322146,395384.90986101,139556.24958103,275774,,{0639A2BF-D305-2945-E063-782F520A104C},259157
-77.06853166612,38.9183797460144,PM3507393,1299 1059,3507393,,The Observatory of Georgetown,Not Applicable: Standalone Property,Not Applicable: Standalone Property,2111 WISCONSIN AVE NW,THE OBSERVATORY OF GEORGETOWN,3,2111 Wisconsin Ave NW,WASHINGTON,DC,20007,1988,Multifamily Housing,129773,153005.0,66,ENERGYSTARSCORE,2019,Multifamily Housing,47,-12.05%,-12.05%,Does Not Meet BEPS,2023/09/20 04:00:00+00,38.91837196,-77.06852936,394057.03001067,138946.97036966,224740,,{0639A2BF-D306-2945-E063-782F520A104C},259158
-77.0335561445878,38.9085996901402,PM3508225,0210 2595,3508225,,1441 Rhode Island Ave Condominium,,,1439 RHODE ISLAND AVE NW,1441 RHODE ISLAND AV CONDO,2,1441 Rhode Island Ave,WASHINGTON,DC,20005,2004,Multifamily Housing,120461,138363.0,66,ENERGYSTARSCORE,2019,Multifamily Housing,61,-3.49%,-3.49%,Does Not Meet BEPS,2023/05/04 04:00:00+00,38.9085919,-77.03355385,397089.76000655,137859.60683782,299894,,{0639A2BF-D307-2945-E063-782F520A104C},259159
-77.0406460616116,38.9090546122654,PM3509604,0157 0864,3509604,,Brookings Institution,,,1755 MASSACHUSETTS AVE NW,BROOKINGS INSTITUTION,2,1775 Massachusetts Avenue N.W.,WASHINGTON,DC,20036,1962,Office,173315,112278.0,71,ENERGYSTARSCORE,2019,Office_all,70,-1.62%,-1.62%,Does Not Meet BEPS,2023/08/10 04:00:00+00,38.90904682,-77.04064376,396474.85042173,137910.35658253,241731,,{0639A2BF-D308-2945-E063-782F520A104C},259160
-77.0830517885804,38.9566619777868,PM3509608,1666 0807,3509608,,5151 Wisconsin Ave,,,5151 WISCONSIN AVE NW,"SHRAKE, ALEXANDRA B",3,"5151 Wisconsin Avenue, NW",WASHINGTON,DC,20016,1963,Office,108724,104325.0,71,ENERGYSTARSCORE,2019,Office_all,1,-72.87%,-20.00%,Does Not Meet BEPS,2023/05/04 04:00:00+00,38.95665418,-77.08304948,392801.68962819,143197.67685885,266466,,{0639A2BF-D309-2945-E063-782F520A104C},259161
-77.0517354648066,38.8991246692134,PM3509928,0031 0835,3509928,,"Potomac Plaza Terrace, Inc.- WHOLE BUILDING",,,730 24TH ST NW,POTOMAC PLAZA TERRACE INC,2,730 24th Street NW,WASHINGTON,DC,20037,1961,Multifamily Housing,210919,210000.0,66,ENERGYSTARSCORE,2019,Multifamily Housing,70,,,Meets BEPS,2023/05/04 04:00:00+00,38.89911688,-77.05173317,395512.40958462,136808.53965356,277504,,{0639A2BF-D30A-2945-E063-782F520A104C},259162
-77.0831081829416,38.9367535634232,PM3510411,1717 1064,3510411,,Greenbriar Condominium,,,4301 MASSACHUSETTS AVE NW,THE GREENBRIER CONDOMINIUM,3,"4301 Massachusetts Avenue, NW",WASHINGTON,DC,20016,1952,Multifamily Housing,166216,166216.0,66,ENERGYSTARSCORE,2019,Multifamily Housing,36,-18.17%,-18.17%,Does Not Meet BEPS,2023/09/14 04:00:00+00,38.93674577,-77.08310587,392794.79011062,140987.66989755,223336,,{0639A2BF-D30B-2945-E063-782F520A104C},259163
-77.0119210409193,38.8964731854814,PM3510427,0627 0013,3510427,,06270013_500 New Jersey Avenue,,,500 NEW JERSEY AVE NW,NATL ASSOCIATION OF REALTORS,6,"500 New Jersey Ave., NW",WASHINGTON,DC,20001,2004,Office,105000,101987.7,71,ENERGYSTARSCORE,2019,Office_all,61,-14.11%,-14.11%,Does Not Meet BEPS,2023/09/20 04:00:00+00,38.8964654,-77.01191875,398966.07033708,136513.00017306,295811,,{0639A2BF-D30C-2945-E063-782F520A104C},259164
-77.0173386357624,38.9034087643598,PM3511798,0515 2875,3511798,,THE L AT CITY VISTA CONDO,,,440 L ST NW,THE L AT CITY VISTA CONDO,6,440 L ST NW,WASHINGTON,DC,20001,2007,Multifamily Housing,130243,130243.0,66,ENERGYSTARSCORE,2019,Multifamily Housing,80,,,Meets BEPS,2023/08/29 04:00:00+00,38.90340098,-77.01733635,398496.24970674,137282.98043051,304764,,{0639A2BF-D30D-2945-E063-782F520A104C},259165
-77.0599281496556,38.9402024308631,PM3511841,2234 1600,3511841,,3883 CONNECTICUT AVE CONDO,,,3883 CONNECTICUT AVE NW,3883 CONNECTICUT AVE CONDO,3,3883 CONNECTICUT AVE NW,WASHINGTON,DC,20008,2004,Multifamily Housing,134004,134003.0,66,ENERGYSTARSCORE,2019,Multifamily Housing,69,,,Meets BEPS,2023/05/04 04:00:00+00,38.94019464,-77.05992584,394804.73043349,141368.9503549,223060,,{0639A2BF-D30E-2945-E063-782F520A104C},259166
-77.0406460616116,38.9090546122654,PM3512309,0157 0864,3512309,,Brookings Institution Annex,,,1755 MASSACHUSETTS AVE NW,BROOKINGS INSTITUTION,2,1755 Massachusetts Avenue N.W.,WASHINGTON,DC,20036,1964,Office,173315,67068.0,71,ENERGYSTARSCORE,2019,Office_all,46,-29.63%,-20.00%,Does Not Meet BEPS,2023/07/26 04:00:00+00,38.90904682,-77.04064376,396474.85042173,137910.35658253,279379,,{0639A2BF-D30F-2945-E063-782F520A104C},259167
-77.0849854267789,38.9584802581032,PM3512552,1657 0024,3512552,,T09 - Western Bus Division,,,5230 WISCONSIN AVE NW,WASHINGTON METROPOLITAN AREA TRANSIT AUTHORITY (WMATA),3,5230 Wisconsin Ave. NW,WASHINGTON,DC,20016,1909,Other - Public Services,59497,57100.0,229,WEATHERNORMALZEDSOUREUI_KBTUFT,2019,Other,354,-35.31%,-20.00%,Does Not Meet BEPS,2023/09/14 04:00:00+00,38.95847246,-77.08498311,392634.28027691,143399.67685573,265900,,{0639A2BF-D310-2945-E063-782F520A104C},259168
-77.0323538738313,38.947561979513,PM3512611,2811 0802,3512611,,T06 - Northern Bus Division,,,4701 14TH STREET NW,WASHINGTON METROPOLITAN AREA TRANSIT AUTHORITY (WMATA),4,4701 14th Street NW,WASHINGTON,DC,20011,1906,Other - Public Services,171011,176060.0,229,WEATHERNORMALZEDSOUREUI_KBTUFT,2019,Other,215,,,Meets BEPS,2023/05/04 04:00:00+00,38.94755418,-77.03235158,397195.56976671,142184.71667399,255174,,{0639A2BF-D311-2945-E063-782F520A104C},259169
-77.0845537945931,38.9597375211505,PM3512639,1661 0855,3512639,,Friendship Center- 36041101,,,5333 WISCONSIN AVE NW,STREET RETAIL INC,3,5333 Wisconsin Avenue,WASHINGTON,DC,20015,1998,Retail Store,86379,137229.0,401,WEATHERNORMALZEDSOUREUI_KBTUFT,2019,Retail_all,223.5,,,Meets BEPS,2023/05/04 04:00:00+00,38.95972972,-77.08455148,392671.82009213,143539.2095475,265947,,{0639A2BF-D312-2945-E063-782F520A104C},259170
-77.0278368203067,38.9022085960679,PM3512672,0317 3086,3512672,,1150 K St Condominium,,,1150 K ST NW,1150 K STREET CONDOMINIUM,2,1150 K St NW,WASHINGTON,DC,20005,2003,Multifamily Housing,111618,59522.0,66,ENERGYSTARSCORE,2019,Multifamily Housing,73,,,Meets BEPS,2023/05/04 04:00:00+00,38.90220081,-77.02783453,397585.59982368,137149.97717057,297576,,{0639A2BF-D313-2945-E063-782F520A104C},259171
-76.9969175863548,38.907608893324,PM3512679,"PAR 01290070; PAR 01410069",3512679,,Gallaudet University,3512679,Gallaudet University,1251 6TH ST NE,GALLAUDET UNIVERSITY,5,800 Florida Avenue N.E.,WASHINGTON,DC,20002,1864,College/University,148080,2293900.0,199,Blended Custom Source Energy Use Intensity (EUI),2019,Gallaudet University Main Campus,213.1,-6.62%,-6.62%,Does Not Meet BEPS,2023/09/14 04:00:00+00,38.9076011,-76.9969153,400267.55028743,137749.08961388,288964,,{0639A2BF-D314-2945-E063-782F520A104C},259172
-77.0168825840543,38.9001071509894,PM3512771,0517 3063,3512771,,400 Massachusetts Ave Condominium,,,400 MASSACHUSETTS AVE NW,400 MASS AVE CONDOMINIUMS,2,400 Massachusetts Ave NW,WASHINGTON,DC,200163300,2004,Multifamily Housing,249966,341300.0,66,ENERGYSTARSCORE,2019,Multifamily Housing,61,-3.49%,-3.49%,Does Not Meet BEPS,2023/09/20 04:00:00+00,38.90009936,-77.0168803,398535.73958822,136916.46662258,289390,,{0639A2BF-D315-2945-E063-782F520A104C},259173
-76.9987097180309,38.9141110584373,PM3512821,3605 0812,3512821,,B95 - Brentwood Yard S&I Shop,,,601 T STREET NE,WASHINGTON METROPOLITAN AREA TRANSIT AUTHORITY (WMATA),5,0601 T Street NE,WASHINGTON,DC,20018,1972,Other - Public Services,208968,212162.0,229,WEATHERNORMALZEDSOUREUI_KBTUFT,2019,Other,215.5,,,Meets BEPS,2023/05/04 04:00:00+00,38.91410327,-76.99870743,400112.10034992,138470.88029447,289737,,{0639A2BF-D316-2945-E063-782F520A104C},259174
-77.0596186479001,38.9427922661527,PM3512965,2049 0810,3512965,,Law School,,,2900 VAN NESS ST NW,HOWARD UNIVERSITY,3,2900 Van Ness St NW,WASHINGTON,DC,20008,1901,College/University,244615,289942.0,202,Blended Custom Source Energy Use Intensity (EUI),2019,Howard University West Campus,230.1,-12.21%,-12.21%,Does Not Meet BEPS,2023/05/04 04:00:00+00,38.94278447,-77.05961634,394831.75027554,141656.426827,223093,,{0639A2BF-D317-2945-E063-782F520A104C},259175
-77.0382416654547,38.9208795864807,PM3513593,2571 0954,3513593,,1661 Crescent Place NW Inc,,,1661 CRESCENT PL NW,1661 CRESCENT PLACE NW INC,1,1661 Crescent Place NW,WASHINGTON,DC,20009,1926,Multifamily Housing,118686,118686.0,66,ENERGYSTARSCORE,2019,Multifamily Housing,94,,,Meets BEPS,2023/06/01 04:00:00+00,38.9208718,-77.03823937,396683.93989035,139222.93749946,235838,,{0639A2BF-D318-2945-E063-782F520A104C},259176
-77.0353726201462,38.9178769330826,PM3513627,0189 0060,3513627,,Northumberland Apartments Inc,,,2039 NEW HAMPSHIRE AVE NW,NORTHUMBERLAND APARTMENTS INC,1,2039 New Hampshire Ave NW,WASHINGTON,DC,20009,1908,Multifamily Housing,104390,104390.0,66,ENERGYSTARSCORE,2019,Multifamily Housing,100,,,Meets BEPS,2023/05/22 04:00:00+00,38.91786914,-77.03537032,396932.61039029,138889.51671111,242054,,{0639A2BF-D319-2945-E063-782F520A104C},259177
-77.0172882900693,38.9049797115918,PM3514046,0514 2900,3514046,,Yale Steam Laundry Condominium,,,437 NEW YORK AVE NW,YALE STEAM LAUNDRY CONDO,6,"437 New York Avenue, NW",WASHINGTON,DC,20001,2008,Multifamily Housing,115493,115493.0,66,ENERGYSTARSCORE,2019,Multifamily Housing,16,-29.98%,-20.00%,Does Not Meet BEPS,2023/09/25 04:00:00+00,38.90497192,-77.017286,398500.6500732,137457.366663,279778,,{0639A2BF-D31A-2945-E063-782F520A104C},259178
-77.0187400870252,38.8727585909904,PM3514127,0504 2275,3514127,,"Riverside Condominium, UOA",,,1425 4TH ST SW,THE RIVERSIDE CONDO,6,"1425 4th Street, SW",WASHINGTON,DC,20024,1966,Multifamily Housing,214654,214654.0,66,ENERGYSTARSCORE,2019,Multifamily Housing,24,-24.93%,-20.00%,Does Not Meet BEPS,2023/05/04 04:00:00+00,38.87275081,-77.0187378,398373.98994055,133880.59711236,145329,,{0639A2BF-D31B-2945-E063-782F520A104C},259179
-77.0636038483211,38.9030249885107,PM3514246,1188 0118,3514246,,Waterfront,,,3223 K ST NW,WATERFRONT CENTER LP,2,1010-1014 Wisconsin Ave NW,WASHINGTON,DC,20007,1975,Office,320940,207863.0,71,ENERGYSTARSCORE,2019,Office_all,46,-29.63%,-20.00%,Does Not Meet BEPS,2023/09/14 04:00:00+00,38.9030172,-77.06360154,394483.19041573,137242.15676915,278784,,{0639A2BF-D31C-2945-E063-782F520A104C},259180
-77.0039436325952,38.9099583070058,PM3514565,3582 0802,3514565,,DCAA,,,1501 ECKINGTON PL NE,FEDERAL EXPRESS CORPORATION,5,1501 Eckington Place,WASHINGTON,DC,20002,1990,Distribution Center,208650,210000.0,19,ENERGYSTARSCORE,2019,Warehouse_all,28,,,Meets BEPS,2023/05/04 04:00:00+00,38.90995052,-77.00394135,399658.15975911,138009.89733878,62598,,{0639A2BF-D31D-2945-E063-782F520A104C},259181
-77.0517764474866,38.9055575915364,PM3514785,0024 0870,3514785,,"Fairmont Washington, D.C., Georgetown",,,2401 M ST NW,LHCW HOTEL HOLDING (2002) LLC,2,"2401 M Street, NW",WASHINGTON,DC,20037,1985,Hotel,458211,411396.0,54,ENERGYSTARSCORE,2019,Hotel,39,-11.55%,-11.55%,Does Not Meet BEPS,2023/09/13 04:00:00+00,38.9055498,-77.05177415,395509.25978183,137522.64753938,273950,,{0639A2BF-D31E-2945-E063-782F520A104C},259182
-77.0326197113514,38.9070865618723,PM3515220,0212 2674,3515220,,Andover House,,,1400 N ST NW,NATIONAL CITY CHRISTIAN CHURCH CORP,2,1200 14th Street NW,WASHINGTON,DC,20005,2000,Multifamily Housing,146901,183224.0,66,ENERGYSTARSCORE,2019,Multifamily Housing,5,-39.80%,-20.00%,Does Not Meet BEPS,2023/08/20 04:00:00+00,38.90707877,-77.03261742,397170.91975908,137691.60761564,297577,,{0639A2BF-D31F-2945-E063-782F520A104C},259183
-77.030121635061,38.9062345923313,PM3515226,0245 0843,3515226,,1301 Thomas Circle,,,1220 13TH ST NW,UDR/K VENTURE MEMBER LLC,2,1301 M Street NW,WASHINGTON,DC,20005,2000,Multifamily Housing,343585,310739.0,66,ENERGYSTARSCORE,2019,Multifamily Housing,83,,,Meets BEPS,2023/07/06 04:00:00+00,38.9062268,-77.03011934,397387.56015281,137596.95755583,300322,,{0639A2BF-D320-2945-E063-782F520A104C},259184
-77.0316735963279,38.9202881728989,PM3515264,2868 0155,3515264,,View 14,,,2301 14TH ST NW,VIEW 14 INVESTMENTS LLC,1,2303 14th Street NW,WASHINGTON,DC,20009,2000,Multifamily Housing,276542,222196.0,66,ENERGYSTARSCORE,2019,Multifamily Housing,42,-14.86%,-14.86%,Does Not Meet BEPS,2023/09/14 04:00:00+00,38.92028038,-77.0316713,397253.49014631,139157.06680088,284336,,{0639A2BF-D321-2945-E063-782F520A104C},259185
-77.0207433072446,38.8939022878254,PM3518256,0459 3038,3518256,,"The Pennsylvania, A Condominium",,,678 INDIANA AVE NW,PENNSYLVANIA PLAZA ASSOC C/O LINDA MORGA,2,601 Pennsylvania Avenue NW,WASHINGTON,DC,20004,1988,Multifamily Housing,315600,186838.0,66,ENERGYSTARSCORE,2019,Multifamily Housing,89,,,Meets BEPS,2023/05/04 04:00:00+00,38.8938945,-77.02074102,398200.68979353,136227.74681889,226088,,{0639A2BF-D322-2945-E063-782F520A104C},259186
-77.0085751689825,38.8755574290362,PM3518921,0700 0044,3518921,,26830-Washington DC/S. Capitol St SE,,,1230 SOUTH CAPITOL ST SE,PUBLIC STORAGE INSTITUTE FUND,6,1230 South Capitol Street Se,WASHINGTON,DC,20003,1991,Self-Storage Facility,108000,82635.0,21,WEATHERNORMALZEDSOUREUI_KBTUFT,2019,Nonrefrigerated warehouse (Self-Storage Facility),59.6,-64.77%,-20.00%,Does Not Meet BEPS,2023/08/03 04:00:00+00,38.87554965,-77.00857288,399256.10037024,134191.15743397,70578,,{0639A2BF-D323-2945-E063-782F520A104C},259187
-76.9767438700308,38.9121739135093,PM3518922,4273 0005,3518922,,29207-Washington DC/Bladensburg Rd NE,,,1618 BLADENSBURG RD NE,PUBLIC STORAGE INC,5,1618 Bladensburg Road NE,WASHINGTON,DC,20002,2008,Self-Storage Facility,81612,76821.0,21,WEATHERNORMALZEDSOUREUI_KBTUFT,2019,Nonrefrigerated warehouse (Self-Storage Facility),19.5,,,Meets BEPS,2023/09/13 04:00:00+00,38.91216612,-76.97674159,402017.18025978,138256.09677899,300743,,{0639A2BF-D324-2945-E063-782F520A104C},259188
-77.0516740181094,38.904054944356,PM3520098,0025 1782,3520098,,The Columbia Residences,,,1104 24TH ST NW,THE COLUMBIA RESIDENCES CONDO,2,2425 L Street NW,WASHINGTON,DC,20037,2006,Multifamily Housing,270738,377553.0,66,ENERGYSTARSCORE,2019,Multifamily Housing,43,-14.30%,-14.30%,Does Not Meet BEPS,2023/09/13 04:00:00+00,38.90404716,-77.05167172,395518.04984701,137355.83730323,300365,,{0639A2BF-D325-2945-E063-782F520A104C},259189
-77.0311214839131,38.9005049171582,PM3520541,0250 0046,3520541,,1333 H St NW,,,1333 H ST NW,FHF I 1333 H STREET LLC,2,1333 H Street NW,WASHINGTON,DC,20005,1982,Office,410210,361430.0,71,ENERGYSTARSCORE,2019,Office_all,81,,,Meets BEPS,2023/05/17 04:00:00+00,38.90049713,-77.03111919,397300.62005675,136960.94699774,243275,,{0639A2BF-D326-2945-E063-782F520A104C},259190
-77.0658912883714,38.9492373896627,PM3523177,2039 0001,3523177,,The Brandywine Apartments,,,4545 CONNECTICUT AVE NW,BRANDYWINE APARTMENTS OF MARYLAND LLC,3,4545 Connecticut Ave NW,WASHINGTON,DC,20008,1954,Multifamily Housing,347040,347040.0,66,ENERGYSTARSCORE,2019,Multifamily Housing,51,-9.73%,-9.73%,Does Not Meet BEPS,2023/09/19 04:00:00+00,38.94922959,-77.06588898,394288.48011257,142372.26655552,220567,,{0639A2BF-D327-2945-E063-782F520A104C},259191
-77.047415404151,38.9098213828898,PM3524410,0067 0065,3524410,,Hotel Palomar DC,,,2121 P ST NW,HPT IHG-3 PROPERTIES LLC,2,"2121 P Street, NW",WASHINGTON,DC,20037,2005,Hotel,249568,248450.0,54,ENERGYSTARSCORE,2019,Hotel,39,-11.55%,-11.55%,Does Not Meet BEPS,2023/05/04 04:00:00+00,38.90981359,-77.04741311,395887.76958771,137995.75750272,225942,,{0639A2BF-D328-2945-E063-782F520A104C},259192
-77.0329555572978,38.9080764941338,PM3524414,0211 0055,3524414,,Viceroy Washington DC,,,1430 RHODE ISLAND AVE NW,LHO WASHINGTON HOTEL FOUR LLC,2,"1430 Rhode Island Ave, NW",WASHINGTON,DC,20005,1963,Hotel,125764,136576.0,54,ENERGYSTARSCORE,2019,Hotel,89,,,Meets BEPS,2023/05/04 04:00:00+00,38.90806871,-77.03295326,397141.83026083,137801.50949526,279165,,{0639A2BF-D329-2945-E063-782F520A104C},259193
-77.0099098064779,38.8964037207593,PM3524416,0628 0876,3524416,,Hotel George,,,15 E ST NW,LHO WASHINGTON HOTEL SIX LLC,6,"15 E Street, NW",WASHINGTON,DC,20001,1927,Hotel,88704,88704.0,54,ENERGYSTARSCORE,2019,Hotel,1,-50.72%,-20.00%,Does Not Meet BEPS,2023/09/14 04:00:00+00,38.89639593,-77.00990752,399140.54000643,136505.26759398,237159,,{0639A2BF-D32A-2945-E063-782F520A104C},259194
-77.0226566053421,38.8986574490692,PM3529495,0429 0838,3529495,,Portrait Building,,,775 G ST NW,REGENCY PORTRAIT LLC,2,"701 8th Street, NW",WASHINGTON,DC,20001,2005,Office,111026,149062.0,71,ENERGYSTARSCORE,2019,Office_all,81,,,Meets BEPS,2023/05/04 04:00:00+00,38.89864966,-77.02265431,398034.8404191,136755.6467792,300405,,{0639A2BF-D32B-2945-E063-782F520A104C},259195
-77.0285007029086,38.8980523387755,PM3531245,0289 0831,3531245,,"1200 G Street, NW",,,1200 G ST NW,12TH & G STREETS ASSOCIATES,2,"1200 G Street, NW",WASHINGTON,DC,20005,1991,Office,269751,196325.0,71,ENERGYSTARSCORE,2019,Office_all,61,-14.11%,-14.11%,Does Not Meet BEPS,2023/09/14 04:00:00+00,38.89804455,-77.02849841,397527.87005333,136688.61677415,278917,,{0639A2BF-D32C-2945-E063-782F520A104C},259196
-77.0681953397002,38.9529064096065,PM3533286,2035 0004,3533286,,Ellicott House,,,4849 CONNECTICUT AVE NW,ELLICOTT OWNER LLC,3,4849 Connecticut Ave. NW,WASHINGTON,DC,20008,1976,Multifamily Housing,319415,240612.0,66,ENERGYSTARSCORE,2019,Multifamily Housing,76,,,Meets BEPS,2023/09/19 04:00:00+00,38.95289861,-77.06819303,394089.06014609,142779.70763417,220533,,{0639A2BF-D32D-2945-E063-782F520A104C},259197
-77.0290444232359,38.9050079456299,PM3540220,0282 0044,3540220,,Cambridge Apartments,,,1221 MASSACHUSETTS AVE NW,CAMBRIDGE APARTMENTS LIMITE PARTNERSHIP DC LIMITED PART,2,1221 Massachusetts Ave NW,WASHINGTON,DC,20005,1964,Multifamily Housing,177359,177359.0,66,ENERGYSTARSCORE,2019,Multifamily Housing,70,,,Meets BEPS,2023/05/04 04:00:00+00,38.90500016,-77.02904213,397480.95003034,137460.76027679,240918,,{0639A2BF-D32E-2945-E063-782F520A104C},259198
-77.0451504341142,38.9089992686264,PM3540346,0096 0814,3540346,,Bristol House,,,1400 20TH ST NW,BRISTOL ASSOCIATES,2,1400 20th St,WASHINGTON,DC,20036,1963,Multifamily Housing,158375,158375.0,66,ENERGYSTARSCORE,2019,Multifamily Housing,81,,,Meets BEPS,2023/05/04 04:00:00+00,38.90899148,-77.04514814,396084.16965028,137904.39696694,242670,,{0639A2BF-D32F-2945-E063-782F520A104C},259199
-77.0336021541243,38.9078793063905,PM3540424,0211 0041,3540424,,Windsor House,,,1444 RHODE ISLAND AVE NW,WINDSOR ASSOCIATES IV LP,2,1444 Rhode Island Ave NW,WASHINGTON,DC,20005,1963,Multifamily Housing,139901,139901.0,66,ENERGYSTARSCORE,2019,Multifamily Housing,85,,,Meets BEPS,2023/05/04 04:00:00+00,38.90787152,-77.03359986,397085.73996908,137779.64023776,279191,,{0639A2BF-D330-2945-E063-782F520A104C},259200
-77.0349195036165,38.936121999838,PM3541006,2689 0861,3541006,,Cromwell,,,1515 OGDEN ST NW,1515 ODGEN STREET LP,1,1515 Ogden St NW,WASHINGTON,DC,20010,1949,Multifamily Housing,156639,156632.0,66,ENERGYSTARSCORE,2019,Multifamily Housing,81,,,Meets BEPS,2023/05/04 04:00:00+00,38.93611421,-77.03491721,396972.6797398,140914.86048155,234803,,{0639A2BF-D331-2945-E063-782F520A104C},259201
-77.0370455741479,38.9310196447152,PM3541282,2608 1039,3541282,,Majestic Apartments,,,3200 16TH ST NW,AMBASSADOR INC,1,3200 16th St,WASHINGTON,DC,20010,1938,Multifamily Housing,126238,123810.0,66,ENERGYSTARSCORE,2019,Multifamily Housing,57,-6.08%,-6.08%,Does Not Meet BEPS,2023/09/19 04:00:00+00,38.93101185,-77.03704328,396788.11975528,140348.52681721,802301,,{0639A2BF-D332-2945-E063-782F520A104C},259202
-77.037235606329,38.9212354069852,PM3542046,2571 0104,3542046,,The Envoy,,,2400 16TH ST NW,ENVOY ASSOCIATES LTD PTSP,1,2400 16th Street NW,WASHINGTON,DC,20009,1918,Multifamily Housing,276099,276092.0,66,ENERGYSTARSCORE,2019,Multifamily Housing,91,,,Meets BEPS,2023/05/04 04:00:00+00,38.92122762,-77.03723331,396771.19999144,139262.40045554,235817,,{0639A2BF-D333-2945-E063-782F520A104C},259203
-77.0093190811804,38.9630690696286,PM3999186,3379 0820,3999186,,6031 Kansas Ave NW - Kansas Ave DG,,,6031 KANSAS AVE NW,KANSAS AVE DEVELOPMENT GROUP LLC,4,"6031 Kansas Avenue, NW",WASHINGTON,DC,20011,1948,Non-Refrigerated Warehouse,71562,71562.0,19,ENERGYSTARSCORE,2019,Warehouse_all,54,,,Meets BEPS,2023/06/02 04:00:00+00,38.96306127,-77.00931679,399192.54007668,143905.69010327,259606,,{0639A2BF-D334-2945-E063-782F520A104C},259204
-77.0117321959699,38.9650165894574,PM3999200,3373 0835,3999200,,6101 Blair Rd NW - Blair Rd DG,,,6205 BLAIR RD NW,BLAIR ROAD DEVELOPMENT GROUP LLC,4,"6101 Blair Road, NW",WASHINGTON,DC,20011,1964,Non-Refrigerated Warehouse,66741,66741.0,19,ENERGYSTARSCORE,2019,Warehouse_all,75,,,Meets BEPS,2023/05/04 04:00:00+00,38.96500879,-77.0117299,398983.43041628,144121.90715576,259604,,{0639A2BF-D335-2945-E063-782F520A104C},259205
-76.9737283732991,38.9206617643408,PM3999374,4259 0805,3999374,,Northeast Transfer Station,,,2222 ADAMS PLACE NE,WAIST MANAGEMENT OF MARYLAND AND DLY ADAMS PLACE LLC,5,2160 Queens Chapel Road NE,WASHINGTON,DC,20018,1960,Other - Public Services,56115,56115.0,229,WEATHERNORMALZEDSOUREUI_KBTUFT,2019,Other,20.7,,,Meets BEPS,2023/05/04 04:00:00+00,38.92065397,-76.9737261,402278.4397125,139198.38988898,51109,,{0639A2BF-D336-2945-E063-782F520A104C},259206
-77.0180807842824,38.974977723275,PM3999668,3187 3080,3999668,,Cedar Crossing Condominiums - 343 Cedar St. NW,,,343 CEDAR ST NW,CEDAR CROSSING CONDOMINIUM,4,343 Cedar Street NW,WASHINGTON,DC,20910,2005,Multifamily Housing,56610,56610.0,66,ENERGYSTARSCORE,2019,Multifamily Housing,40,-15.96%,-15.96%,Does Not Meet BEPS,2023/05/25 04:00:00+00,38.97496992,-77.01807849,398433.45004566,145227.77692831,295764,,{0639A2BF-D337-2945-E063-782F520A104C},259207
-77.0085971696222,38.8840757632053,PM3999702,0693 0086,3999702,,Democratic Properties Corporation,,,430 SOUTH CAPITOL ST SE,DEMOCRATIC PROPERTIES CORPORATION,6,"430 South Capitol Street, SE",WASHINGTON,DC,20003,1983,Office,77776,94163.0,71,ENERGYSTARSCORE,2019,Office_all,64,-10.32%,-10.32%,Does Not Meet BEPS,2023/05/04 04:00:00+00,38.88406798,-77.00859488,399254.28038002,135136.75716188,278491,,{0639A2BF-D338-2945-E063-782F520A104C},259208
-77.0225973030722,38.8995961408827,PM3999748,"0429 0836; 0429 0837",3999748,,Calvary Baptist Church,,,777 8TH ST NW,CALVARY BAPTIST CHURCH EXTENSION ASSN & CALVARY BAPTIST CHURCH CONGREG,2,755 8th St NW,WASHINGTON,DC,20001,1868,Mixed Use Property,60904,63975.0,229,WEATHERNORMALZEDSOUREUI_KBTUFT,2019,Other,156,,,Meets BEPS,2023/05/04 04:00:00+00,38.89958835,-77.02259501,398040.01021877,136859.84759919,295164,,{0639A2BF-D339-2945-E063-782F520A104C},259209
-77.0163018925839,38.8722981139406,PM3999777,0547 0024,3999777,,Channel Square Apartments,,,325 P ST SW,CHANNEL SQUARE HOUSING LLC,6,"325 P Street, SW",WASHINGTON,DC,20024,1968,Multifamily Housing,253231,281958.0,66,ENERGYSTARSCORE,2019,Multifamily Housing,95,,,Meets BEPS,2023/05/04 04:00:00+00,38.87229033,-77.01629961,398585.55962339,133829.43978469,276559,,{0639A2BF-D33A-2945-E063-782F520A104C},259210
-76.9962446630703,38.9395385805332,PM3999934,3820 0082,3999934,,Caterer,,,655 TAYLOR ST NE,MECO LLC,5,655 Taylor Street NE,WASHINGTON,DC,20017,1950,Non-Refrigerated Warehouse,89776,63447.0,19,ENERGYSTARSCORE,2019,Warehouse_all,19,,,Meets BEPS,2023/05/04 04:00:00+00,38.93953078,-76.99624238,400325.76985161,141293.55753084,288835,,{0639A2BF-D33B-2945-E063-782F520A104C},259211
-77.0808708644956,38.9518685835462,PM4000369,1734 3045,4000369,,Tenley Hill Condominiums - 4750 41st St. NW,,,4729 WISCONSIN AVE NW,TENLEY HILL CONDOMINIUM,3,4750 41st Street NW,WASHINGTON,DC,20016,2002,Multifamily Housing,71372,95921.0,66,ENERGYSTARSCORE,2019,Multifamily Housing,76,,,Meets BEPS,2023/09/25 04:00:00+00,38.95186079,-77.08086855,392990.2502256,142665.39723098,274858,,{0639A2BF-D33C-2945-E063-782F520A104C},259212
-77.0673878889014,38.9041017078913,PM4000444,1184 0049,4000444,,3333 K Street NW,,,3333 K ST NW,FRIENDS OF THE LEGAL SERVICES CORPORATION,2,"3333 K Street, NW",WASHINGTON,DC,20007,1989,Office,83956,68884.0,71,ENERGYSTARSCORE,2019,Office_all,40,-34.83%,-20.00%,Does Not Meet BEPS,2023/09/13 04:00:00+00,38.90409392,-77.06738558,394155.05035821,137361.91684634,273706,,{0639A2BF-D33D-2945-E063-782F520A104C},259213
-77.0304476696088,38.8964855000017,PM4000706,0254 0842,4000706,,National Theatre,,,1321 PENNSYLVANIA AVE NW,NATIONAL PLACE LAND COMPANY LLC,2,1325 Pennsylvania Avenue NW,WASHINGTON,DC,20004,1910,Performing Arts,57202,67481.0,240,WEATHERNORMALZEDSOUREUI_KBTUFT,2019,Public assembly,163,,,Meets BEPS,2023/05/04 04:00:00+00,38.89647771,-77.03044538,397358.91972274,136514.73959501,279066,,{0639A2BF-D33E-2945-E063-782F520A104C},259214
-77.0818734483495,38.9358455780993,PM4002851,1717 0804,4002851,,The Berkshire-Gables,,,4201 MASSACHUSETTS AVE NW,BERKSHIRE APARTMENTS LLC,3,4201 Massachusetts Ave NW,WASHINGTON,DC,20016,1952,Multifamily Housing,688692,604632.0,,,,,,,,Does Not Meet BEPS: Incomplete/Missing Report,2023/09/24 04:00:00+00,38.93583779,-77.08187114,392901.74975116,140886.77947369,294461,,{0639A2BF-D33F-2945-E063-782F520A104C},259215
-77.0305963952703,38.933081467811,PM4004685,2834 0863,4004685,,Holmead Apartments (hl093),,,3435 HOLMEAD PL NW,UIP-NYCB FIVE LP,1,3435 Holmead Pl NW,WASHINGTON,DC,20010,1950,Multifamily Housing,82702,102702.0,66,ENERGYSTARSCORE,2019,Multifamily Housing,69,,,Meets BEPS,2023/07/25 04:00:00+00,38.93307367,-77.0305941,397347.38001572,140577.19954629,230675,,{0639A2BF-D340-2945-E063-782F520A104C},259216
-77.0332601515481,38.9043354288948,PM4005190,0214 0108,4005190,,"1110 Vermont Avenue, NW",,,1110 VERMONT AVE NW,EPIC VERMONT LLC,2,"1110 Vermont Ave, NW",WASHINGTON,DC,20005,1979,Office,383395,318497.0,71,ENERGYSTARSCORE,2019,Office_all,75,,,Meets BEPS,2023/05/04 04:00:00+00,38.90432764,-77.03325786,397115.25977351,137386.22988193,240248,,{0639A2BF-D341-2945-E063-782F520A104C},259217
-77.0053425926935,38.8767602428481,PM3632062,0743N 0077,3632062,,100 M Street SE,,,100 M ST SE,SQUARE 743 INC,6,100 M Street SE,WASHINGTON,DC,20003,2008,Office,270134,256777.0,71,ENERGYSTARSCORE,2019,Office_all,82,,,Meets BEPS,2023/05/04 04:00:00+00,38.87675246,-77.00534031,399536.60990546,134324.65705117,76100,,{0639A2BF-D342-2945-E063-782F520A104C},259218
-77.0555677322677,38.9299005900798,PM3632093,2106 0003,3632093,,Cathedral Mansions,Not Applicable: Standalone Property,Not Applicable: Standalone Property,3000 CONNECTICUT AVE NW,COLUMBIA REALTY VENTURE LLC,3,"3000 Connecticut Ave, NW",WASHINGTON,DC,20008,1925,Multifamily Housing,193757,185551.0,110,WEATHERNORMALZEDSOUREUI_KBTUFT,2019,Multifamily Housing,96.9,,,Meets BEPS,2023/05/04 04:00:00+00,38.9298928,-77.05556543,395182.05996534,140225.11722987,219893,,{0639A2BF-D343-2945-E063-782F520A104C},259219
-77.0193907339325,38.8965552143756,PM3632444,0488 0843,3632444,,Keck Center,,,500 5TH ST NW,NAS TITLE HOLDING LLC,2,500 Fifith Street NW,WASHINGTON,DC,20001,2002,Office,373035,373035.0,71,ENERGYSTARSCORE,2019,Office_all,67,-6.18%,-6.18%,Does Not Meet BEPS,2023/09/19 04:00:00+00,38.89654743,-77.01938844,398318.0903963,136522.2172667,,,{0639A2BF-D344-2945-E063-782F520A104C},259220
-77.0373857556785,38.9065129145298,PM3632510,0182 0083,3632510,,The University of California Washington Center,,,1608 RHODE ISLAND AVE NW,THE REGENTS OF THE UNIVERSITY OF CALIFORNIA,2,1608 Rhode Island Ave. NW,WASHINGTON,DC,20036,2001,Residence Hall/Dormitory,184556,158819.0,56,ENERGYSTARSCORE,2019,Reshall_all,55,,,Does Not Meet BEPS,2023/09/14 04:00:00+00,38.90650513,-77.03738346,396757.51000901,137628.08739805,279253,,{0639A2BF-D345-2945-E063-782F520A104C},259221
-77.0393680411646,38.9093401910791,PM3632808,0157 2150,3632808,,Webster House Condominium,,,1718 P ST NW,WEBSTER HOUSE CONDO,2,1718 P Street NW,WASHINGTON,DC,20036,1967,Multifamily Housing,101476,130864.0,66,ENERGYSTARSCORE,2019,Multifamily Housing,80,,,Meets BEPS,2023/07/26 04:00:00+00,38.9093324,-77.03936574,396585.71041603,137942.00972591,238113,,{0639A2BF-D346-2945-E063-782F520A104C},259222
-77.0368107054573,38.9322582712787,PM3633445,2609 0858,3633445,,Park Monroe,,,3300 16TH ST NW,3300 LLC,1,3300 16th Street NW,WASHINGTON,DC,20010,1964,Multifamily Housing,110000,105291.0,66,ENERGYSTARSCORE,2019,Multifamily Housing,71,,,Meets BEPS,2023/06/01 04:00:00+00,38.93225048,-77.03680841,396808.53986875,140486.01722732,233596,,{0639A2BF-D347-2945-E063-782F520A104C},259223
-77.0557817797827,38.910286842649,PM3634687,1266 0304,3634687,,Kew Gardens,Not Applicable: Standalone Property,Not Applicable: Standalone Property,2700 Q ST NW,KEW BUILDING LLC,2,2700 Q St NW,WASHINGTON,DC,20007,1925,Multifamily Housing,120054,118500.0,66,ENERGYSTARSCORE,2019,Multifamily Housing,60,-4.16%,-4.16%,Does Not Meet BEPS,2023/09/14 04:00:00+00,38.91027905,-77.05577948,395162.1698477,138047.83750507,272707,,{0639A2BF-D348-2945-E063-782F520A104C},259224
-77.0349731279444,38.9081238229967,PM3635119,0195 0145,3635119,,Holiday Inn Washington DC Central / White House,,,1501 RHODE ISLAND AVE NW,RHODE ISLAND ASSOCIATES LLC,2,"1501 Rhode Island Avenue, NW",WASHINGTON,DC,20005,1968,Hotel,143175,123815.0,54,ENERGYSTARSCORE,2019,Hotel,68,,,Meets BEPS,2023/05/04 04:00:00+00,38.90811603,-77.03497083,396966.84026181,137806.82750411,242311,,{0639A2BF-D349-2945-E063-782F520A104C},259225
-77.0054671720565,38.9068345383585,PM3635922,0711 0815,3635922,,One Constitution Square - Including Retail,,,1275 1ST ST NE,WASHINGTON DC IV FGF LLC,6,1275 First Street NE,WASHINGTON,DC,20002,2010,Office,350000,367229.0,71,ENERGYSTARSCORE,2019,Office_all,91,,,Meets BEPS,2023/09/14 04:00:00+00,38.90682675,-77.00546489,399525.99968776,137663.1401124,303729,,{0639A2BF-D34A-2945-E063-782F520A104C},259226
-76.9852217063176,38.9375178576619,PM3635979,PAR 01460072,3635979,,Franciscan Monastery USA Inc.,,,1400 QUINCY ST NE,FRANCISCAN MONASTERY USA INC,5,"1400 Quincy Street, NE",WASHINGTON,DC,20017,1898,Worship Facility,128839,136997.0,140,WEATHERNORMALZEDSOUREUI_KBTUFT,2019,Worship Facility,79.1,,,Meets BEPS,2023/05/04 04:00:00+00,38.93751006,-76.98521943,401281.44957459,141069.33684996,289607,,{0639A2BF-D34B-2945-E063-782F520A104C},259227
-77.0105695332946,38.8964135901388,PM3636028,0628 0859,3636028,,Capital Plaza,,,35 E ST NW,CAPITAL PLAZA PROPERTIES LLC,6,"35 E St., NW",WASHINGTON,DC,20001,1949,Multifamily Housing,82478,58300.0,66,ENERGYSTARSCORE,2019,Multifamily Housing,63,-2.14%,-2.14%,Does Not Meet BEPS,2023/09/19 04:00:00+00,38.8964058,-77.01056725,399083.30971242,136506.36966039,237157,,{0639A2BF-D34C-2945-E063-782F520A104C},259228
-77.0168931399939,38.9028164221656,PM3636890,0515 0157,3636890,,Parcel One Phase One Associates,,,409 K ST NW,PARCEL ONE PHASE ONE ASSOCIATES,6,"401 K Street, NW",WASHINGTON,DC,20001,1980,Multifamily Housing,237792,241205.0,66,ENERGYSTARSCORE,2019,Multifamily Housing,91,,,Meets BEPS,2023/05/04 04:00:00+00,38.90280863,-77.01689085,398534.88008879,137217.21755252,237561,,{0639A2BF-D34D-2945-E063-782F520A104C},259229
-77.002696931883,38.8951749994751,PM3636920,0755 0853,3636920,,The Heritage Foundation 214 Building,,,214 MASSACHUSETTS AVENUE NE,THE HERITAGE FOUNDATION,6,"214 Massachusets Ave, NE",WASHINGTON,DC,20002,1927,Office,76589,77925.0,71,ENERGYSTARSCORE,2019,Office_all,72,,,Meets BEPS,2023/05/04 04:00:00+00,38.89516721,-77.00269465,399766.23980922,136368.82673887,286678,,{0639A2BF-D34E-2945-E063-782F520A104C},259230
-77.0029500805844,38.8953358828029,PM3636985,0755 0003,3636985,,The Heritage Foundation 208 Building,,,208 MASSACHUSETTS AVE NE,THE HERITAGE FOUNDATION,6,208 Massachusetts Ave NE,WASHINGTON,DC,20002,1926,Other,63291,59747.0,229,WEATHERNORMALZEDSOUREUI_KBTUFT,2019,Other,150.1,,,Meets BEPS,2023/05/04 04:00:00+00,38.8953281,-77.0029478,399744.2796889,136386.68748209,286606,,{0639A2BF-D34F-2945-E063-782F520A104C},259231
-77.0460003771219,38.9064611050265,PM3637484,0099 0835,3637484,,Hamilton House,,,1255 NEW HAMPSHIRE AVE NW,GBSK LLC,2,1255 New Hampshire Ave NW,WASHINGTON,DC,20036,1966,Multifamily Housing,187468,187468.0,66,ENERGYSTARSCORE,2019,Multifamily Housing,80,,,Meets BEPS,2023/05/04 04:00:00+00,38.90645332,-77.04599808,396010.30990181,137622.67730612,242554,,{0639A2BF-D350-2945-E063-782F520A104C},259232
-77.0619803963533,38.9407252560564,PM3639738,"2059 0006; 2059 0007; 2059 0801",3639738,,Tilden Gardens,3639738,Tilden Gardens,3000 TILDEN ST NW,TILDEN GARDENS INC,3,3000 Tilden Street NW,WASHINGTON,DC,20008,1929,Multifamily Housing,91070,264773.0,66,ENERGYSTARSCORE,2019,Multifamily Housing,91,,,Meets BEPS,2023/05/04 04:00:00+00,38.94071746,-77.06197809,394626.85008864,141427.10678179,301517,,{0639A2BF-D351-2945-E063-782F520A104C},259233
-77.0144544767832,38.9022092438466,PM3639762,0560 0841,3639762,,Carmel Plaza North Associates,,,200 K ST NW,CARMEL PLAZA NORTH ASSOCIATES LLP,6,"200 K Street, NW",WASHINGTON,DC,20001,1987,Multifamily Housing,171068,145718.0,66,ENERGYSTARSCORE,2019,Multifamily Housing,64,-1.44%,-1.44%,Does Not Meet BEPS,2023/09/19 04:00:00+00,38.90220146,-77.01445219,398746.39987953,137149.78047253,238362,,{0639A2BF-D352-2945-E063-782F520A104C},259234
-77.0254958405496,38.9054565521383,PM3639769,0369 0068,3639769,,Mount Vernon Plaza Associates,,,930 M ST NW,MOUNT VERNON PLAZA ASSOCIATES & DISTRICT OF COLUMBIA,2,"930 M Street, NW",WASHINGTON,DC,20001,1989,Multifamily Housing,219559,233217.0,66,ENERGYSTARSCORE,2019,Multifamily Housing,65,-0.72%,-0.72%,Does Not Meet BEPS,2023/09/19 04:00:00+00,38.90544876,-77.02549355,397788.75989059,137510.46657907,239802,,{0639A2BF-D353-2945-E063-782F520A104C},259235
-77.0273040042506,38.8959720525289,PM3641710,0322 0813,3641710,,Hotel Harrington,,,436 11TH ST NW,HARRINGTON HOTEL COMPANY INC,2,"436 11th Street, N. W.",WASHINGTON,DC,20004,1914,Hotel,100484,144799.0,54,ENERGYSTARSCORE,2019,Hotel,20,-25.60%,-20.00%,Does Not Meet BEPS,2023/09/14 04:00:00+00,38.89596427,-77.02730171,397631.61021329,136457.65742591,300863,,{0639A2BF-D354-2945-E063-782F520A104C},259236
-77.0477733678995,38.8930709318996,PM3641737,0088 0058,3641737,,NAS Bldg,,,2101 CONSTITUTION AVE NW,NATIONAL ACADEMY OF SCIENCES,2,2101 Constitution Ave NW,WASHINGTON,DC,22048,1924,Office,109303,173970.0,71,ENERGYSTARSCORE,2019,Office_all,57,-18.73%,-18.73%,Does Not Meet BEPS,2023/09/13 04:00:00+00,38.89306315,-77.04777107,395855.74999239,136136.34034613,242716,,{0639A2BF-D355-2945-E063-782F520A104C},259237
-77.0543599940855,38.9043364076122,PM3642070,0014 1002,3642070,,The Westbridge Condominiums,,,2555 PENNSYLVANIA AVE NW,WESTBRIDGE CONDOMINIUM,2,2555 Pennsylvania Ave NW,WASHINGTON,DC,20037,1978,Multifamily Housing,178757,254818.0,66,ENERGYSTARSCORE,2019,Multifamily Housing,26,-23.76%,-20.00%,Does Not Meet BEPS,2023/05/31 04:00:00+00,38.90432862,-77.05435769,395285.09029114,137387.21693667,274805,,{0639A2BF-D356-2945-E063-782F520A104C},259238
-77.0823708606457,38.949081005345,PM3644264,1676 0015,3644264,,Episcopal Church Home Friendship INC,,,4201 BUTTERWORTH PL NW,EPISCOPAL CHURCH HOME FRIENDSHIP INC,3,"4201 Butterworth PL, NW",WASHINGTON,DC,20016,1969,Multifamily Housing,113755,113755.0,66,ENERGYSTARSCORE,2019,Multifamily Housing,54,-7.94%,-7.94%,Does Not Meet BEPS,2023/09/19 04:00:00+00,38.94907321,-77.08236855,392859.94986599,142356.06696308,266144,,{0639A2BF-D357-2945-E063-782F520A104C},259239
-77.0571364126603,38.9249540876194,PM3644356,2132 0030,3644356,,The Delano,,,2745 29TH ST NW,DELANO LLC,3,"2745 29th Street, NW",WASHINGTON,DC,20008,1941,Multifamily Housing,151582,98663.0,66,ENERGYSTARSCORE,2019,Multifamily Housing,62,-2.82%,-2.82%,Does Not Meet BEPS,2023/05/04 04:00:00+00,38.9249463,-77.05713411,395045.69998339,139676.09738584,220365,,{0639A2BF-D358-2945-E063-782F520A104C},259240
-77.0551693040185,38.962398795514,PM3662818,2308 0809,3662818,,St John's College High School,,,2607 MILITARY RD NW,DISTRICT OF COLUMBIA,4,2607 Military Rd NW,WASHINGTON,DC,20015,1961,Other - Education,265085,265000.0,110,WEATHERNORMALZEDSOUREUI_KBTUFT,2019,Education,111.6,-1.43%,-1.43%,Does Not Meet BEPS,2023/05/04 04:00:00+00,38.962391,-77.055167,395218.78695526,143832.68735486,259840,,{0639A2BF-D359-2945-E063-782F520A104C},259241
-77.0039451463849,38.9123112048532,PM3662992,PAR 01170021,3662992,,CubeSmart - #594,,,1629 ECKINGTON PL NE,R STREET STORAGE ASSOCIATES,5,175 R Street NE,WASHINGTON,DC,20002,1924,Self-Storage Facility,116951,141310.0,21,WEATHERNORMALZEDSOUREUI_KBTUFT,2019,Nonrefrigerated warehouse (Self-Storage Facility),18.7,,,Meets BEPS,2023/05/04 04:00:00+00,38.91230341,-77.00394286,399658.04007527,138271.0875203,300028,,{0639A2BF-D35A-2945-E063-782F520A104C},259242
-77.0109508638558,38.9632161860742,PM3663542,3377E 0807,3663542,,0662-Washington DC - Blair RD. N.w.,,,6011 BLAIR RD NW,EXTRA SPACE OF WASHINGTON DC BLAIR LLC,4,6011 Blair Road Nw,WASHINGTON,DC,20011,2009,Self-Storage Facility,51000,100039.0,21,WEATHERNORMALZEDSOUREUI_KBTUFT,2019,Nonrefrigerated warehouse (Self-Storage Facility),23.9,-12.13%,-12.13%,Does Not Meet BEPS,2023/09/18 04:00:00+00,38.96320839,-77.01094857,399051.12026376,143922.03749433,259369,,{0639A2BF-D35B-2945-E063-782F520A104C},259243
-77.0329301061874,38.91662972265,PM3663625,0205 0058,3663625,,"0776-Washington - U Street, NW",,,1420 U ST NW,STORAGE PORTFOLIO LLC,2,1420 U Street Nw,WASHINGTON,DC,20009,2009,Self-Storage Facility,189805,103567.0,21,WEATHERNORMALZEDSOUREUI_KBTUFT,2019,Nonrefrigerated warehouse (Self-Storage Facility),21.2,,,Meets BEPS,2023/08/12 04:00:00+00,38.91662193,-77.03292781,397144.38011958,138750.98674145,279151,,{0639A2BF-D35C-2945-E063-782F520A104C},259244
-77.0017413874329,38.9030954394859,PM3668050,0774 0058,3668050,,TWC Residential Academic Facility,,,1013 3RD ST NE,THE WASHINGTON CENTER FOR INTERNSHIPS AND ACADEMIC SEMINARS,6,"1005 3rd Street, NW",WASHINGTON,DC,20002,2010,Residence Hall/Dormitory,140908,140908.0,56,ENERGYSTARSCORE,2019,Reshall_all,66,,,Meets BEPS,2023/05/04 04:00:00+00,38.90308765,-77.0017391,399849.15027453,137248.05691894,,,{0639A2BF-D35D-2945-E063-782F520A104C},259245
-77.0741915731025,38.941494757263,PM3669814,1825 0818,3669814,,3720 Upton,,,3720 UPTON ST NW,SIDWELL FRIENDS SCHOOL,3,3720 Upton St NW,WASHINGTON,DC,20016,1988,Office,112905,157000.0,71,ENERGYSTARSCORE,2019,Office_all,15,-54.72%,-20.00%,Does Not Meet BEPS,2023/05/04 04:00:00+00,38.94148696,-77.07418926,393568.28033983,141513.31761415,222233,,{0639A2BF-D35E-2945-E063-782F520A104C},259246
-77.0190974384715,38.9756580434418,PM3671428,3187 0053,3671428,,Gables Takoma Park,,,7041 BLAIR RD NW,L G TAKOMA PARK LP,4,7035 Blair Rd,WASHINGTON,DC,20012,2008,Multifamily Housing,199880,131426.0,66,ENERGYSTARSCORE,2019,Multifamily Housing,85,,,Meets BEPS,2023/09/19 04:00:00+00,38.97565024,-77.01909514,398345.37037758,145303.3169207,307022,,{0639A2BF-D35F-2945-E063-782F520A104C},259247
-77.0483176087676,38.9040334094324,PM3672429,0072 0858,3672429,,The Savoy Apartments (sv026),,,1101 NEW HAMPSHIRE AVE NW,"HORNSTEIN, DAVID",2,"1101 New Hampshire Ave, NW",WASHINGTON,DC,20037,1964,Multifamily Housing,161623,161623.0,66,ENERGYSTARSCORE,2019,Multifamily Housing,75,,,Meets BEPS,2023/05/04 04:00:00+00,38.90402562,-77.04831531,395809.17999456,137353.28675305,242480,,{0639A2BF-D360-2945-E063-782F520A104C},259248
-77.0519465209149,38.9002017684897,PM3672603,0030 0818,3672603,,The Elise Apartments,,,825 NEW HAMPSHIRE AVE NW,"LEFKOWITZ, ELISE G",2,"825 New Hampshire Ave, NW",WASHINGTON,DC,20037,1956,Multifamily Housing,107947,107947.0,66,ENERGYSTARSCORE,2019,Multifamily Housing,78,,,Meets BEPS,2023/05/04 04:00:00+00,38.90019398,-77.05194422,395494.17010313,136928.11675684,277518,,{0639A2BF-D361-2945-E063-782F520A104C},259249
-77.0326809571254,38.9089023754553,PM3672674,0210 0126,3672674,,Newport West Apartments,,,1415 RHODE ISLAND AVE NW,ESTELLE S GELMAN CO TRUSTEE,2,1415 Rhode Island Ave NW Ofc 105,WASHINGTON,DC,20005,1967,Multifamily Housing,116324,116324.0,66,ENERGYSTARSCORE,2019,Multifamily Housing,79,,,Meets BEPS,2023/05/04 04:00:00+00,38.90889459,-77.03267866,397165.68024887,137893.18036819,240225,,{0639A2BF-D362-2945-E063-782F520A104C},259250
-77.0323057201793,38.9074914122584,PM3672756,0211 0037,3672756,,The Seville Apartments,,,1401 N ST NW,ELAINE G MILLER PR,2,1401 N St NW,WASHINGTON,DC,20005,1965,Multifamily Housing,115656,115656.0,66,ENERGYSTARSCORE,2019,Multifamily Housing,68,,,Meets BEPS,2023/05/04 04:00:00+00,38.90748362,-77.03230343,397198.16966375,137736.53958317,217999,,{0639A2BF-D363-2945-E063-782F520A104C},259251
-77.0330311809657,38.9000888371173,PM3672853,0222 0022,3672853,,15th and H Street Associates LLP,,,1428 H ST NW,15TH AND H STREET ASSOCIATES LLP,2,733 15th Street NW,WASHINGTON,DC,20005,1911,Multifamily Housing,230141,230129.0,66,ENERGYSTARSCORE,2019,Multifamily Housing,17,-29.30%,-20.00%,Does Not Meet BEPS,2023/09/25 04:00:00+00,38.90008105,-77.03302889,397134.94975171,136914.81698516,279921,,{0639A2BF-D364-2945-E063-782F520A104C},259252
-77.0449985872142,38.9181342336112,PM3672855,2535 0039,3672855,,Gelmarc Towers Apartments,,,1930 COLUMBIA RD NW,"HORNSTEIN, DAVID",1,1930 Columbia Rd NW,WASHINGTON,DC,20009,1950,Multifamily Housing,127257,127257.0,66,ENERGYSTARSCORE,2019,Multifamily Housing,83,,,Meets BEPS,2023/06/12 04:00:00+00,38.91812644,-77.04499629,396097.83987464,138918.44661851,284153,,{0639A2BF-D365-2945-E063-782F520A104C},259253
-77.0043290937769,38.8780065063482,PM3673287,0741 0816,3673287,,Capitol Hill Tower Housing Cooperative-SV,,,1000 NEW JERSEY AVE SE,CAPITOL HILL TOWER HOUSING COOPERATIVE INCF,6,"1000 New Jersey Ave, SE",WASHINGTON,DC,20003,2006,Multifamily Housing,407026,425000.0,66,ENERGYSTARSCORE,2019,Multifamily Housing,85,,,Meets BEPS,2023/05/04 04:00:00+00,38.87799872,-77.00432681,399624.56002024,134462.99669473,299772,,{0639A2BF-D366-2945-E063-782F520A104C},259254
-77.0217316054781,38.9054851488211,PM3679816,0449 0059,3679816,,McCollough Paradise Gardens Apartments,,,1127 7TH ST NW,BISHOP S C MADISON TRUSTEE,6,1100-1119 McCollough Court NW,WASHINGTON,DC,20001,1982,Multifamily Housing,232208,235784.0,,,,,,,,Does Not Meet BEPS: Incomplete/Missing Report,2023/06/01 04:00:00+00,38.90547736,-77.02172931,398115.26041971,137513.55696341,278812,,{0639A2BF-D367-2945-E063-782F520A104C},259255
-77.0419176332478,38.9060532116735,PM3680293,0139 0810,3680293,,The Ring Building,,,1208 18TH ST NW,RING ASSOCIATES LLC,2,1200 18th Street NW,WASHINGTON,DC,20036,1946,Office,192584,185000.0,71,ENERGYSTARSCORE,2019,Office_all,58,-17.61%,-17.61%,Does Not Meet BEPS,2023/05/04 04:00:00+00,38.90604542,-77.04191534,396364.40967786,137577.22657614,241292,,{0639A2BF-D368-2945-E063-782F520A104C},259256
-77.0177417001166,38.9034866891669,PM3680678,0515 2876,3680678,,City Vista-Gables,,,460 L ST NW,CITY VISTA 5TH STREET LLC,6,460 L Street NW,WASHINGTON,DC,20001,2007,Multifamily Housing,357006,225665.0,66,ENERGYSTARSCORE,2019,Multifamily Housing,57,-6.08%,-6.08%,Does Not Meet BEPS,2023/05/04 04:00:00+00,38.9034789,-77.01773941,398461.29007302,137291.63689689,304765,,{0639A2BF-D369-2945-E063-782F520A104C},259257
-77.0085259842843,38.8998644107712,PM3680848,0677 0142,3680848,,Center for Public Administration and Service,,,777 NORTH CAPITOL ST NE,CENTER PUBLIC ADMINISTRATION,6,777 North Capitol Street NE,WASHINGTON,DC,20002,1989,Office,300000,244307.0,71,ENERGYSTARSCORE,2019,Office_all,59,-16.48%,-16.48%,Does Not Meet BEPS,2023/09/14 04:00:00+00,38.89985662,-77.0085237,399260.61983522,136889.41967588,79340,,{0639A2BF-D36A-2945-E063-782F520A104C},259258
-77.0736361933002,38.9253271148025,PM3681481,1932 0806,3681481,,Wisconsin House,,,2712 WISCONSIN AVE NW,MARY E SMITH TRUSTEE,3,"2712 Wisconsin Avenue, NW",WASHINGTON,DC,20007,1957,Multifamily Housing,113689,99990.0,66,ENERGYSTARSCORE,2019,Multifamily Housing,59,-4.81%,-4.81%,Does Not Meet BEPS,2023/09/19 04:00:00+00,38.92531932,-77.07363389,393614.97959078,139718.53052866,262665,,{0639A2BF-D36B-2945-E063-782F520A104C},259259
-77.0497744174354,38.9034060234732,PM3682457,0052 0805,3682457,,One Washington Circle,,,1 WASHINGTON CIR NW,GEORGE WASHINGTON UNIVERSITY,2,1 Washington Circle,WASHINGTON,DC,20037,1963,Hotel,128480,102730.0,54,ENERGYSTARSCORE,2019,Hotel,49,-4.03%,-4.03%,Does Not Meet BEPS,2023/09/14 04:00:00+00,38.90339824,-77.04977212,395682.77984334,137283.71039457,242366,,{0639A2BF-D36C-2945-E063-782F520A104C},259260
-77.0408566109028,38.9095081811188,PM3685740,0157 0113,3685740,,Gables Dupont Circle,,,1750 P STREET NW,DUPONT CIRCLE-GABLES,2,1750 P St NW,WASHINGTON,DC,20036,1998,Multifamily Housing,91847,91847.0,66,ENERGYSTARSCORE,2019,Multifamily Housing,17,-29.30%,-20.00%,Does Not Meet BEPS,2023/09/15 04:00:00+00,38.90950039,-77.04085431,396456.61135222,137960.71471912,238156,,{0639A2BF-D36D-2945-E063-782F520A104C},259261
-77.0323014180273,38.8997741359119,PM3685967,0222 0024,3685967,,1401 New York Ave,,,1401 NEW YORK AVE NW,1401 NYA REO LLC,2,1401 New York Ave NW,WASHINGTON,DC,20005,1982,Office,278364,233081.0,71,ENERGYSTARSCORE,2019,Office_all,80,,,Meets BEPS,2023/05/04 04:00:00+00,38.89976635,-77.03229912,397198.24038568,136879.86011472,279128,,{0639A2BF-D36E-2945-E063-782F520A104C},259262
-77.0300689803747,38.9065881746396,PM3686122,0245 0027,3686122,,Sutton Plaza,,,1230 13TH ST NW,1230 LLC,2,"1230 13th Street, NW",WASHINGTON,DC,20005,1963,Multifamily Housing,120787,120786.0,66,ENERGYSTARSCORE,2019,Multifamily Housing,72,,,Meets BEPS,2023/05/04 04:00:00+00,38.90658039,-77.03006669,397392.13974617,137636.20741794,240627,,{0639A2BF-D36F-2945-E063-782F520A104C},259263
-76.9545656102228,38.8846447982203,PM3686127,5440 0805,3686127,,Stoneridge I (st493),,,340 ANACOSTIA RD SE,SOUSA ASSOCIATES LTD ASSOCIATES,7,324 Anacostia Road S.E.,WASHINGTON,DC,20019,1974,Multifamily Housing,109280,105608.0,66,ENERGYSTARSCORE,2019,Multifamily Housing,28,-22.62%,-20.00%,Does Not Meet BEPS,2023/09/19 04:00:00+00,38.88463701,-76.95456334,403942.20015388,135200.86984126,298645,,{0639A2BF-D370-2945-E063-782F520A104C},259264
-77.0100112718986,38.8834231731185,PM3687817,0640 0069,3687817,,499 S Capitol Street SW,,,499 SOUTH CAPITOL ST SW,WASHINGTON DC VII FGF LLC,6,499 S Capitol St SW,WASHINGTON,DC,20003,1978,Office,278599,203031.0,71,ENERGYSTARSCORE,2019,Office_all,39,-35.66%,-20.00%,Does Not Meet BEPS,2023/09/01 04:00:00+00,38.88341539,-77.01000899,399131.57967514,135064.32715111,276662,,{0639A2BF-D371-2945-E063-782F520A104C},259265
-77.0312999440123,38.9010357411162,PM3688013,0250 0857,3688013,,1350 I Street NW,,,1350 I ST NW,1350 EYE CO-TENANT LLC,2,1350 I Street NW,WASHINGTON,DC,20005,1989,Office,156951,397753.0,71,ENERGYSTARSCORE,2019,Office_all,74,,,Meets BEPS,2023/05/04 04:00:00+00,38.90102795,-77.03129765,397285.16005758,137019.8775695,240651,,{0639A2BF-D372-2945-E063-782F520A104C},259266
-76.9985690472529,38.9313253943345,PM3697476,PAR 01330002,3697476,,Dominican House of Studies,,,487 MICHIGAN AVE NE,DOMINICAN HOUSE OF STUDIES,5,487 Michigan Ave NE,WASHINGTON,DC,20017,1902,Residence Hall/Dormitory,95244,121993.0,56,ENERGYSTARSCORE,2019,Reshall_all,65,,,Meets BEPS,2023/05/04 04:00:00+00,38.9313176,-76.99856676,400124.27019498,140381.81702561,288291,,{0639A2BF-D373-2945-E063-782F520A104C},259267
-77.0412622900948,38.9113910707545,PM3698501,0155 2131,3698501,,Imperial House Condominium,,,1601 18TH ST NW,IMPERIAL HOUSE CONDO,2,"1601 18th Street, NW",WASHINGTON,DC,20009,1962,Multifamily Housing,83272,100250.0,66,ENERGYSTARSCORE,2019,Multifamily Housing,72,,,Meets BEPS,2023/05/04 04:00:00+00,38.91138328,-77.04125999,396421.52026123,138169.74680006,226390,,{0639A2BF-D374-2945-E063-782F520A104C},259268
-77.0684939441407,38.9517404021535,PM3757568,1978 3013,3757568,,The Essex Condo,,,4740 CONNECTICUT AVE NW,THE ESSEX CONDO,3,4740 Connecticut Ave NW,WASHINGTON,DC,20008,1956,Multifamily Housing,170143,170143.0,66,ENERGYSTARSCORE,2019,Multifamily Housing,53,-8.55%,-8.55%,Does Not Meet BEPS,2023/09/13 04:00:00+00,38.95173261,-77.06849164,394063.07966293,142650.29043458,223267,,{0639A2BF-D375-2945-E063-782F520A104C},259269
-76.9833588308084,38.8993630325549,PM3760909,4509 0157,3760909,,Pentacle Apartments (pn118),,,1501 BENNING RD NE,PENTACLE LIMITED PARTNERSHIP,6,"1521 Benning Road, NE",WASHINGTON,DC,20002,1977,Multifamily Housing,181010,179197.0,66,ENERGYSTARSCORE,2019,Multifamily Housing,89,,,Meets BEPS,2023/09/19 04:00:00+00,38.89935524,-76.98335655,401443.73021636,136833.85957075,295843,,{0639A2BF-D376-2945-E063-782F520A104C},259270
-77.0455422447653,38.9173569732429,PM3761665,2535 1115,3761665,,The Wyoming Condominium - 2022 Columbia Rd.,,,2022 COLUMBIA RD NW,THE WYOMING HOUSE,1,2022 Columbia Road NW,WASHINGTON,DC,20009,1898,Multifamily Housing,118584,122062.0,66,ENERGYSTARSCORE,2019,Multifamily Housing,82,,,Meets BEPS,2023/05/04 04:00:00+00,38.91734918,-77.04553995,396050.64965171,138832.18763986,226185,,{0639A2BF-D377-2945-E063-782F520A104C},259271
-77.0387561843705,38.900898578155,PM3761920,0165 0814,3761920,,818 Connecticut,,,818 CONNECTICUT AVE NW,818 CONNECTICUT LLC,2,818 Connecticut Ave NW,WASHINGTON,DC,20006,1977,Office,93196,101789.0,71,ENERGYSTARSCORE,2019,Office_all,40,-34.83%,-20.00%,Does Not Meet BEPS,2023/09/14 04:00:00+00,38.90089079,-77.03875389,396638.37988808,137004.89986434,218771,,{0639A2BF-D378-2945-E063-782F520A104C},259272
-77.0196522391045,38.9017878578094,PM3762115,0484 0836,3762115,,132-HXDC,,,901 6TH ST NW,HHLP DC CONVENTION CENTER ASSOCIATES LLC,6,599 Massachusetts Ave.,WASHINGTON,DC,20001,2005,Hotel,161193,172236.0,54,ENERGYSTARSCORE,2019,Hotel,94,,,Meets BEPS,2023/06/15 04:00:00+00,38.90178007,-77.01964995,398295.52994264,137103.08700167,809776,,{0639A2BF-D379-2945-E063-782F520A104C},259273
-77.0031243232111,38.8862515896673,PM3762120,0762 0841,3762120,,144-Capitol Hill Hotel,,,200 C ST SE,HHLP CAPITOL HILL ASSOCIATES LLC,6,200 C Street Southeast,WASHINGTON,DC,20003,1980,Hotel,88653,97427.0,54,ENERGYSTARSCORE,2019,Hotel,65,,,Meets BEPS,2023/05/04 04:00:00+00,38.8862438,-77.00312204,399729.12996009,135378.25951594,278017,,{0639A2BF-D37A-2945-E063-782F520A104C},259274
-77.0183128858743,38.902787462558,PM3767625,0515 2898,3767625,,The K @ City Vista (Resi & Comm),,,475 K ST NW,THE K @ CITY VISTA CONDO,6,475 K ST NW,WASHINGTON,DC,20001,2008,Multifamily Housing,257730,324296.0,66,ENERGYSTARSCORE,2019,Multifamily Housing,30,-21.49%,-20.00%,Does Not Meet BEPS,2023/07/12 04:00:00+00,38.90277967,-77.0183106,398411.72969323,137214.02650251,304766,,{0639A2BF-D37B-2945-E063-782F520A104C},259275
-77.032953152858,38.9098595258035,PM3768467,0209 0103,3768467,,The Hudson,,,1425 P ST NW,1425 P STREET LLC,2,1425 P St NW,WASHINGTON,DC,20005,2003,Multifamily Housing,121250,121250.0,66,ENERGYSTARSCORE,2019,Multifamily Housing,74,,,Meets BEPS,2023/09/14 04:00:00+00,38.90985174,-77.03295086,397142.10986632,137999.44034997,285512,,{0639A2BF-D37C-2945-E063-782F520A104C},259276
-77.0544817985856,38.9235829645579,PM3770872,2132 1086,3770872,,Shoreham North Condo,,,2501 CALVERT ST NW,SHOREHAM NORTH CONDOMINIUM,3,"2501 Calvert St, NW",WASHINGTON,DC,20008,1972,Multifamily Housing,103032,144922.0,66,ENERGYSTARSCORE,2019,Multifamily Housing,97,,,Meets BEPS,2023/06/11 04:00:00+00,38.92357517,-77.0544795,395275.79970852,139523.74959611,223241,,{0639A2BF-D37D-2945-E063-782F520A104C},259277
-77.0503385014985,38.9015842107898,PM3772931,0040 0036,3772931,,George Washington University Hospital,,,900 23RD ST NW,GEORGE WASHINGTON,2,"900 23rd St, NW",WASHINGTON,DC,20037,2002,Hospital (General Medical & Surgical),450927,450927.0,50,ENERGYSTARSCORE,2019,Hospital,49,-0.48%,-0.48%,Does Not Meet BEPS,2023/08/16 04:00:00+00,38.90157642,-77.0503362,395633.74018973,137081.50053907,242349,,{0639A2BF-D37E-2945-E063-782F520A104C},259278
-77.0235349142171,38.8993325512509,PM3788558,0405 0024,3788558,,Edison Place DDOE,,,777 9TH ST NW,BFP 701 9TH CO LLC,2,"701 9th Street, NW",WASHINGTON,DC,20001,2001,Office,383813,398837.0,71,ENERGYSTARSCORE,2019,Office_all,69,-3.20%,-3.20%,Does Not Meet BEPS,2023/09/14 04:00:00+00,38.89932476,-77.02353262,397958.67029414,136830.60754851,242895,,{0639A2BF-D37F-2945-E063-782F520A104C},259279
-77.0813568573648,38.9414194457825,PM3790692,1724 0805,3790692,,NPC Sanctuary Structure,3697707,National Presbyterian Church Inc,4123 NEBRASKA AVE NW,NATIONAL PRESBYTERIAN CHURCH INC,3,"4120 - 4124 Van Ness Street, NW",WASHINGTON,DC,20016,1963,Worship Facility,115360,70130.0,17,ENERGYSTARSCORE,2019,Worship Facility,27,,,Meets BEPS,2023/08/29 04:00:00+00,38.94141165,-77.08135455,392947.08964948,141505.48674765,284834,,{0639A2BF-D380-2945-E063-782F520A104C},259280
-77.0221878219514,38.9136727478069,PM3795742,0419 0036,3795742,,New Lincoln Westmoreland LLC,,,1734 7TH ST NW,LINCOLN-WESTMORELAND HOUSING,6,"1730 7th St, NW",WASHINGTON,DC,20001,1972,Multifamily Housing,100794,124702.0,66,ENERGYSTARSCORE,2019,Multifamily Housing,60,-4.16%,-4.16%,Does Not Meet BEPS,2023/09/19 04:00:00+00,38.91366496,-77.02218553,398075.91005817,138422.45725743,279356,,{0639A2BF-D381-2945-E063-782F520A104C},259281
-77.0813568573648,38.9414194457825,PM3815299,1724 0805,3815299,,NPC - Agencies Bldg + Multipurpose Bldg + Yellow House,3697707,National Presbyterian Church Inc,4123 NEBRASKA AVE NW,NATIONAL PRESBYTERIAN CHURCH INC,3,"4125 Nebraska Ave, NW; 4120 - 4124 Van Ness St, NW, 4010 Van Ness St, NW",WASHINGTON,DC,20016,1927,Mixed Use Property,115360,19967.0,229,WEATHERNORMALZEDSOUREUI_KBTUFT,2019,Other,145.6,,,Meets BEPS,2023/08/29 04:00:00+00,38.94141165,-77.08135455,392947.08964948,141505.48674765,301247,,{0639A2BF-D382-2945-E063-782F520A104C},259282
-77.0813568573648,38.9414194457825,PM3815937,1724 0805,3815937,,National Presbyterian School & Administration Building,3697707,National Presbyterian Church Inc,4123 NEBRASKA AVE NW,NATIONAL PRESBYTERIAN CHURCH INC,3,"4121 & 4123 Nebraska Avenue, NW",WASHINGTON,DC,20016,1927,K-12 School,115360,51999.0,36,ENERGYSTARSCORE,2019,K-12 School,45,,,Meets BEPS,2023/08/29 04:00:00+00,38.94141165,-77.08135455,392947.08964948,141505.48674765,301072,,{0639A2BF-D383-2945-E063-782F520A104C},259283
-76.9508528780429,38.9058284300271,PM3829893,5057 0039,3829893,,Paradise at Parkside,,,3515 JAY ST NE,JAY STREET ASSOCIATES,7,"3712-3722 Hayes Street, NE",WASHINGTON,DC,20019,1965,Multifamily Housing,586115,556453.0,66,ENERGYSTARSCORE,2019,Multifamily Housing,13,-32.14%,-20.00%,Does Not Meet BEPS,2023/09/19 04:00:00+00,38.90582064,-76.95085061,404263.059953,137552.58713038,287999,,{0639A2BF-D384-2945-E063-782F520A104C},259284
-77.0097324469855,38.8790331379209,PM3852985,0646 0802,3852985,,Capitol Skyline Hotel,,,10 I ST SW,SOUTH CAPITOL HOLDINGS LLC,6,10 I Street S.W.,WASHINGTON,DC,20024,1963,Hotel,171867,105000.0,54,ENERGYSTARSCORE,2019,Hotel,19,-26.40%,-20.00%,Does Not Meet BEPS,2023/09/14 04:00:00+00,38.87902535,-77.00973016,399155.72014719,134576.99652079,276385,,{0639A2BF-D385-2945-E063-782F520A104C},259285
-77.031692307615,38.8988207406129,PM3857228,0252 0078,3857228,,717 14th Street,,,703 14TH ST NW,717 14TH STREET LLC,2,"717 14th Street, NW",WASHINGTON,DC,20005,1955,Office,147884,124368.0,71,ENERGYSTARSCORE,2019,Office_all,83,,,Meets BEPS,2023/05/04 04:00:00+00,38.89881295,-77.03169001,397251.04037123,136774.00657406,279904,,{0639A2BF-D386-2945-E063-782F520A104C},259286
-77.0377439574115,38.9064901883941,PM3857643,0182 0082,3857643,,CSIS,,,1616 RHODE ISLAND AVE NW,CENTER FOR STRATEGIC AND INTERNATIONAL STUDIES INC,2,"1616 Rhode Island Ave, NW",WASHINGTON,DC,20036,2013,Office,127980,120274.0,71,ENERGYSTARSCORE,2019,Office_all,76,,,Meets BEPS,2023/05/04 04:00:00+00,38.9064824,-77.03774166,396726.44014959,137625.57696703,309734,,{0639A2BF-D387-2945-E063-782F520A104C},259287
-77.0728629464602,38.9320922950604,PM3857665,1920 0826,3857665,,Alto Towers Apartments - lt122,,,3206 WISCONSIN AVE NW,VICTOR REALTY LP,3,3206 Wisconsidn Ave NW,WASHINGTON,DC,20016,1931,Multifamily Housing,56076,56076.0,66,ENERGYSTARSCORE,2019,Multifamily Housing,65,-0.72%,-0.72%,Does Not Meet BEPS,2023/09/13 04:00:00+00,38.9320845,-77.07286064,393682.62984985,140469.46965433,221531,,{0639A2BF-D388-2945-E063-782F520A104C},259288
-77.0734994696035,38.9337661537083,PM3857666,1920 0824,3857666,,Macomb Gardens Apartments - mc061,,,3725 MACOMB ST NW,3725 MACOMB STREET ASSOCIATES LLC,3,3725 Macomb Street #108 NW NW,WASHINGTON,DC,20016,1940,Multifamily Housing,60984,60984.0,66,ENERGYSTARSCORE,2019,Multifamily Housing,83,,,Meets BEPS,2023/05/29 04:00:00+00,38.93375836,-77.07349716,393627.59009646,140655.32683902,221509,,{0639A2BF-D389-2945-E063-782F520A104C},259289
-77.0735778364542,38.9259943618559,PM3857667,1932 0810,3857667,,Skyline Towers Apartments,,,2730 WISCONSIN AVE NW,SKYLINE TOWERS ASSOCIATES LLC,3,2730 Wisconsin Ave NW,WASHINGTON,DC,20007,1940,Multifamily Housing,69522,69522.0,66,ENERGYSTARSCORE,2019,Multifamily Housing,74,,,Meets BEPS,2023/05/04 04:00:00+00,38.92598657,-77.07357553,393620.09986259,139792.59687071,262667,,{0639A2BF-D38A-2945-E063-782F520A104C},259290
-77.0730452360012,38.9323779879161,PM3857668,1920 0055,3857668,,The Elaine Apartments - ln172,,,3210 WISCONSIN AVE NW,ELIZABETH G KOSSOW TRUSTEE,3,3210 Wisconsin Ave NW,WASHINGTON,DC,20016,1954,Multifamily Housing,92070,92070.0,66,ENERGYSTARSCORE,2019,Multifamily Housing,60,-4.16%,-4.16%,Does Not Meet BEPS,2023/09/19 04:00:00+00,38.9323702,-77.07304293,393666.84980425,140501.19745308,221523,,{0639A2BF-D38B-2945-E063-782F520A104C},259291
-77.0404214261859,38.9268904933212,PM3857670,2589 0477,3857670,,Park Ellison Apartments (pr434),,,1700 HARVARD ST NW,"MILLER, ELAINE G",1,1700 Harvard St NW,WASHINGTON,DC,20009,1955,Multifamily Housing,86710,86709.0,66,ENERGYSTARSCORE,2019,Multifamily Housing,98,,,Meets BEPS,2023/06/12 04:00:00+00,38.9268827,-77.04041913,396495.20986275,139890.27986556,236288,,{0639A2BF-D38C-2945-E063-782F520A104C},259292
-77.0438435899974,38.9051286081624,PM3858497,0117 0023,3858497,,1146 19th Street,,,1146 19TH ST NW,1146 19TH LLC,2,1146 19th Street,WASHINGTON,DC,20036,1985,Office,61506,47083.0,71,ENERGYSTARSCORE,2019,Office_all,62,-12.87%,-12.87%,Does Not Meet BEPS,2023/09/14 04:00:00+00,38.90512082,-77.04384129,396197.31021636,137474.66693697,241070,,{0639A2BF-D38D-2945-E063-782F520A104C},259293
-77.0215987290845,38.9079474526974,PM3858763,0447 0039,3858763,,GIBSON PLAZA APARTMENTS,,,1301 7TH ST NW,FIRST RISING MOUNT ZION CHURCH,6,1301 7TH STREET NW,WASHINGTON,DC,20001,1972,Multifamily Housing,228530,220338.0,66,ENERGYSTARSCORE,2019,Multifamily Housing,86,,,Meets BEPS,2023/06/02 04:00:00+00,38.90793966,-77.02159644,398126.84985561,137786.8895889,238632,,{0639A2BF-D38E-2945-E063-782F520A104C},259294
-77.0211086944141,38.8949851184558,PM3859338,"0457 3066; 0457 3067",3859338,,Penn Quarter Project PQCE,3859338,Penn Quarter Project PQCE,629 D ST NW,THE LAFAYETTE @ PENN QUARTER,2,616 E Street NW,WASHINGTON,DC,20001,2004,Multifamily Housing,161624,610013.0,66,ENERGYSTARSCORE,2019,Multifamily Housing,5,-39.80%,-20.00%,Does Not Meet BEPS,2023/09/20 04:00:00+00,38.89497733,-77.0211064,398169.02039988,136347.9567715,297643,,{0639A2BF-D38F-2945-E063-782F520A104C},259295
-76.9798566140885,38.8895010011917,PM3866685,1096 0075,3866685,,Bell Capitol Hill,,,1729 EAST CAPITOL ST SE,BELL FUND VI CAPITOL HILL LLC,6,1717 E Capitol Street SE,WASHINGTON,DC,20003,2013,Multifamily Housing,135000,135000.0,66,ENERGYSTARSCORE,2019,Multifamily Housing,89,,,Meets BEPS,2023/05/04 04:00:00+00,38.88949321,-76.97985434,401747.76978022,135739.15751562,57260,,{0639A2BF-D390-2945-E063-782F520A104C},259296
-77.0353806979165,38.9650695678264,PM3882212,2727 0801,3882212,,The Rittenhouse,,,6101 16TH ST NW,6101 16TH ST NW WASHINGTON LLC,4,6101 16th Street NW,WASHINGTON,DC,20011,1957,Multifamily Housing,390470,371045.0,66,ENERGYSTARSCORE,2019,Multifamily Housing,76,,,Meets BEPS,2023/05/22 04:00:00+00,38.96506177,-77.0353784,396933.9399463,144128.31723997,257910,,{0639A2BF-D391-2945-E063-782F520A104C},259297
-77.0064157738937,38.8796040760025,PM3883860,0695 0818,3883860,,100 Capitol Yards -CO (cp041),,,100 I ST SE,100 EYE STREET ACQUISITION LLC,6,100 I St,WASHINGTON,DC,20003,2008,Multifamily Housing,281205,277005.0,66,ENERGYSTARSCORE,2019,Multifamily Housing,78,,,Meets BEPS,2023/05/04 04:00:00+00,38.87959629,-77.00641349,399443.50996554,134640.34976026,277864,,{0639A2BF-D392-2945-E063-782F520A104C},259298
-77.0054951082654,38.8788691912222,PM3883905,0738 0028,3883905,,909 Capitol Yards,,,909 NEW JERSEY AVE SE,909 NEW JERSEY AVENUE ACQUISITION LLC,6,909 New Jersey Ave. SE,WASHINGTON,DC,20003,2009,Multifamily Housing,334295,256941.0,66,ENERGYSTARSCORE,2019,Multifamily Housing,79,,,Meets BEPS,2023/09/25 04:00:00+00,38.87886141,-77.00549282,399523.39037367,134558.76727824,289057,,{0639A2BF-D393-2945-E063-782F520A104C},259299
-77.0070305049784,38.8795322166889,PM3883919,0695 0819,3883919,,70 Capitol Yards _ CO (cp040),,,70 I ST SE,70 EYE STREET ACQUISITION LLC,6,70 I Street SE,WASHINGTON,DC,20003,2008,Multifamily Housing,467843,460453.0,66,ENERGYSTARSCORE,2019,Multifamily Housing,93,,,Meets BEPS,2023/05/25 04:00:00+00,38.87952443,-77.00702822,399390.17004343,134632.37667991,303674,,{0639A2BF-D394-2945-E063-782F520A104C},259300
-77.0341638513026,38.9068777483934,PM3883929,0212 0850,3883929,,Post Massachusetts Avenue,,,1499 MASSACHUSETTS AVE NW,POST 1499 MASSACHUSETTS LLC,2,1499 Massachusetts Ave NW,WASHINGTON,DC,20005,2002,Multifamily Housing,281191,237796.0,66,ENERGYSTARSCORE,2019,Multifamily Housing,93,,,Meets BEPS,2023/05/04 04:00:00+00,38.90686996,-77.03416156,397036.97971438,137668.47699079,279198,,{0639A2BF-D395-2945-E063-782F520A104C},259301
-77.0323550537052,38.915342889546,PM3902926,"0206 0236; 0206 0828",3902926,,District,,,1840 14TH ST NW,DC 14TH & T LLC,2,1401 S St. NW,WASHINGTON,DC,20009,2013,Multifamily Housing,113923,113923.0,66,ENERGYSTARSCORE,2019,Multifamily Housing,33,-19.83%,-19.83%,Does Not Meet BEPS,2023/09/25 04:00:00+00,38.9153351,-77.03235276,397194.19992678,138608.12005968,308956,,{0639A2BF-D396-2945-E063-782F520A104C},259302
-77.0662692909986,38.9499417315311,PM3916525,2038 4003,3916525,,Saratoga (sr080),,,4601 CONNECTICUT AVE NW,"HORNING, L",3,4601 Connecticut Ave NW,WASHINGTON,DC,20008,1989,Multifamily Housing,534424,187490.0,66,ENERGYSTARSCORE,2019,Multifamily Housing,53,-8.55%,-8.55%,Does Not Meet BEPS,2023/08/23 04:00:00+00,38.94993394,-77.06626698,394255.77032703,142450.47947221,223263,,{0639A2BF-D397-2945-E063-782F520A104C},259303
-77.0665448770386,38.9504193560466,PM3916703,2038 0010,3916703,,Chesapeake (ch184),,,4607 CONNECTICUT AVE NW,"HORNING, L",3,4607 Connecticut Ave NW,WASHINGTON,DC,20008,1941,Multifamily Housing,187490,264562.0,66,ENERGYSTARSCORE,2019,Multifamily Housing,87,,,Meets BEPS,2023/09/25 04:00:00+00,38.95041156,-77.06654257,394231.91997343,142503.51698075,220566,,{0639A2BF-D398-2945-E063-782F520A104C},259304
-77.0322313569134,38.898820232788,PM3919889,0223 0024,3919889,,Bond,,,710 14TH ST NW,BOND WASHINGTON LLC,2,1400 New york Ave,WASHINGTON,DC,20005,1986,Office,211501,173576.0,71,ENERGYSTARSCORE,2019,Office_all,67,-6.18%,-6.18%,Does Not Meet BEPS,2023/09/24 04:00:00+00,38.89881245,-77.03222906,397204.28029612,136773.96744047,279125,,{0639A2BF-D399-2945-E063-782F520A104C},259305
-77.0227226876336,38.8958470966061,PM3920134,0431 0013,3920134,,The Lansburgh,,,425 8TH ST NW,GUNWYN LANSBURGH LP,2,425 8th Street NW,WASHINGTON,DC,20004,1991,Multifamily Housing,507385,507385.0,66,ENERGYSTARSCORE,2019,Multifamily Housing,4,-41.22%,-20.00%,Does Not Meet BEPS,2023/05/04 04:00:00+00,38.89583931,-77.0227204,398029.02976356,136443.67698959,226572,,{0639A2BF-D39A-2945-E063-782F520A104C},259306
-77.0381065305193,38.9045075215585,PM3928873,0183 0107,3928873,,IUOE,,,1125 17TH ST NW,INTERNATIONAL UNION OPERATING ENGINEERS,2,1125 17th St. NW,WASHINGTON,DC,20036,1958,Office,89635,95981.0,71,ENERGYSTARSCORE,2019,Office_all,75,,,Meets BEPS,2023/05/04 04:00:00+00,38.90449973,-77.03810423,396694.90041971,137405.49756977,242025,,{0639A2BF-D39B-2945-E063-782F520A104C},259307
-77.04547736253,38.9123525249166,PM3955321,0093 0830,3955321,,1666 Connecticut Ave NW,,,1666 CONNECTICUT AVE NW,MERIDIAN 1666 CONNECTICUT LLC,2,1666 Connecticut Ave NW,WASHINGTON,DC,20009,1963,Office,113302,79044.0,71,ENERGYSTARSCORE,2019,Office_all,70,-1.62%,-1.62%,Does Not Meet BEPS,2023/09/13 04:00:00+00,38.91234474,-77.04547506,396056.00035381,138276.6504521,242635,,{0639A2BF-D39C-2945-E063-782F520A104C},259308
-76.9897755900128,38.8752815765492,PM3956966,1025 0812,3956966,,Maritime Plaza-2,,,1220 12TH ST SE,WASHINGTON GAS LIGHT CO,6,1220 12th Street SE,WASHINGTON,DC,20003,2003,Office,145117,158913.0,71,ENERGYSTARSCORE,2019,Office_all,85,,,Meets BEPS,2023/07/27 04:00:00+00,38.87527379,-76.98977331,400887.41010131,134160.54967153,289713,,{0639A2BF-D39D-2945-E063-782F520A104C},259309
-76.9894095784574,38.8760777963059,PM3957505,1025 0811,3957505,,Maritime Plaza-1,,,1201 M ST SE,WASHINGTON GAS LIGHT CO,6,"1201 M Street, SE",WASHINGTON,DC,20003,2001,Office,207338,207338.0,71,ENERGYSTARSCORE,2019,Office_all,90,,,Meets BEPS,2023/07/27 04:00:00+00,38.87607001,-76.9894073,400919.15997201,134248.93971788,296206,,{0639A2BF-D39E-2945-E063-782F520A104C},259310
-77.0333453198538,38.8985988548856,PM3970121,0223 0025,3970121,,0223-0025_NYAVE,,,701 15TH ST NW,1440 NEW YORK AVENUE ASSOCIATES LP,2,1440 New York Avenue,WASHINGTON,DC,20005,1927,Office,228254,226742.0,71,ENERGYSTARSCORE,2019,Office_all,65,-8.99%,-8.99%,Does Not Meet BEPS,2023/08/20 04:00:00+00,38.89859107,-77.03334303,397107.63965474,136749.42719828,291705,,{0639A2BF-D39F-2945-E063-782F520A104C},259311
-77.0701169897065,38.906318589288,PM3977161,1222 0062,3977161,,Georgetown University East Campus,,,1221 36TH ST NW,GEORGETOWN UNIVERSITY,2,3515 Prospect Street Northwest,WASHINGTON,DC,20007,1928,Residence Hall/Dormitory,238595,209093.0,141,WEATHERNORMALZEDSOUREUI_KBTUFT,2019,Reshall_all,224.5,,,Does Not Meet BEPS,2023/05/04 04:00:00+00,38.9063108,-77.07011468,393918.52034249,137608.18672958,272217,,{0639A2BF-D3A0-2945-E063-782F520A104C},259312
-77.0321460423133,38.9302676400342,PM3979732,2843 0078,3979732,,Triangle Development Associates LLC,,,3239 14TH ST NW,TRIANGLE DEVELOPMENT ASSOCIATES LLC,1,1375 Kenyon St NW,WASHINGTON,DC,20010,2004,Multifamily Housing,147960,147480.0,66,ENERGYSTARSCORE,2019,Multifamily Housing,63,-2.14%,-2.14%,Does Not Meet BEPS,2023/09/19 04:00:00+00,38.93025985,-77.03214375,397212.90973269,140264.88734033,297618,,{0639A2BF-D3A1-2945-E063-782F520A104C},259313
-77.0518423763926,38.902836940013,PM3980627,0027 0819,3980627,,2400 Pennsylvania AV NW,,,2400 PENNSYLVANIA AVE NW,2400 LLC,2,2400 Pennsylvania Ave NW,WASHINGTON,DC,20037,1959,Multifamily Housing,71934,72000.0,66,ENERGYSTARSCORE,2019,Multifamily Housing,66,,,Meets BEPS,2023/05/04 04:00:00+00,38.90282915,-77.05184008,395503.36969964,137220.63664738,275589,,{0639A2BF-D3A2-2945-E063-782F520A104C},259314
-77.097796329564,38.9460809802757,PM3981395,1467 0882,3981395,,"4910 Mass. Ave., NW",,,4910 MASSACHUSETTS AVE NW,WC AND AN MILLER DEVELOPMENT COMPANY,3,"4910 Massachusetts Ave., NW",WASHINGTON,DC,20016,1986,Medical Office,84263,84264.0,62,ENERGYSTARSCORE,2019,Medical Office,66,,,Meets BEPS,2023/05/04 04:00:00+00,38.94607319,-77.09779401,391522.45023914,142024.3573943,269771,,{0639A2BF-D3A3-2945-E063-782F520A104C},259315
-77.0398083255241,38.8999816867403,PM3981521,0166 0861,3981521,,The Metropolitan Club of the City of Washington,,,1700 H ST NW,METROPOLITAN CLUB,2,1700 H Street NW,WASHINGTON,DC,20006,1908,Restaurant,56924,88092.0,573,WEATHERNORMALZEDSOUREUI_KBTUFT,2019,Restaurant/cafeteria,275.1,,,Meets BEPS,2023/05/04 04:00:00+00,38.8999739,-77.03980603,396547.06996465,136903.15699647,218406,,{0639A2BF-D3A4-2945-E063-782F520A104C},259316
-77.0386732665593,38.9257228592499,PM3982121,2589 0800,3982121,,Plaza West Cooperative Association Inc,,,1669 COLUMBIA RD NW,PLAZA WEST COOPERATIVE & DISTRICT OF COLUMBIA,1,1669 Columbia Road NW,WASHINGTON,DC,20009,1910,Multifamily Housing,52022,52000.0,66,ENERGYSTARSCORE,2019,Multifamily Housing,65,-0.72%,-0.72%,Does Not Meet BEPS,2023/09/19 04:00:00+00,38.92571507,-77.03867097,396646.73994871,139760.5972986,236285,,{0639A2BF-D3A5-2945-E063-782F520A104C},259317
-77.0747284455942,38.9628790609587,PM3982177,1858 0051,3982177,,The Brittany Apartments,,,5432 CONNECTICUT AVE NW,BCB APARTMENTS LLC,3,"5432 Connecticut Avenue, N.W.",WASHINGTON,DC,20015,1963,Multifamily Housing,71469,71469.0,66,ENERGYSTARSCORE,2019,Multifamily Housing,60,-4.16%,-4.16%,Does Not Meet BEPS,2023/09/19 04:00:00+00,38.96287126,-77.07472613,393523.68042751,143887.20667956,263802,,{0639A2BF-D3A6-2945-E063-782F520A104C},259318
-77.0278360742826,38.9053189108448,PM3982256,0315 0027,3982256,,M Street Towers,,,1112 M ST NW,WEST MADISON A CORPORATION,2,"1112 M Street, NW",WASHINGTON,DC,20005,1964,Multifamily Housing,95656,95656.0,66,ENERGYSTARSCORE,2019,Multifamily Housing,87,,,Meets BEPS,2023/05/04 04:00:00+00,38.90531112,-77.02783378,397585.77015194,137495.24670982,239110,,{0639A2BF-D3A7-2945-E063-782F520A104C},259319
-77.0384071024624,38.9848201533707,PM3982680,2745F 0815,3982680,,Lowell School,,,1640 KALMIA RD NW,LOWELL SCHOOL INC,4,1640 Kalmia Rd NW,WASHINGTON,DC,20012,1928,K-12 School,85587,85587.0,36,ENERGYSTARSCORE,2019,K-12 School,61,,,Meets BEPS,2023/07/20 04:00:00+00,38.98481235,-77.0384048,396672.58015341,146320.92705318,302442,,{0639A2BF-D3A8-2945-E063-782F520A104C},259320
-77.0381046596433,38.908990275374,PM3983039,0181 2180,3983039,,"The Richmond Condominium Association, Inc.",,,1401 17TH ST NW,THE RICHMOND CONDO,2,"1401 17th Street, NW",WASHINGTON,DC,20036,1988,Multifamily Housing,95532,115378.0,66,ENERGYSTARSCORE,2019,Multifamily Housing,81,,,Meets BEPS,2023/05/04 04:00:00+00,38.90898249,-77.03810236,396695.27032033,137903.12035668,225446,,{0639A2BF-D3A9-2945-E063-782F520A104C},259321
-77.0021860412824,38.9404197124991,PM3983055,3821 0045,3983055,,Capuchin College,,,4121 HAREWOOD RD NE,PROVINCE OF ST AUGUSTINE OF ORDER CAPUCHIN,5,"4121 Harewood Rd., NE",WASHINGTON,DC,20017,1917,Residence Hall/Dormitory,56455,56453.0,56,ENERGYSTARSCORE,2019,Reshall_all,88,,,Meets BEPS,2023/05/04 04:00:00+00,38.94041192,-77.00218375,399810.68039841,141391.3674178,289608,,{0639A2BF-D3AA-2945-E063-782F520A104C},259322
-77.0437786667331,38.9081097839859,PM3983263,0115 0081,3983263,,The Sunderland Building,,,1320 19TH ST NW,THE SUNDERLAND BUILDING LP,2,1320 19th Street NW,WASHINGTON,DC,20036,1968,Office,59660,47617.0,71,ENERGYSTARSCORE,2019,Office_all,16,-53.88%,-20.00%,Does Not Meet BEPS,2023/09/13 04:00:00+00,38.908102,-77.04377637,396203.09991942,137805.59946773,241061,,{0639A2BF-D3AB-2945-E063-782F520A104C},259323
-77.0399717670586,38.9011656267397,PM3983712,0127 0851,3983712,,The Brawner Building,,,1706 I ST NW,WILLIAM T BRAWNER TRUSTEE,2,888 17th Street NW,WASHINGTON,DC,20006,1964,Office,132548,117042.0,71,ENERGYSTARSCORE,2019,Office_all,75,,,Meets BEPS,2023/05/04 04:00:00+00,38.90115784,-77.03996947,396532.95008708,137034.59002231,218778,,{0639A2BF-D3AC-2945-E063-782F520A104C},259324
-77.030256575007,38.9221113831675,PM3984056,2868 1520,3984056,,Wardman Court Condominium,,,1308 CLIFTON ST NW,WARDMAN COURT CONDOMINIUM,1,1308 Clifton St NW,WASHINGTON,DC,20009,2003,Multifamily Housing,60766,60766.0,66,ENERGYSTARSCORE,2019,Multifamily Housing,70,,,Meets BEPS,2023/09/25 04:00:00+00,38.92210359,-77.03025428,397376.44006036,139359.41681776,232076,,{0639A2BF-D3AD-2945-E063-782F520A104C},259325
-77.032080379624,38.9288984216908,PM3984070,2848 0077,3984070,,Victory Heights Inc,,,1369 IRVING ST NW,VICTORY HEIGHTS INC,1,1369 Irving St NW,WASHINGTON,DC,20010,2007,Multifamily Housing,66290,66640.0,66,ENERGYSTARSCORE,2019,Multifamily Housing,81,,,Meets BEPS,2023/05/04 04:00:00+00,38.92889063,-77.03207808,397218.55037555,140112.89012584,302713,,{0639A2BF-D3AE-2945-E063-782F520A104C},259326
-76.9824302638463,38.8964695723018,PM3984106,4544 0179,3984106,,Azeeze Bates (zz001),,,444 16TH ST NE,AZEEZE BATES LTD PRTNSHP,6,1521 Benning Rd NE,WASHINGTON,DC,20002,1975,Multifamily Housing,78475,78475.0,66,ENERGYSTARSCORE,2019,Multifamily Housing,71,,,Meets BEPS,2023/09/18 04:00:00+00,38.89646178,-76.98242799,401524.33965283,136512.6775378,295843,,{0639A2BF-D3AF-2945-E063-782F520A104C},259327
-76.9789151664154,38.8991281607827,PM3984144,4511 0068,3984144,,Benning Court (bn057),,,1703 BENNING RD NE,GALES PLACE ASSOCIATES LIMITED PARTNERSHIP,6,1703 BENNING RD NE,WASHINGTON,DC,20002,1976,Multifamily Housing,94098,90502.0,66,ENERGYSTARSCORE,2019,Multifamily Housing,40,-15.96%,-15.96%,Does Not Meet BEPS,2023/09/19 04:00:00+00,38.89912037,-76.97891289,401829.19995657,136807.86678053,297820,,{0639A2BF-D3B0-2945-E063-782F520A104C},259328
-77.0537929228229,38.9283835196182,PM3984618,2210 0010,3984618,,2901 Connecticut Ave NW,,,2901 CONNECTICUT AVE NW,CATHCONN ASSOCIATES LP,3,2901 Connecticut Ave NW,WASHINGTON,DC,20008,1925,Multifamily Housing,69329,69329.0,66,ENERGYSTARSCORE,2019,Multifamily Housing,95,,,Meets BEPS,2023/07/12 04:00:00+00,38.92837573,-77.05379062,395335.85006947,140056.61725447,219216,,{0639A2BF-D3B1-2945-E063-782F520A104C},259329
-77.0528986659313,38.9280663216498,PM3984805,2210 0001,3984805,,2301 Cathedral Ave. NW,,,2301 CATHEDRAL AVE NW,CATHCONN ASSOCIATES LP,3,2301 Cathedral Ave NW,WASHINGTON,DC,20008,1925,Multifamily Housing,51541,51541.0,66,ENERGYSTARSCORE,2019,Multifamily Housing,100,,,Meets BEPS,2023/05/04 04:00:00+00,38.92805853,-77.05289636,395413.37036469,140021.36002539,219213,,{0639A2BF-D3B2-2945-E063-782F520A104C},259330
-77.0319685790463,38.9262211810099,PM3986468,2855 0078,3986468,,Samuel J. Simmons NCBA Estates,,,2801 14TH ST NW,SAMUEL J SIMMONS NCBA ESTATES #1,1,2801 14th Street NW,WASHINGTON,DC,20009,1983,Multifamily Housing,173751,173751.0,66,ENERGYSTARSCORE,2019,Multifamily Housing,65,-0.72%,-0.72%,Does Not Meet BEPS,2023/09/19 04:00:00+00,38.92621339,-77.03196628,397228.1403427,139815.69014202,231582,,{0639A2BF-D3B3-2945-E063-782F520A104C},259331
-77.0469032852266,38.8967239802365,PM3986542,0081 2020,3986542,,Monroe House Condominium,,,522 21ST ST NW,MONROE HOUSE CONDO,2,522 21st St NW,WASHINGTON,DC,20006,1989,Multifamily Housing,56608,112000.0,66,ENERGYSTARSCORE,2019,Multifamily Housing,83,,,Meets BEPS,2023/05/04 04:00:00+00,38.89671619,-77.04690099,395931.43976422,136541.81750616,226084,,{0639A2BF-D3B4-2945-E063-782F520A104C},259332
-77.0387593994057,38.9106341460441,PM3986543,0156 0034,3986543,,Cavanaugh Court,,,1526 17TH ST NW,CAVANAUGH COURT OWNERS,2,1526 17th St NW,WASHINGTON,DC,20036,1990,Multifamily Housing,53765,50000.0,66,ENERGYSTARSCORE,2019,Multifamily Housing,86,,,Meets BEPS,2023/06/13 04:00:00+00,38.91062636,-77.0387571,396638.5602733,138085.62731638,225720,,{0639A2BF-D3B5-2945-E063-782F520A104C},259333
-77.0093888076677,38.9615800626465,PM3987144,3379 0823,3987144,,Secure Self Storage,,,5909 BLAIR RD NW,BLAIR ROAD STORAGE 18 (DC) LLC,4,5909 Blair Road NW,WASHINGTON,DC,20011,2006,Self-Storage Facility,75568,75568.0,21,WEATHERNORMALZEDSOUREUI_KBTUFT,2019,Nonrefrigerated warehouse (Self-Storage Facility),36.8,-42.93%,-20.00%,Does Not Meet BEPS,2023/09/14 04:00:00+00,38.96157226,-77.00938652,399186.47977823,143740.3967347,285279,,{0639A2BF-D3B6-2945-E063-782F520A104C},259334
-76.970601778243,38.9179849874096,PM3987335,4373 0008,3987335,,Days Inn Gateway,,,2700 NEW YORK AVE NE,T&L HOSPITALITY INC,5,2700 New York Ave N.E.,WASHINGTON,DC,20002,1962,Hotel,95331,95331.0,54,ENERGYSTARSCORE,2019,Hotel,11,-33.53%,-20.00%,Does Not Meet BEPS,2023/09/13 04:00:00+00,38.91797719,-76.9705995,402549.67024,138901.3275015,287175,,{0639A2BF-D3B7-2945-E063-782F520A104C},259335
-77.0041906674734,38.8777452048765,PM3987686,0741 0817,3987686,,Washington Navy Yard DC CY,,,140 L ST SE,CHSP NAVY YARD LLC,6,140 L St SE,WASHINGTON,DC,20003,2006,Hotel,121000,121220.0,54,ENERGYSTARSCORE,2019,Hotel,70,,,Meets BEPS,2023/05/04 04:00:00+00,38.87773742,-77.00418838,399636.57034612,134433.9898528,299775,,{0639A2BF-D3B8-2945-E063-782F520A104C},259336
-77.0095207394493,38.8971919760957,PM3987783,0628 0174,3987783,,Washington DC PPH,,,4 F ST NW,PHOENIX PARK HOTEL OPERATING LLC,6,520 N Capitol St NW,WASHINGTON,DC,20001,1995,Hotel,55820,100000.0,54,ENERGYSTARSCORE,2019,Hotel,10,-34.57%,-20.00%,Does Not Meet BEPS,2023/05/04 04:00:00+00,38.89718419,-77.00951845,399174.30027058,136592.76713091,237156,,{0639A2BF-D3B9-2945-E063-782F520A104C},259337
-77.0535153224631,38.9276069500956,PM3987909,0105 0846,3987909,,818 18th Street,,,818 18TH ST NW,NATTAK INVESTMENTS LLC,2,818 18th Street NW,WASHINGTON,DC,20006,1963,Office,60917,60917.0,71,ENERGYSTARSCORE,2019,Office_all,62,-12.87%,-12.87%,Does Not Meet BEPS,2023/05/04 04:00:00+00,38.92759916,-77.05351302,395359.87004984,139970.39718528,218770,,{0639A2BF-D3BA-2945-E063-782F520A104C},259338
-77.0174606816899,38.9022892507746,PM3987935,0516 4289,3987935,,440 K Street - Lyric,,,440 K ST NW,440 K STREET LLC,6,440 K Street NW,WASHINGTON,DC,20001,2013,Multifamily Housing,191876,277121.0,66,ENERGYSTARSCORE,2019,Multifamily Housing,57,-6.08%,-6.08%,Does Not Meet BEPS,2023/05/04 04:00:00+00,38.90228146,-77.01745839,398485.64022338,137158.70669276,309636,,{0639A2BF-D3BB-2945-E063-782F520A104C},259339
-77.0359151487059,38.909387516356,PM3988101,0195 0848,3988101,,Carnegie Institution of Washington,,,1530 P ST NW,CARNEGIE INSTITUTION OF WASHINGTON,2,1530 P Street NW,WASHINGTON,DC,20005,1908,Office,51761,51761.0,71,ENERGYSTARSCORE,2019,Office_all,28,-44.40%,-20.00%,Does Not Meet BEPS,2023/05/04 04:00:00+00,38.90937973,-77.03591285,396885.190296,137947.14026564,293210,,{0639A2BF-D3BC-2945-E063-782F520A104C},259340
-77.0754671238787,38.967883751508,PM3989358,1863 0047,3989358,,Blessed Sacrament School,,,5841 CHEVY CHASE PARKWAY NW,ROMAN CATHOLIC ARCHBISHOP OF WASHINGTON,3,5841 Chevy Chase Parkway NW,WASHINGTON,DC,20015,1928,K-12 School,83290,83290.0,36,ENERGYSTARSCORE,2019,K-12 School,31,-5.08%,-20.00%,Does Not Meet BEPS,2023/07/18 04:00:00+00,38.96787595,-77.07546481,393460.12023228,144442.8267275,274472,,{0639A2BF-D3BD-2945-E063-782F520A104C},259341
-77.0216559926624,38.9142774241644,PM3989383,0441 2541,3989383,,Progression Place Office,,,1805 7TH ST NW,UNITED NEGRO COLLEGE FUND INC,1,"1805 7th Street, NW",WASHINGTON,DC,20001,2011,Office,109793,98425.0,71,ENERGYSTARSCORE,2019,Office_all,39,-35.66%,-20.00%,Does Not Meet BEPS,2023/08/05 04:00:00+00,38.91426963,-77.0216537,398122.05013082,138489.56956741,309672,,{0639A2BF-D3BE-2945-E063-782F520A104C},259342
-77.0306045897657,38.8976281701618,PM3989751,0253 0807,3989751,,International Office Building - 1319 F Street,,,1319 F ST NW,M AND M STREET DC LLC,2,"1319 F Street, NW",WASHINGTON,DC,20004,1912,Office,64850,61320.0,71,ENERGYSTARSCORE,2019,Office_all,60,-15.31%,-15.31%,Does Not Meet BEPS,2023/09/13 04:00:00+00,38.89762038,-77.0306023,397345.34972606,136641.58960217,243088,,{0639A2BF-D3BF-2945-E063-782F520A104C},259343
-77.0503337862063,38.9056846902547,PM3989772,0036 0846,3989772,,Chromium,,,1200 23RD ST NW,CHROMIUM LLC,2,2301 M Street NW,WASHINGTON,DC,20037,1980,Medical Office,68405,62404.0,62,ENERGYSTARSCORE,2019,Medical Office,4,,,Does Not Meet BEPS,2023/05/04 04:00:00+00,38.9056769,-77.05033149,395634.39970916,137536.68669053,242336,,{0639A2BF-D3C0-2945-E063-782F520A104C},259344
-77.0376770461919,38.9029193887732,PM3989890,0184 0805,3989890,,16 Cobalt,,,1627 K ST NW,16 COBALT LLC,2,"1627 K Street, NW",WASHINGTON,DC,20006,1977,Office,68634,63510.0,71,ENERGYSTARSCORE,2019,Office_all,45,-30.52%,-20.00%,Does Not Meet BEPS,2023/05/04 04:00:00+00,38.9029116,-77.03767475,396732.0800645,137229.18684535,242033,,{0639A2BF-D3C1-2945-E063-782F520A104C},259345
-77.0586912552046,38.9035985995567,PM3989902,1192 2386,3989902,,James Place Condominium Association,,,1077 30TH ST NW,PHOSPHOROUS LLC,2,"1077 30th Street, NW",WASHINGTON,DC,20007,1981,Multifamily Housing,104116,124200.0,66,ENERGYSTARSCORE,2019,Multifamily Housing,86,,,Meets BEPS,2023/06/01 04:00:00+00,38.90359081,-77.05868895,394909.35027499,137305.54668634,274892,,{0639A2BF-D3C2-2945-E063-782F520A104C},259346
-77.0342172938966,38.9034019770128,PM3989907,0216 0035,3989907,,Neon 23,,,1023 15TH ST NW,NEON 23 LLC,2,"1023 15th Street, NW",WASHINGTON,DC,20005,1984,Office,66909,51153.0,71,ENERGYSTARSCORE,2019,Office_all,27,-45.17%,-20.00%,Does Not Meet BEPS,2023/05/04 04:00:00+00,38.90339419,-77.034215,397032.19995638,137282.64006594,240260,,{0639A2BF-D3C3-2945-E063-782F520A104C},259347
-77.0375300186742,38.9021917410272,PM3989931,0185 0823,3989931,,City Building - 1612 K Street,,,1612 K ST NW,M AND M STREET DE LLC,2,"1612 K Street, NW",WASHINGTON,DC,20006,1959,Office,83495,79495.0,71,ENERGYSTARSCORE,2019,Office_all,94,,,Meets BEPS,2023/05/04 04:00:00+00,38.90218395,-77.03752772,396744.80028754,137148.40657936,279258,,{0639A2BF-D3C4-2945-E063-782F520A104C},259348
-77.0328134389621,38.902149920954,PM3989934,0218 0824,3989934,,Rhodium,,,1420 K ST NW,RHODIUM LLC,2,"1420 K Street, NW",WASHINGTON,DC,20005,1978,Office,64580,58076.0,71,ENERGYSTARSCORE,2019,Office_all,85,,,Meets BEPS,2023/05/04 04:00:00+00,38.90214213,-77.03281115,397153.91957274,137143.60660635,240271,,{0639A2BF-D3C5-2945-E063-782F520A104C},259349
-77.0329343949122,38.9021965502074,PM3989936,0218 0014,3989936,,Jemal's Orme LLC,,,1422 K ST NW,JEMAL'S ORME LLC,2,1424 K Street NW DC,WASHINGTON,DC,20005,1905,Office,51431,51400.0,71,ENERGYSTARSCORE,2019,Office_all,91,,,Meets BEPS,2023/08/21 04:00:00+00,38.90218876,-77.0329321,397143.43008538,137148.78668959,240268,,{0639A2BF-D3C6-2945-E063-782F520A104C},259350
-77.0024207357411,38.9053793152188,PM3989961,0748 0081,3989961,,Jemal's Uline LLC,,,1140 3RD ST NE,"JEMAL'S ULINE LLC, JEMAL'S & MCNEIL BROTHERS LLC",6,1140 3rd Street NE,WASHINGTON,DC,20002,2008,Office,321032,251000.0,71,ENERGYSTARSCORE,2019,Office_all,59,-16.48%,-16.48%,Does Not Meet BEPS,2023/08/21 04:00:00+00,38.90537153,-77.00241845,399790.23009735,137501.58744093,72925,,{0639A2BF-D3C7-2945-E063-782F520A104C},259351
-77.0211024256517,38.9143195043098,PM3989974,0441 0101,3989974,,Jemal's Wonder LLC,,,641 S STREET NW,JEMAL'S WONDER LLC,1,641 S Street NW DC,WASHINGTON,DC,20001,1919,Office,96580,96600.0,71,ENERGYSTARSCORE,2019,Office_all,90,,,Meets BEPS,2023/08/21 04:00:00+00,38.91431171,-77.02110013,398170.0604048,138494.22955445,279874,,{0639A2BF-D3C8-2945-E063-782F520A104C},259352
-77.0183004097001,38.9004425259027,PM3989980,0517 3053,3989980,,Meridian on Mass Avenue LLC,,,450 MASSACHUSETTS AVE NW,MERIDIAN ON MASS AVENUE LLC,2,450 Massachusetts Avenue NW,WASHINGTON,DC,20001,2003,Multifamily Housing,382614,407710.0,66,ENERGYSTARSCORE,2019,Multifamily Housing,91,,,Meets BEPS,2023/05/04 04:00:00+00,38.90043474,-77.01829812,398412.76003799,136953.72018879,297629,,{0639A2BF-D3C9-2945-E063-782F520A104C},259353
-77.0099596476941,38.8950529028477,PM3990119,0630 0072,3990119,,IBT Annex,,,25 LOUISIANA AVE NW,INTERNATIONAL BROTHERHOOD OF TEAMSTERS,6,405 New Jersey Ave NW,WASHINGTON,DC,20001,1977,Office,92327,75472.0,71,ENERGYSTARSCORE,2019,Office_all,36,-38.10%,-20.00%,Does Not Meet BEPS,2023/09/13 04:00:00+00,38.89504512,-77.00995736,399136.20011784,136355.31744177,311674,,{0639A2BF-D3CA-2945-E063-782F520A104C},259354
-77.0360660396387,38.9047621958764,PM3990120,0197 0840,3990120,,The University club,,,1125 16TH ST NW,UNIVERSITY CLUB DC INC,2,1135 16th street nw,WASHINGTON,DC,20036,1904,Hotel,79330,79330.0,,,,,,,,Does Not Meet BEPS: Incomplete/Missing Report,2023/06/09 04:00:00+00,38.90475441,-77.03606374,396871.90039736,137433.6972147,242330,,{0639A2BF-D3CB-2945-E063-782F520A104C},259355
-77.0099596476941,38.8950529028477,PM3990124,0630 0072,3990124,,IBT Headquarters,,,25 LOUISIANA AVE NW,INTERNATIONAL BROTHERHOOD OF TEAMSTERS,6,25 Louisiana Ave NW,WASHINGTON,DC,20001,1954,Office,92327,82300.0,71,ENERGYSTARSCORE,2019,Office_all,24,-47.49%,-20.00%,Does Not Meet BEPS,2023/07/30 04:00:00+00,38.89504512,-77.00995736,399136.20011784,136355.31744177,279593,,{0639A2BF-D3CC-2945-E063-782F520A104C},259356
-77.0209070225892,38.8829886075082,PM3990149,0466 0841,3990149,,St Dominic Church and Priory,,,630 E ST SW,SAINT DOMINIC'S CATHOLIC CHURCH,6,630 E ST SW,WASHINGTON,DC,20024,1875,Residence Hall/Dormitory,59784,59258.0,56,ENERGYSTARSCORE,2019,Reshall_all,56,,,Meets BEPS,2023/05/04 04:00:00+00,38.88298082,-77.02090473,398186.21031054,135016.24660892,2937,,{0639A2BF-D3CD-2945-E063-782F520A104C},259357
-77.0306722365607,38.9005272866285,PM3990197,0250 0049,3990197,,Ruthenium,,,1331 H ST NW,RUTHENIUM LLC,2,"1331 H Street, NW",WASHINGTON,DC,20005,1964,Office,90458,74898.0,71,ENERGYSTARSCORE,2019,Office_all,61,-14.11%,-14.11%,Does Not Meet BEPS,2023/05/04 04:00:00+00,38.9005195,-77.03066994,397339.59029846,136963.41705881,240648,,{0639A2BF-D3CE-2945-E063-782F520A104C},259358
-77.0333869192483,38.903981967976,PM3990208,0214 0850,3990208,,1100 Vermont Avenue,,,1100 VERMONT AVE NW,DEKA USA PROPERTY FOUR LP,2,1100 Vermont Avenue,WASHINGTON,DC,20005,1964,Office,96481,67935.0,71,ENERGYSTARSCORE,2019,Office_all,61,-14.11%,-14.11%,Does Not Meet BEPS,2023/05/23 04:00:00+00,38.90397418,-77.03338463,397104.24957251,137346.99697557,240250,,{0639A2BF-D3CF-2945-E063-782F520A104C},259359
-77.0029951421787,38.9005686598992,PM3990211,0751 2918,3990211,,Landmark Lofts,,,211 I ST NE,LANDMARK LOFTS CONDOMINIUM,6,215 I St NE,WASHINGTON,DC,20002,2007,Multifamily Housing,62786,80821.0,66,ENERGYSTARSCORE,2019,Multifamily Housing,83,,,Meets BEPS,2023/05/04 04:00:00+00,38.90056087,-77.00299286,399740.38979828,136967.56681131,304570,,{0639A2BF-D3D0-2945-E063-782F520A104C},259360
-77.0343567768104,38.9677542409135,PM3990214,PAR 00880334,3990214,,The Jennifer,,,1415 TUCKERMAN ST NW,MCDANIELS INVESTMENT CORP,4,1415 Tuckerman Street NW,WASHINGTON,DC,20011,1948,Multifamily Housing,69228,55280.0,66,ENERGYSTARSCORE,2019,Multifamily Housing,37,-17.62%,-17.62%,Does Not Meet BEPS,2023/09/20 04:00:00+00,38.96774644,-77.03435448,397022.78986372,144426.30696157,243477,,{0639A2BF-D3D1-2945-E063-782F520A104C},259361
-77.0248071952777,38.8971309952821,PM3990225,0377 3099,3990225,,Ventana Condominium,,,916 F ST NW,VENTANA CONDOMINIUM,2,912 F St NW,WASHINGTON,DC,0,2006,Multifamily Housing,71185,63647.0,66,ENERGYSTARSCORE,2019,Multifamily Housing,85,,,Meets BEPS,2023/05/04 04:00:00+00,38.89712321,-77.0248049,397848.24036361,136586.24715653,239831,,{0639A2BF-D3D2-2945-E063-782F520A104C},259362
-77.0510494266598,38.9065295703308,PM3991512,0036 1489,3991512,,West End Residences,Not Applicable: Standalone Property,Not Applicable: Standalone Property,1221 24TH ST NW,BDC WEST END LLC,2,1221 24th St NW,WASHINGTON,DC,20037,2000,Multifamily Housing,69225,67540.0,66,ENERGYSTARSCORE,2019,Multifamily Housing,93,,,Meets BEPS,2023/05/25 04:00:00+00,38.90652178,-77.05104713,395572.37972469,137630.50969802,278957,,{0639A2BF-D3D3-2945-E063-782F520A104C},259363
-77.0656088611216,38.9469573722109,PM3991631,1971 0836,3991631,,Days Inn,,,4400 CONNECTICUT AVE NW,THOMAS MOTT TRUSTEES,3,4400 Connecticut Ave NW,WASHINGTON,DC,20008,1964,Hotel,76016,76016.0,54,ENERGYSTARSCORE,2019,Hotel,86,,,Meets BEPS,2023/05/04 04:00:00+00,38.94694958,-77.06560655,394312.78037129,142119.14733274,222132,,{0639A2BF-D3D4-2945-E063-782F520A104C},259364
-77.0453030970101,38.8968539629254,PM3991639,0104 0837,3991639,,The York,Not Applicable: Standalone Property,Not Applicable: Standalone Property,532 20TH ST NW,COLUMBIA REALTY VENTURE LLC,2,532 20th St NW,WASHINGTON,DC,20006,1941,Multifamily Housing,66528,66528.0,66,ENERGYSTARSCORE,2019,Multifamily Housing,70,,,Meets BEPS,2023/09/25 04:00:00+00,38.89684618,-77.0453008,396070.25996188,136556.17732719,240963,,{0639A2BF-D3D5-2945-E063-782F520A104C},259365
-77.0117011879004,38.9061813982505,PM3991655,0619 2284,3991655,,Julius Hobson Plaza,,,76 NEW YORK AVE NW,JULIUS HOBSON PLAZA CONDO,6,55 M St NW,WASHINGTON,DC,20001,1980,Multifamily Housing,65144,63444.0,66,ENERGYSTARSCORE,2019,Multifamily Housing,63,-2.14%,-2.14%,Does Not Meet BEPS,2023/08/21 04:00:00+00,38.90617361,-77.0116989,398985.28002971,137590.68708395,226086,,{0639A2BF-D3D6-2945-E063-782F520A104C},259366
-77.0369650323823,38.9215994292558,PM3991731,2571 0960,3991731,,Diplomat,Not Applicable: Standalone Property,Not Applicable: Standalone Property,2420 16TH ST NW,BDC DIPLOMAT LLC,1,2420 16th St NW,WASHINGTON,DC,20009,1950,Multifamily Housing,65266,63170.0,66,ENERGYSTARSCORE,2019,Multifamily Housing,88,,,Meets BEPS,2023/05/04 04:00:00+00,38.92159164,-77.03696274,396794.67965446,139302.8002129,235837,,{0639A2BF-D3D7-2945-E063-782F520A104C},259367
-77.036958072702,38.9059460650009,PM3991736,0182 0084,3991736,,The Jefferson Hotel,,,1200 16TH ST NW,DC CAP HOTELIER LLC,2,1200 16th St NW,WASHINGTON,DC,20036,1923,Hotel,76254,95511.0,54,ENERGYSTARSCORE,2019,Hotel,13,-31.58%,-20.00%,Does Not Meet BEPS,2023/09/13 04:00:00+00,38.90593828,-77.03695578,396794.57976537,137565.14733494,242021,,{0639A2BF-D3D8-2945-E063-782F520A104C},259368
-77.071196761115,38.9566216939501,PM3991763,1879 0800,3991763,,Sulgrave Manor,,,5130 CONNECTICUT AVE NW,DOUGLASS LP,3,5130 Connecticut Ave NW,WASHINGTON,DC,20008,1929,Multifamily Housing,57708,57708.0,66,ENERGYSTARSCORE,2019,Multifamily Housing,98,,,Meets BEPS,2023/07/11 04:00:00+00,38.9566139,-77.07119445,393829.22016847,143192.33733263,264373,,{0639A2BF-D3D9-2945-E063-782F520A104C},259369
-76.9861995709329,38.9459137041148,PM3992094,3977 0133,3992094,,Benedictine Foundation,,,4501 SOUTH DAKOTA AVE NE,BENEDICTINE FOUNDATION,5,"4501 South Dakota Ave, NE",WASHINGTON,DC,20017,1942,K-12 School,70768,142305.0,36,ENERGYSTARSCORE,2019,K-12 School,68,,,Meets BEPS,2023/05/04 04:00:00+00,38.94590591,-76.98619729,401196.52990372,142001.33742752,288238,,{0639A2BF-D3DA-2945-E063-782F520A104C},259370
-77.0431323300309,38.9226115448597,PM3992388,2548 0819,3992388,,Melwood,Not Applicable: Standalone Property,Not Applicable: Standalone Property,1803 COLUMBIA RD NW,COLUMBIA REALTY VENTURE LLC,1,1803 Biltmore St NW,WASHINGTON,DC,20009,1927,Multifamily Housing,81056,72968.0,66,ENERGYSTARSCORE,2019,Multifamily Housing,74,,,Meets BEPS,2023/05/04 04:00:00+00,38.92260375,-77.04313003,396259.92014553,139415.38758769,235334,,{0639A2BF-D3DB-2945-E063-782F520A104C},259371
-77.0456846017116,38.9196174592751,PM3992747,2539 0820,3992747,,Connecticut Gardens,Not Applicable: Standalone Property,Not Applicable: Standalone Property,1915 KALORAMA RD NW,COLUMBIA REALTY VENTURE LLC,1,1915 Kalorama Rd NW,WASHINGTON,DC,20009,1940,Multifamily Housing,68453,58745.0,66,ENERGYSTARSCORE,2019,Multifamily Housing,87,,,Meets BEPS,2023/05/04 04:00:00+00,38.91960967,-77.0456823,396038.43023851,139083.12713001,235173,,{0639A2BF-D3DC-2945-E063-782F520A104C},259372
-77.0477262712483,38.9179555070337,PM3992793,2527 0837,3992793,,2100 Connecticut Ave,Not Applicable: Standalone Property,Not Applicable: Standalone Property,2100 CONNECTICUT AVE NW,COLUMBIA REALTY VENTURE LLC,2,"2100 Connecticut Ave, NW",WASHINGTON,DC,20008,1941,Multifamily Housing,76594,65964.0,66,ENERGYSTARSCORE,2019,Multifamily Housing,57,-6.08%,-6.08%,Does Not Meet BEPS,2023/09/19 04:00:00+00,38.91794772,-77.04772397,395861.28015213,138898.72733323,234998,,{0639A2BF-D3DD-2945-E063-782F520A104C},259373
-77.0292397116387,38.9226936698478,PM3993109,2865 0167,3993109,,Highview,Not Applicable: Standalone Property,Not Applicable: Standalone Property,2505 13TH ST NW,COLUMBIA REALTY VENTURE LLC,1,2505 13th St NW,WASHINGTON,DC,20009,1926,Multifamily Housing,63431,62455.0,66,ENERGYSTARSCORE,2019,Multifamily Housing,85,,,Meets BEPS,2023/05/04 04:00:00+00,38.92268588,-77.02923742,397464.63979278,139424.0272036,232041,,{0639A2BF-D3DE-2945-E063-782F520A104C},259374
-77.0242835109893,38.9334237342107,PM3993124,2895 0155,3993124,,The Avenue,,,3506 GEORGIA AVE NW,PMDP GA LLC,1,3506 Georgia Ave NW,WASHINGTON,DC,20010,2012,Multifamily Housing,83783,98174.0,66,ENERGYSTARSCORE,2019,Multifamily Housing,89,,,Meets BEPS,2023/08/31 04:00:00+00,38.93341594,-77.02428122,397894.73981335,140615.02997984,302090,,{0639A2BF-D3DF-2945-E063-782F520A104C},259375
-77.0292393600759,38.9229612261433,PM3993135,2865 0168,3993135,,Castle Manor,Not Applicable: Standalone Property,Not Applicable: Standalone Property,2515 13TH ST NW,COLUMBIA REALTY VENTURE LLC,1,2515 13th St NW,WASHINGTON,DC,20009,1926,Multifamily Housing,64319,63000.0,66,ENERGYSTARSCORE,2019,Multifamily Housing,84,,,Meets BEPS,2023/05/04 04:00:00+00,38.92295343,-77.02923707,397464.67965563,139453.72751077,232042,,{0639A2BF-D3E0-2945-E063-782F520A104C},259376
-77.0249150473248,38.9379195273654,PM3993177,2905 0030,3993177,,Paramount,Not Applicable: Standalone Property,Not Applicable: Standalone Property,829 QUINCY ST NW,COLUMBIA REALTY VENTURE LLC,4,"829 Quincy St, NW",WASHINGTON,DC,20011,1929,Multifamily Housing,67110,67104.0,66,ENERGYSTARSCORE,2019,Multifamily Housing,82,,,Meets BEPS,2023/05/04 04:00:00+00,38.93791173,-77.02491275,397840.12032166,141114.11672743,225069,,{0639A2BF-D3E1-2945-E063-782F520A104C},259377
-77.0739594387473,38.9629036289821,PM3993209,1869 0823,3993209,,Livingston,Not Applicable: Standalone Property,Not Applicable: Standalone Property,5437 CONNECTICUT AVE NW,BDC LIVINGSTON LLC,3,"5437 Connecticut Ave, NW",WASHINGTON,DC,20015,1954,Multifamily Housing,53410,52792.0,66,ENERGYSTARSCORE,2019,Multifamily Housing,54,-7.94%,-7.94%,Does Not Meet BEPS,2023/09/19 04:00:00+00,38.96289583,-77.07395713,393590.32985492,143889.87990319,264055,,{0639A2BF-D3E2-2945-E063-782F520A104C},259378
-77.0062230828107,38.9034427388967,PM3993733,0674 0854,3993733,,Sentinel Square II,,,1050 1ST ST NE,SENTINEL SQUARE HANA OW L L C,6,1050 1st Street NE,WASHINGTON,DC,20002,2013,Office,341600,280363.0,71,ENERGYSTARSCORE,2019,Office_all,86,,,Meets BEPS,2023/05/04 04:00:00+00,38.90343495,-77.0062208,399460.4097507,137286.6269736,310029,,{0639A2BF-D3E3-2945-E063-782F520A104C},259379
-77.0471009776308,38.9061409601056,PM3993734,0070 0196,3993734,,The Bond DC,,,1230 NEW HAMPSHIRE AVE NW,1230 NEW HAMPSHIRE LLC,2,"1230 New Hampshire Ave, NW",WASHINGTON,DC,20036,2012,Multifamily Housing,165495,165495.0,66,ENERGYSTARSCORE,2019,Multifamily Housing,48,-11.48%,-11.48%,Does Not Meet BEPS,2023/09/25 04:00:00+00,38.90613317,-77.04709868,395914.82991763,137587.18673056,310203,,{0639A2BF-D3E4-2945-E063-782F520A104C},259380
-77.0192371332046,38.8989248899584,PM3993802,0486 3050,3993802,,DC002_Avalon at Gallery Place,,,770 5TH ST NW,AVALON BAY COMMUNITIES INC,2,770 5th Street NW,WASHINGTON,DC,20001,2002,Multifamily Housing,233968,233968.0,66,ENERGYSTARSCORE,2019,Multifamily Housing,79,,,Meets BEPS,2023/05/04 04:00:00+00,38.8989171,-77.01923484,398331.47032462,136785.26670067,279931,,{0639A2BF-D3E5-2945-E063-782F520A104C},259381
-77.0768084730824,38.9300160282343,PM3993833,1815 0101,3993833,,Annunciation,,,3125 39TH STREET NW,ROMAN CATHOLIC ARCHBISHOP OF WASHINGTON,3,3810 Massachusetts Ave. NW,WASHINGTON,DC,20016,1954,K-12 School,55025,61272.0,36,ENERGYSTARSCORE,2019,K-12 School,18,-18.59%,-20.00%,Does Not Meet BEPS,2023/09/07 04:00:00+00,38.93000824,-77.07680616,393340.34032912,140239.26734889,263608,,{0639A2BF-D3E6-2945-E063-782F520A104C},259382
-77.0818331990745,38.9335381376397,PM3993836,1601 2461,3993836,,DC001_Avalon at Foxhall,,,4100 MASSACHUSETTS AVE NW,4100 MASSACHUSETTS AVENUE ASSOCIATES,3,4100 Massachusetts Ave N.W.,WASHINGTON,DC,20016,1982,Multifamily Housing,278043,358569.0,66,ENERGYSTARSCORE,2019,Multifamily Housing,86,,,Meets BEPS,2023/09/25 04:00:00+00,38.93353035,-77.08183089,392905.00982737,140630.63047322,224796,,{0639A2BF-D3E7-2945-E063-782F520A104C},259383
-77.0011702091884,38.9016584966509,PM3993848,0775 0050,3993848,,DC003_AVA H Street (dc28),,,318 I ST NE,AVALON 318 I STREET LLC,6,318 I Street NE,WASHINGTON,DC,20002,2012,Multifamily Housing,118955,118955.0,66,ENERGYSTARSCORE,2019,Multifamily Housing,80,,,Meets BEPS,2023/08/04 04:00:00+00,38.90165071,-77.00116793,399898.69158244,137088.54420385,39251,,{0639A2BF-D3E8-2945-E063-782F520A104C},259384
-77.0392426669368,38.9010836906759,PM3993869,0165 0029,3993869,,Club Quarters Washington DC,,,839 17TH ST NW,CQ DC ACQUISITION LLC,2,839 17th St. NW,WASHINGTON,DC,20006,1925,Hotel,59746,59746.0,54,ENERGYSTARSCORE,2019,Hotel,41,-10.09%,-10.09%,Does Not Meet BEPS,2023/09/13 04:00:00+00,38.9010759,-77.03924037,396596.19009644,137025.46658654,218777,,{0639A2BF-D3E9-2945-E063-782F520A104C},259385
-77.0369619800083,38.9123735187303,PM3993985,0179 0823,3993985,,The Regent,,,1640 16TH ST NW,"R/16, LLC",2,"1640 16th Street, NW",WASHINGTON,DC,20009,2001,Multifamily Housing,68688,68680.0,66,ENERGYSTARSCORE,2019,Multifamily Housing,89,,,Meets BEPS,2023/05/24 04:00:00+00,38.91236573,-77.03695968,396794.53036477,138278.64706453,242820,,{0639A2BF-D3EA-2945-E063-782F520A104C},259386
-77.0050764749313,38.8360189190129,PM3994010,6118 0045,3994010,,St. Paul Senior Living at Wayne Place,,,118 WAYNE PL SE,WAYNE PLACE SENIOR LIVING LIMTIED PARTNERSHIP,8,"114 Wayne Place, SE",WASHINGTON,DC,20032,2006,Multifamily Housing,69742,69740.0,,,,,,,,Does Not Meet BEPS: Incomplete/Missing Report,2023/09/25 04:00:00+00,38.83601114,-77.00507419,399559.45032218,129802.07656493,149796,,{0639A2BF-D3EB-2945-E063-782F520A104C},259387
-77.0808393145011,38.9197767920909,PM3994318,1317W 0011,3994318,,4101 W St NW,Not Applicable: Standalone Property,Not Applicable: Standalone Property,4109 W ST NW,"PARKCREST, LLC",3,4101 W St NW,WASHINGTON,DC,20007,1926,Multifamily Housing,55144,54884.0,66,ENERGYSTARSCORE,2019,Multifamily Housing,22,-26.13%,-20.00%,Does Not Meet BEPS,2023/09/19 04:00:00+00,38.919769,-77.080837,392989.83039718,139102.92667497,270848,,{0639A2BF-D3EC-2945-E063-782F520A104C},259388
-77.080495521091,38.9204542757295,PM3994325,1317W 0020,3994325,,2300 - 2308 41st ST NW,Not Applicable: Standalone Property,Not Applicable: Standalone Property,2300 41ST ST NW,"PARKCREST, LLC",3,2300 41st St NW,WASHINGTON,DC,20007,1927,Multifamily Housing,55400,55000.0,66,ENERGYSTARSCORE,2019,Multifamily Housing,54,-7.94%,-7.94%,Does Not Meet BEPS,2023/09/19 04:00:00+00,38.92044649,-77.08049321,393019.71010778,139178.10739797,270852,,{0639A2BF-D3ED-2945-E063-782F520A104C},259389
-77.0783575250477,38.9338375234204,PM3994420,1798 0028,3994420,,Washington Hebrew Congregation,,,3935 MACOMB ST NW,WASHINGTON HEBREW CONGREGATION,3,"3935 Macomb Street, NW",WASHINGTON,DC,20016,1954,Worship Facility,95168,123370.0,17,ENERGYSTARSCORE,2019,Worship Facility,34,,,Meets BEPS,2023/05/04 04:00:00+00,38.93382973,-77.07835522,393206.38956992,140663.59985286,223083,,{0639A2BF-D3EE-2945-E063-782F520A104C},259390
-77.0626369519636,38.9434773987143,PM3994435,2051 0006,3994435,,4201 Connecticut Ave NW,,,4201 CONNECTICUT AVE NW,BRICKMAN 4201 CONNECTICUT AVENUE LLC,3,4201 Connecticut Ave NW,WASHINGTON,DC,20008,1966,Office,109032,68640.0,71,ENERGYSTARSCORE,2019,Office_all,41,-33.99%,-20.00%,Does Not Meet BEPS,2023/09/13 04:00:00+00,38.9434696,-77.06263465,394570.13967557,141732.65754583,220631,,{0639A2BF-D3EF-2945-E063-782F520A104C},259391
-76.9898286662787,38.8659304677937,PM3994437,5772 1019,3994437,,Annacostia Professional building,,,2041 MARTIN LUTHER KING JR AVE SE,ANACOSTIA PROFESSIONAL BUILDING REVOCABLE TRUST,8,2041 Martin Luther King Jr. Ave.,WASHINGTON,DC,20020,1993,Office,74967,94612.0,71,ENERGYSTARSCORE,2019,Office_all,51,-24.94%,-20.00%,Does Not Meet BEPS,2023/09/14 04:00:00+00,38.86592269,-76.98982639,400882.91982516,133122.5074337,278056,,{0639A2BF-D3F0-2945-E063-782F520A104C},259392
-77.0413751342834,38.9123246824266,PM3994488,0153S 0800,3994488,,General Grand Chapter OES Headquarters,,,1618 NEW HAMPSHIRE AVE NW,"PAINTER, VIRGINIA M",2,1618 New Hampshire Avenue NW,WASHINGTON,DC,200092549,1909,Other,50298,50200.0,229,WEATHERNORMALZEDSOUREUI_KBTUFT,2019,Other,56.5,,,Meets BEPS,2023/05/04 04:00:00+00,38.91231689,-77.04137284,396411.77974914,138273.38963509,241642,,{0639A2BF-D3F1-2945-E063-782F520A104C},259393
-77.067012943166,38.9055453412795,PM3994644,1205 0079,3994644,,3307 M Street,,,1251 BANKS ALLEY NW,3307 M STREET LLC,2,3307 M Street,WASHINGTON,DC,20007,1983,Mixed Use Property,156559,67414.0,229,SOURCEEUI_KBTU_FT,2019,Other,186.1,,,Meets BEPS,2023/07/25 04:00:00+00,38.90553755,-77.06701064,394187.68986295,137522.14750444,271944,,{0639A2BF-D3F2-2945-E063-782F520A104C},259394
-77.0480146500485,38.9088576865095,PM3995293,0068 0818,3995293,,Brinton Woods Health and Rehabilitation,,,2131 O ST NW,MAR-SALLE CENTER ASSOC C/O REDMORTGAGE CAPITAL INC,2,2131 O Street NW,WASHINGTON,DC,20037,1942,Senior Care Community,71734,71734.0,50,ENERGYSTARSCORE,2019,Senior Care Community,75,,,Meets BEPS,2023/05/04 04:00:00+00,38.9088499,-77.04801235,395835.74008849,137888.80718668,218636,,{0639A2BF-D3F3-2945-E063-782F520A104C},259395
-77.0167798232555,38.9748920687474,PM3995408,3354 0026,3995408,,Elevation 314,,,314 CARROLL ST NW,TP2 LLC,4,"314 Carroll Street, NW",WASHINGTON,DC,20012,2004,Multifamily Housing,68000,68000.0,66,ENERGYSTARSCORE,2019,Multifamily Housing,91,,,Meets BEPS,2023/05/31 04:00:00+00,38.97488427,-77.01677753,398546.17999234,145218.24743441,295751,,{0639A2BF-D3F4-2945-E063-782F520A104C},259396
-77.0359938635346,38.9008689235925,PM3996137,0200 0026,3996137,,AFL-CIO,,,815 16TH ST NW,AFL & CIO TRUSTEES,2,815 16th Street NW,WASHINGTON,DC,20006,1952,Office,179490,195783.0,71,ENERGYSTARSCORE,2019,Office_all,62,-12.87%,-12.87%,Does Not Meet BEPS,2023/05/04 04:00:00+00,38.90086114,-77.03599157,396877.98989054,137001.51038159,279962,,{0639A2BF-D3F5-2945-E063-782F520A104C},259397
-77.0408960023792,38.8965491243461,PM3996781,0170 0039,3996781,,1735 New York Avenue,Not Applicable: Standalone Property,Not Applicable: Standalone Property,1735 NEW YORK AVE NW,THE AMERICAN INSTITUTE OF ARCHITECTS,2,"1735 New York Avenue, NW",WASHINGTON,DC,20006,1973,Office,183768,149255.0,71,ENERGYSTARSCORE,2019,Office_all,51,-24.94%,-20.00%,Does Not Meet BEPS,2023/09/15 04:00:00+00,38.89654134,-77.04089371,396452.54968072,136522.15718103,218464,,{0639A2BF-D3F6-2945-E063-782F520A104C},259398
-77.026702073425,38.9050030094025,PM3997113,0341 2634,3997113,,The Eleven Condominiums - 1111 11th St. NW,,,1111 11TH ST NW,"ELEVEN, A CONDOMINIUM",2,1111 Eleventh Street NW,WASHINGTON,DC,20001,2004,Multifamily Housing,80258,80258.0,66,ENERGYSTARSCORE,2019,Multifamily Housing,14,-31.39%,-20.00%,Does Not Meet BEPS,2023/09/20 04:00:00+00,38.90499522,-77.02669978,397684.1201099,137460.14986756,297574,,{0639A2BF-D3F7-2945-E063-782F520A104C},259399
-77.031571955002,38.9042897475364,PM3997131,0247 0093,3997131,,American Dental Association,,,1111 14TH ST NW,AMERICAN DENTAL ASSOCIATION,2,1111 14th St NW,WASHINGTON,DC,20005,1981,Office,82682,71040.0,71,ENERGYSTARSCORE,2019,Office_all,23,-48.27%,-20.00%,Does Not Meet BEPS,2023/05/18 04:00:00+00,38.90428196,-77.03156966,397261.69011899,137381.10703858,240638,,{0639A2BF-D3F8-2945-E063-782F520A104C},259400
-77.0437773920371,38.9088506399742,PM3997827,0115 0082,3997827,,"21 Dupont Associates, LLC",,,21 DUPONT CIR NW,21 DUPONT ASSOCIATES LLC,2,21 Dupont Cir NW,WASHINGTON,DC,20036,1971,Office,55818,55818.0,71,ENERGYSTARSCORE,2019,Office_all,14,-55.57%,-20.00%,Does Not Meet BEPS,2023/09/20 04:00:00+00,38.90884285,-77.04377509,396203.25037525,137887.83981934,241062,,{0639A2BF-D3F9-2945-E063-782F520A104C},259401
-77.0381669673553,38.9146809776852,PM3997842,0177 0804,3997842,,Croydon,,,1815 17TH ST NW,VSN LLC,2,1815 17th St NW,WASHINGTON,DC,20009,1941,Multifamily Housing,63633,63633.0,66,ENERGYSTARSCORE,2019,Multifamily Housing,74,,,Meets BEPS,2023/05/04 04:00:00+00,38.91467319,-77.03816467,396690.13008996,138534.8372273,241914,,{0639A2BF-D3FA-2945-E063-782F520A104C},259402
-77.0265242113005,38.9729780056017,PM3997889,2968 0801,3997889,,Normandie,,,6817 GEORGIA AVE NW,NORMANDIE LLC,4,6817 Georgia Ave,WASHINGTON,DC,20012,1936,Multifamily Housing,91752,91752.0,66,ENERGYSTARSCORE,2019,Multifamily Housing,59,-4.81%,-4.81%,Does Not Meet BEPS,2023/09/19 04:00:00+00,38.9729702,-77.02652192,397701.73956984,145005.96759043,253892,,{0639A2BF-D3FB-2945-E063-782F520A104C},259403
-77.0375673434373,38.9124269252817,PM3997893,0179 0105,3997893,,1630 R,,,1630 R ST NW,TOURRAINE LLC,2,1630 R St NW,WASHINGTON,DC,20009,1922,Multifamily Housing,88648,88648.0,66,ENERGYSTARSCORE,2019,Multifamily Housing,79,,,Meets BEPS,2023/06/06 04:00:00+00,38.91241914,-77.03756505,396742.0297784,138284.59744627,243307,,{0639A2BF-D3FC-2945-E063-782F520A104C},259404
-76.9886647532344,38.9537678349936,PM3997895,3903 0809,3997895,,Parkview,,,5120 SARGENT RD NE,G THOMAS BORGER TRUSTEES,5,5120 Sargent Rd NE,WASHINGTON,DC,20017,1966,Multifamily Housing,60875,60872.0,66,ENERGYSTARSCORE,2019,Multifamily Housing,45,-13.18%,-13.18%,Does Not Meet BEPS,2023/09/19 04:00:00+00,38.95376004,-76.98866247,400982.71999501,142873.18749542,12975,,{0639A2BF-D3FD-2945-E063-782F520A104C},259405
-77.0050885137504,38.8853278009883,PM3997905,0733 0851,3997905,,Hill House,,,110 D ST SE,MAR CAL LLC,6,110 D St SE,WASHINGTON,DC,20003,1958,Multifamily Housing,60842,60842.0,66,ENERGYSTARSCORE,2019,Multifamily Housing,51,-9.73%,-9.73%,Does Not Meet BEPS,2023/09/15 04:00:00+00,38.88532002,-77.00508623,399558.70995874,135275.72045056,74548,,{0639A2BF-D3FE-2945-E063-782F520A104C},259406
-76.9999621499052,38.9309291275619,PM3997910,PAR 01330130,3997910,,Theological College,,,401 MICHIGAN AVE NE,THEOLOGICAL COLLEGE INC,5,401 Michigan Avenue NE,WASHINGTON,DC,20017,1917,Residence Hall/Dormitory,98815,137300.0,141,WEATHERNORMALZEDSOUREUI_KBTUFT,2019,Reshall_all,184.6,,,Does Not Meet BEPS,2023/09/14 04:00:00+00,38.93092133,-76.99995986,400003.48038943,140337.8266527,288071,,{0639A2BF-D3FF-2945-E063-782F520A104C},259407
-77.0410850183038,38.9265067778472,PM3997914,2582 0826,3997914,,Park Crescent,,,2901 18TH ST NW,THE MORRIS AND GWENDOLYN CAFRITZ FOUNDATION,1,2901 18th Street NW,WASHINGTON,DC,20009,1937,Multifamily Housing,81080,80960.0,66,ENERGYSTARSCORE,2019,Multifamily Housing,77,,,Meets BEPS,2023/09/15 04:00:00+00,38.92649899,-77.04108272,396437.65003077,139847.71046182,236001,,{0639A2BF-D400-2945-E063-782F520A104C},259408
-77.0392247159456,38.9260915751014,PM3997919,2589 0828,3997919,,Park Terrace,,,1660 LANIER PL NW,THE MORRIS AND GWENDOLYN CAFRITZ FOUNDATION,1,"1660 Lanier Place, NW",WASHINGTON,DC,20009,1937,Multifamily Housing,70831,79273.0,66,ENERGYSTARSCORE,2019,Multifamily Housing,69,,,Meets BEPS,2023/08/02 04:00:00+00,38.92608378,-77.03922242,396598.93987837,139801.54765502,236286,,{0639A2BF-D401-2945-E063-782F520A104C},259409
-77.0453323183468,38.8971239323255,PM3997923,0104 0814,3997923,,Empire Apartments,,,2000 F ST NW,WASHINGTON TRANSAIR LLC,2,2000 F St NW,WASHINGTON,DC,20006,1930,Multifamily Housing,85860,86040.0,66,ENERGYSTARSCORE,2019,Multifamily Housing,67,,,Meets BEPS,2023/08/22 04:00:00+00,38.89711615,-77.04533002,396067.74007566,136586.14739965,240961,,{0639A2BF-D402-2945-E063-782F520A104C},259410
-77.033011266932,38.9696514042794,PM3997957,2785 0062,3997957,,Winchester - Van Buren,,,6505 14TH ST NW,LUZON ASSOCIATES LP,4,6505 14th St NW,WASHINGTON,DC,20012,1942,Multifamily Housing,65416,65416.0,66,ENERGYSTARSCORE,2019,Multifamily Housing,42,-14.86%,-14.86%,Does Not Meet BEPS,2023/09/19 04:00:00+00,38.9696436,-77.03300897,397139.46990038,144636.86663588,257406,,{0639A2BF-D403-2945-E063-782F520A104C},259411
-77.0330661778681,38.9706096944482,PM3997985,PAR 00890021,3997985,,Winchester-Luzon,,,6601 14TH ST NW,LUZON ASSOCIATES LP,4,6600 Luzon Ave,WASHINGTON,DC,20012,1942,Multifamily Housing,90400,90400.0,66,ENERGYSTARSCORE,2019,Multifamily Housing,95,,,Meets BEPS,2023/05/04 04:00:00+00,38.97060189,-77.03306388,397134.74997492,144743.2476383,285344,,{0639A2BF-D404-2945-E063-782F520A104C},259412
-77.0386823252623,38.9218008130252,PM3997988,2572 0036,3997988,,The Citadel Apartments,,,1649 KALORAMA RD NW,JEAMAL'S CITADEL LLC,1,1631 Kalorama Rd NW,WASHINGTON,DC,20036,1940,Supermarket/Grocery Store,116690,70983.0,64,ENERGYSTARSCORE,2019,Retail_all,53,-11.08%,-11.08%,Does Not Meet BEPS,2023/07/22 04:00:00+00,38.92179302,-77.03868003,396645.76985659,139325.21679177,284059,,{0639A2BF-D405-2945-E063-782F520A104C},259413
-77.0382439701496,38.9114157896641,PM3998596,0179 0113,3998596,,Dupont Executive,Not Applicable: Standalone Property,Not Applicable: Standalone Property,1605 17TH ST NW,STERLING GUNSTON LLC,2,1633 Q St NW,WASHINGTON,DC,20009,1988,Mixed Use Property,73942,41414.0,229,WEATHERNORMALZEDSOUREUI_KBTUFT,2019,Other,161.4,,,Meets BEPS,2023/06/29 04:00:00+00,38.911408,-77.03824167,396683.30034742,138172.37693412,300178,,{0639A2BF-D406-2945-E063-782F520A104C},259414
-76.9902833004405,38.8654605645656,PM3998608,5783 0829,3998608,,DC Lottery Building,,,2101 MARTIN LUTHER KING JR AVE SE,GEORGE T CURTIS III TRUSTEE,8,2101 MLK Jr. Ave. SE,WASHINGTON,DC,20020,1945,Office,84496,74242.0,71,ENERGYSTARSCORE,2019,Office_all,45,-30.52%,-20.00%,Does Not Meet BEPS,2023/09/14 04:00:00+00,38.86545278,-76.99028102,400843.47017662,133070.3396696,278064,,{0639A2BF-D407-2945-E063-782F520A104C},259415
-76.9945395161481,38.8836473332132,PM3998622,0925 0026,3998622,,Community Connections Real Estate Foundation,,,801 PENNSYLVANIA AVE SE,COMMUNITY CONNECTIONS REAL ESTATE FOUNDATION,6,801 Pennsylvania Ave SE,WASHINGTON,DC,20003,1897,Urgent Care/Clinic/Other Outpatient,66601,66691.0,426,WEATHERNORMALZEDSOUREUI_KBTUFT,2019,Hospital/Healthcare,159.9,,,Meets BEPS,2023/05/04 04:00:00+00,38.88363955,-76.99453724,400473.969593,135089.17720953,280150,,{0639A2BF-D408-2945-E063-782F520A104C},259416
-77.0672454328271,38.9517148228096,PM3998712,2037 1079,3998712,,4707 Connecticut Avenue Condominiums,,,4707 CONNECTICUT AVE NW,4707 CONNECTICUT AVE CONDO,3,4707 Connecticut Avenue NW,WASHINGTON,DC,20008,1930,Multifamily Housing,91232,91232.0,66,ENERGYSTARSCORE,2019,Multifamily Housing,91,,,Meets BEPS,2023/06/01 04:00:00+00,38.95170703,-77.06724313,394171.29958285,142647.37036641,223268,,{0639A2BF-D409-2945-E063-782F520A104C},259417
-77.0589480617693,38.9043694954254,PM3998790,1196 0191,3998790,,Georgetown Place South,Not Applicable: Standalone Property,Not Applicable: Standalone Property,1111 30TH ST NW,COLUMBIA REALTY VENTRUE LLC,2,1101 30th St NW,WASHINGTON,DC,20007,1975,Office,278347,89058.0,71,ENERGYSTARSCORE,2019,Office_all,45,-30.52%,-20.00%,Does Not Meet BEPS,2023/09/13 04:00:00+00,38.90436171,-77.05894576,394887.1299663,137391.13716134,275730,,{0639A2BF-D40A-2945-E063-782F520A104C},259418
-77.0635649248753,38.907213624138,PM4376628,1231 0143,4376628,,georgetown washington dc inn llc,,,1310 WISCONSIN AVE NW,GEORGETOWN WASHINGTON DC INN LLC,2,1310 wisconsin ave nw,WASHINGTON,DC,20007,1960,Hotel,58722,58722.0,54,ENERGYSTARSCORE,2019,Hotel,54,,,Meets BEPS,2023/05/04 04:00:00+00,38.90720584,-77.06356262,394486.89009607,137707.12734867,279035,,{0639A2BF-D40B-2945-E063-782F520A104C},259419
-77.033113091819,38.902205958467,PM4377589,0218 3114,4377589,,1430 K Street Condominium,,,1430 K ST NW,1430 K STREET CONDOMINIUM,2,"1430 K Street, NW",WASHINGTON,DC,20005,2006,Office,65823,78000.0,71,ENERGYSTARSCORE,2019,Office_all,31,-42.06%,-20.00%,Does Not Meet BEPS,2023/09/13 04:00:00+00,38.90219817,-77.0331108,397127.92981226,137149.83688236,298460,,{0639A2BF-D40C-2945-E063-782F520A104C},259420
-77.049466386382,38.8931238089991,PM4378204,0062 0020,4378204,,American Pharmacists Association,,,2200 C ST NW,AMERICAN PHARMECISTS ASSOCIATION,2,"2215 Constitution Avenue, NW",WASHINGTON,DC,20037,2009,Office,368289,275298.0,71,ENERGYSTARSCORE,2019,Office_all,74,,,Meets BEPS,2023/07/15 04:00:00+00,38.89311602,-77.04946409,395708.87981432,136142.2875523,279566,,{0639A2BF-D40D-2945-E063-782F520A104C},259421
-76.9713453179901,38.9262728485133,PM4378314,4286 0020,4378314,,Green Valley Apartments,,,2412 FRANKLIN ST NE,TRUSTEES OF SECOND NEW SAINT PAUL'S BAPTIST CHURCH,5,"2412 Franklin Street, NE",WASHINGTON,DC,200182505,1972,Multifamily Housing,60516,60516.0,66,ENERGYSTARSCORE,2019,Multifamily Housing,53,-8.55%,-8.55%,Does Not Meet BEPS,2023/09/19 04:00:00+00,38.92626505,-76.97134304,402484.90015407,139821.32956137,287033,,{0639A2BF-D40E-2945-E063-782F520A104C},259422
-77.0010224867847,38.9532590522168,PM4378432,3767 0006,4378432,,Aventine Fort Totten Building 2 (vn241),,,300 HAMILTON STREET NE,W M A T A,5,"300 Hamilton Street, NE",WASHINGTON,DC,20011,2008,Multifamily Housing,127400,100916.0,66,ENERGYSTARSCORE,2019,Multifamily Housing,63,-2.14%,-2.14%,Does Not Meet BEPS,2023/05/04 04:00:00+00,38.95325125,-77.0010202,399911.56997179,142816.64663101,303504,,{0639A2BF-D40F-2945-E063-782F520A104C},259423
-77.0002326757167,38.9529113372186,PM4378445,3768 0003,4378445,,Aventine Fort Totten Building 3 (vn241),,,500 GALLOWAY STREET NE,W M A T A,5,"350 Galloway Street, NE",WASHINGTON,DC,20011,2008,Multifamily Housing,50877,54533.0,66,ENERGYSTARSCORE,2019,Multifamily Housing,91,,,Meets BEPS,2023/05/04 04:00:00+00,38.95290354,-77.00023039,399980.02990238,142778.04718135,307670,,{0639A2BF-D410-2945-E063-782F520A104C},259424
-77.0600769307683,38.939361583208,PM4378477,2234 0003,4378477,,3801 Connecticut Ave,,,3801 CONNECTICUT AVE NW,WASHREIT 3801 CONNECTICUT AVE TRUSTEE LLC,3,"3801 Connecticut Avenue, NW",WASHINGTON,DC,20008,1951,Multifamily Housing,161139,182195.0,66,ENERGYSTARSCORE,2019,Multifamily Housing,72,,,Meets BEPS,2023/05/04 04:00:00+00,38.93935379,-77.06007463,394791.76966328,141275.61707568,219298,,{0639A2BF-D411-2945-E063-782F520A104C},259425
-77.0743045749514,38.9404601008366,PM4378974,1825 0816,4378974,,Sidwell Friends School,,,3901 WISCONSIN AVE NW,SIDWELL FRIENDS SCHOOL,3,3825 Wisconsin Ave NW,WASHINGTON,DC,20016,2011,K-12 School,102142,343797.0,36,ENERGYSTARSCORE,2019,K-12 School,73,,,Meets BEPS,2023/05/04 04:00:00+00,38.94045231,-77.07430227,393558.3896362,141398.47030451,293241,,{0639A2BF-D412-2945-E063-782F520A104C},259426
-77.0526784727987,38.9050742504777,PM4379094,0025 1646,4379094,,2440 M Street,,,2440 M ST NW,ATLAS CONDOMINIUM,2,2440 M St N.W.,WASHINGTON,DC,20037,1986,Medical Office,112894,116383.0,62,ENERGYSTARSCORE,2019,Medical Office,87,,,Meets BEPS,2023/05/04 04:00:00+00,38.90506646,-77.05267617,395430.99022085,137469.0376421,274799,,{0639A2BF-D413-2945-E063-782F520A104C},259427
-77.0732397268521,38.9617190187356,PM4379381,1869 0825,4379381,,The Kenmore,,,5415 CONNECTICUT AVE NW,WRIT KENMORE LLC,3,5415 Connecticut Avenue,WASHINGTON,DC,20015,1948,Multifamily Housing,274794,264500.0,66,ENERGYSTARSCORE,2019,Multifamily Housing,67,,,Meets BEPS,2023/09/15 04:00:00+00,38.96171122,-77.07323742,393652.5997164,143758.32690718,264382,,{0639A2BF-D414-2945-E063-782F520A104C},259428
-76.996749038676,38.9326460928693,PM4380591,3656 3228,4380591,,Monroe Street Market - Portland Flats,5060175,"Monroe Street Market - Campus (mn2016,mn207)",655 MICHIGAN AVE NE,MONROE STREET BLOCK B RETAIL LLC,5,"655 Michigan Avenue, NE",WASHINGTON,DC,20017,2013,Multifamily Housing,99365,99365.0,66,ENERGYSTARSCORE,2019,Multifamily Housing,69,,,Meets BEPS,2023/07/11 04:00:00+00,38.9326383,-76.99674675,400282.07036051,140528.43022535,309939,,{0639A2BF-D415-2945-E063-782F520A104C},259429
-76.9951614411306,38.9328661108712,PM4380598,3657 3227,4380598,,Monroe Street Market - Brookland Works,5060175,Monroe Street Market - Campus,716 MONROE ST NE,MONROE STREET BLOCK C RETAIL LLC,5,716 Monroe Street NE,WASHINGTON,DC,20017,2013,Multifamily Housing,169380,169380.0,66,ENERGYSTARSCORE,2019,Multifamily Housing,91,,,Meets BEPS,2023/07/16 04:00:00+00,38.93285832,-76.99515916,400419.71974799,140552.86045862,309744,,{0639A2BF-D416-2945-E063-782F520A104C},259430
-76.9837701131472,38.8372071348446,PM4380765,5919 0002,4380765,,serenity,,,1380 SOUTHERN AVE SE,1380 SOUTHERN AVENUE RE LLC,8,1380 Southern Ave SE,WASHINGTON,DC,20032,1982,Senior Living Community,50570,50570.0,50,ENERGYSTARSCORE,2019,Senior Care Community,30,-13.39%,-13.39%,Does Not Meet BEPS,2023/09/19 04:00:00+00,38.83719936,-76.98376784,401409.27986868,129934.09014222,277951,,{0639A2BF-D417-2945-E063-782F520A104C},259431
-77.0785691455459,38.9253394777825,PM4380807,1301 2753,4380807,,The Archbold Condominium,,,2725 39TH ST NW,THE ARCHBOLD CONDOMINIUM,3,2725 39th Street NW,WASHINGTON,DC,20007,1957,Multifamily Housing,53671,53671.0,66,ENERGYSTARSCORE,2019,Multifamily Housing,49,-10.90%,-10.90%,Does Not Meet BEPS,2023/08/23 04:00:00+00,38.92533169,-77.07856684,393187.2296529,139720.26028772,224273,,{0639A2BF-D418-2945-E063-782F520A104C},259432
-77.0533452098604,38.9282157197641,PM4005338,2210 0007,4005338,,2331 Cathedral Ave NW,,,2331 CATHEDRAL AVE NW,CATHCONN ASSOCIATES LP,3,2331 Cathedral Ave. NW,WASHINGTON,DC,20008,1925,Multifamily Housing,54786,54786.0,66,ENERGYSTARSCORE,2019,Multifamily Housing,98,,,Meets BEPS,2023/05/04 04:00:00+00,38.92820793,-77.05334291,395374.65982556,140037.96723653,219215,,{0639A2BF-D419-2945-E063-782F520A104C},259433
-77.0501601093993,38.9159441878021,PM4005350,2528 0891,4005350,,The William Penn Apartments,,,2231 CALIFORNIA ST NW,WILLIAM PENNSYLVANIA LTD,2,2231 California Ave,WASHINGTON,DC,20008,1943,Multifamily Housing,65514,65514.0,66,ENERGYSTARSCORE,2019,Multifamily Housing,98,,,Meets BEPS,2023/05/04 04:00:00+00,38.9159364,-77.05015781,395650.08993667,138675.56719295,235022,,{0639A2BF-D41A-2945-E063-782F520A104C},259434
-77.0391020198425,38.9330474655641,PM4005419,2612 0651,4005419,,Park Regent Apartments,,,1701 PARK RD NW,PARK REGENT LLC,1,1701 Park RD NW,WASHINGTON,DC,20010,1910,Multifamily Housing,64409,64410.0,66,ENERGYSTARSCORE,2019,Multifamily Housing,92,,,Meets BEPS,2023/06/01 04:00:00+00,38.93303967,-77.03909972,396609.9101827,140573.70675963,233668,,{0639A2BF-D41B-2945-E063-782F520A104C},259435
-77.0540294513904,38.9286762077597,PM4005427,2210 0011,4005427,,2915 Connecticut Ave.,,,2915 CONNECTICUT AVE NW,CATHCONN ASSOCIATES LP,3,2915 Connecticut Ave. NW,WASHINGTON,DC,20008,1925,Multifamily Housing,60596,60596.0,66,ENERGYSTARSCORE,2019,Multifamily Housing,95,,,Meets BEPS,2023/06/29 04:00:00+00,38.92866842,-77.05402715,395315.35993744,140089.12046644,219217,,{0639A2BF-D41C-2945-E063-782F520A104C},259436
-77.0330029250631,38.9070398990966,PM4005428,0212 2226,4005428,,"Towne Terrace East, A Condominium",,,1420 N ST NW,TOWNE TERRACE EAST CONDO,2,"1420 N Street, NW",WASHINGTON,DC,20005,1964,Multifamily Housing,87858,191474.0,66,ENERGYSTARSCORE,2019,Multifamily Housing,81,,,Meets BEPS,2023/05/04 04:00:00+00,38.90703211,-77.03300063,397137.68007102,137686.43992102,226615,,{0639A2BF-D41D-2945-E063-782F520A104C},259437
-77.0094793967527,38.8714870928044,PM4005498,0657 0817,4005498,,U-Haul Moving & Storage at S Capitol St SW (818037),,,1501 SOUTH CAPITOL ST SW,FIVE SAC RW LLC,6,1501 S Capitol St SW,WASHINGTON,DC,20003,1950,Self-Storage Facility,146322,145000.0,21,WEATHERNORMALZEDSOUREUI_KBTUFT,2019,Nonrefrigerated warehouse (Self-Storage Facility),49.5,-57.58%,-20.00%,Does Not Meet BEPS,2023/07/19 04:00:00+00,38.87147931,-77.00947711,399177.5901738,133739.32692076,299776,,{0639A2BF-D41E-2945-E063-782F520A104C},259438
-77.0779647463225,38.9439107576756,PM4005943,1786 0008,4005943,,PSYCHIATRIC INSTITUTE OF WASHINGTON,,,4228 WISCONSIN AVE NW,TAMOL LP,3,4228 WISCONSIN AVENUE,WASHINGTON,DC,20016,1974,Other/Specialty Hospital,101684,72087.0,426,SOURCEEUI_KBTU_FT,2019,Hospital/Healthcare,234.1,,,Meets BEPS,2023/05/04 04:00:00+00,38.94390296,-77.07796244,393241.39963734,141781.78760728,222976,,{0639A2BF-D41F-2945-E063-782F520A104C},259439
-77.0174055585877,38.9041110457142,PM4005952,0515N 0866,4005952,,Square N515,,,425 L ST NW,SQUARE N515 ASSOCIATES LLC,6,425 L Street NW,WASHINGTON,DC,20001,2012,Multifamily Housing,414571,337838.0,66,ENERGYSTARSCORE,2019,Multifamily Housing,92,,,Meets BEPS,2023/07/12 04:00:00+00,38.90410326,-77.01740327,398490.45994625,137360.94029556,279770,,{0639A2BF-D420-2945-E063-782F520A104C},259440
-77.0536723138395,38.903441745445,PM4006008,0015 0048,4006008,,Avenue suites,,,2500 PENNSYLVANIA AVE NW,FLORENZ R OURISMAN HOSPITALITY PARTNERS,2,2500 pennsylvania ave nw,WASHINGTON,DC,20037,1978,Hotel,94951,108766.0,54,ENERGYSTARSCORE,2019,Hotel,56,,,Meets BEPS,2023/05/04 04:00:00+00,38.90343396,-77.05367001,395344.68029325,137287.86716008,273885,,{0639A2BF-D421-2945-E063-782F520A104C},259441
-77.0446077757173,38.9075921118949,PM4006484,0115 1057,4006484,,The Lauren Condominium,,,1301 20TH ST NW,THE LAUREN CONDOMINIUM,2,"1301 20th St., NW",WASHINGTON,DC,20036,1973,Multifamily Housing,93684,93684.0,66,ENERGYSTARSCORE,2019,Multifamily Housing,68,,,Meets BEPS,2023/05/04 04:00:00+00,38.90758432,-77.04460548,396131.15981124,137748.16757479,226640,,{0639A2BF-D422-2945-E063-782F520A104C},259442
-76.9729388884638,38.9146781331441,PM4006488,"4395 0816; 4396 0153; 4396 0154",4006488,,Parkway Plaza 1 & 2 & 3,,,1814 24TH ST NE,"LIPNICK, MAURICE",5,1810-1826 24th Street NE,WASHINGTON,DC,20002,1962,Multifamily Housing,52944,180210.0,66,ENERGYSTARSCORE,2019,Multifamily Housing,18,-28.64%,-20.00%,Does Not Meet BEPS,2023/09/19 04:00:00+00,38.91467034,-76.97293661,402347.10021339,138534.17689131,150142,,{0639A2BF-D423-2945-E063-782F520A104C},259443
-77.0340931447704,38.9355131655289,PM4007112,2688 0107,4007112,,Tivoli - 2 - 1445 Otis Place,,,1445 OTIS PL NW,THE MORRIS AND GWENDOLYN CAFRITZ FOUNDATION,1,"1445 Otis Place, NW",WASHINGTON,DC,20010,1932,Multifamily Housing,90652,87060.0,66,ENERGYSTARSCORE,2019,Multifamily Housing,60,-4.16%,-4.16%,Does Not Meet BEPS,2023/07/29 04:00:00+00,38.93550537,-77.03409085,397044.29986515,140847.24683958,234778,,{0639A2BF-D424-2945-E063-782F520A104C},259444
-77.0338353751431,38.9350563663708,PM4007117,2688 0805,4007117,,Tivoli - 1 - 1445 Ogden,,,1445 OGDEN ST NW,THE MORRIS AND GWENDOLYN CAFRITZ FOUNDATION,1,"1445 Ogden Street, NW",WASHINGTON,DC,20010,1932,Multifamily Housing,90652,90671.0,66,ENERGYSTARSCORE,2019,Multifamily Housing,46,-12.62%,-12.62%,Does Not Meet BEPS,2023/07/29 04:00:00+00,38.93504857,-77.03383308,397066.62990681,140796.52973696,234781,,{0639A2BF-D425-2945-E063-782F520A104C},259445
-77.0314589374394,38.9648537700918,PM4007122,2790 0810,4007122,,1329-1337 Ft Stevens,,,1331 FORT STEVENS DRIVE NW,1329-1337 FT STEVENS DR LLC,4,1329-1337 Ft Stevens Dr,WASHINGTON,DC,20011,1942,Multifamily Housing,64692,64692.0,66,ENERGYSTARSCORE,2019,Multifamily Housing,61,-3.49%,-3.49%,Does Not Meet BEPS,2023/09/19 04:00:00+00,38.96484597,-77.03145664,397273.81001189,144104.23699992,283985,,{0639A2BF-D426-2945-E063-782F520A104C},259446
-77.0334976861998,38.9098198873713,PM4007389,"0209 0929; 0209 2636",4007389,,The DeSoto,,,1443 P ST NW,METRO MARKET,2,1445 P St NW,WASHINGTON,DC,20005,2004,Multifamily Housing,57992,116342.0,66,ENERGYSTARSCORE,2019,Multifamily Housing,71,,,Meets BEPS,2023/05/04 04:00:00+00,38.9098121,-77.03349539,397094.88014161,137995.05717269,297788,,{0639A2BF-D427-2945-E063-782F520A104C},259447
-77.0684709457016,38.9539799355263,PM4007417,2033 0016,4007417,,The Methodist Home of DC and Forest Side Assisted Living,,,4901 CONNECTICUT AVE NW,METHODIST HOME OF D C INC,3,4901 Connecticut Ave.,WASHINGTON,DC,20008,1926,Senior Care Community,82300,101100.0,50,ENERGYSTARSCORE,2019,Senior Care Community,11,-27.80%,-20.00%,Does Not Meet BEPS,2023/09/19 04:00:00+00,38.95397214,-77.06846864,394065.25978671,142898.89711022,220518,,{0639A2BF-D428-2945-E063-782F520A104C},259448
-77.0412861143976,38.9206782323112,PM4007429,2560 1493,4007429,,Lofts at Adams Morgan Condominiums - 2328 Champlain St. NW,,,2328 CHAMPLAIN ST NW,THE LOFTS @ ADAMS MORGAN CONDO,1,2328 Champlain Street NW,WASHINGTON,DC,20009,2002,Multifamily Housing,63767,63767.0,66,ENERGYSTARSCORE,2019,Multifamily Housing,36,-18.17%,-18.17%,Does Not Meet BEPS,2023/09/17 04:00:00+00,38.92067044,-77.04128382,396419.91971726,139200.69983519,284366,,{0639A2BF-D429-2945-E063-782F520A104C},259449
-77.0902876314979,38.9399580757692,PM4007432,1600 0818,4007432,,Wesley Theological Seminary,,,4500 MASSACHUSETTS AVE NW,WESLEY THEOLOGICAL SEMINARY OF METHODIST CHURCH,3,4500 Massachusetts Ave Nw,WASHINGTON,DC,20016,1959,College/University,167406,159958.0,180,WEATHERNORMALZEDSOUREUI_KBTUFT,2019,College/University,123,,,Meets BEPS,2023/05/04 04:00:00+00,38.93995028,-77.09028532,392172.68977439,141343.98967927,301589,,{0639A2BF-D42A-2945-E063-782F520A104C},259450
-77.0776680255093,38.9301164433649,PM4007715,1815 1072,4007715,,Warwick Condominium,,,3051 IDAHO AVE NW,THE WARWICK CONDOMINIUM,3,3051 Idaho Avenue NW,WASHINGTON,DC,20016,1938,Multifamily Housing,57453,81577.0,66,ENERGYSTARSCORE,2019,Multifamily Housing,68,,,Meets BEPS,2023/05/04 04:00:00+00,38.93010865,-77.07766572,393265.81964825,140250.4767786,276030,,{0639A2BF-D42B-2945-E063-782F520A104C},259451
-77.0303447369937,38.9054494747946,PM4007724,0246 0017,4007724,,Krasner Building,,,1325 MASSACHUSETTS AVE NW,NATCA MEMBERSHIP INVESTMENT INC,2,"1325 Massachusetts Avenue, NW",WASHINGTON,DC,20005,1965,Office,67394,67394.0,71,ENERGYSTARSCORE,2019,Office_all,81,,,Meets BEPS,2023/05/04 04:00:00+00,38.90544169,-77.03034244,397368.18031886,137509.81037391,240632,,{0639A2BF-D42C-2945-E063-782F520A104C},259452
-77.0032583566638,38.9010869938244,PM4007789,0751 2930,4007789,,Senate Square,,,201 I ST NE,LPF SENATE SQUARE LLC,6,201 I Street NE,WASHINGTON,DC,20002,2009,Multifamily Housing,432815,512484.0,66,ENERGYSTARSCORE,2019,Multifamily Housing,15,-30.68%,-20.00%,Does Not Meet BEPS,2023/05/04 04:00:00+00,38.90107921,-77.00325607,399717.5601775,137025.10749616,301222,,{0639A2BF-D42D-2945-E063-782F520A104C},259453
-77.0830722633775,38.9349302180584,PM4007835,1601 2421,4007835,,Fox Hall East Condominiums,,,4200 MASSACHUSETTS AVE NW,FOX HALL EAST CONDO,3,4200 Massachusetts Avenue,WASHINGTON,DC,20016,1972,Multifamily Housing,210267,280875.0,66,ENERGYSTARSCORE,2019,Multifamily Housing,1,-48.19%,-20.00%,Does Not Meet BEPS,2023/05/24 04:00:00+00,38.93492243,-77.08306995,392797.72015959,140785.26045243,224798,,{0639A2BF-D42E-2945-E063-782F520A104C},259454
-77.0330165170664,38.9329147680768,PM4007843,2678 0709,4007843,,Allegro Apartments,,,3460 14TH ST NW,PR ALLEGRO LLC,1,3460 14th Street NW,WASHINGTON,DC,20010,2009,Multifamily Housing,353792,279122.0,66,ENERGYSTARSCORE,2019,Multifamily Housing,85,,,Meets BEPS,2023/08/14 04:00:00+00,38.93290697,-77.03301422,397137.54010696,140558.76750299,234578,,{0639A2BF-D42F-2945-E063-782F520A104C},259455
-77.0024404777672,38.9028104926765,PM4007896,0749 0828,4007896,,Loree Grand,,,250 K ST NE,UNION PLACE PHASE I,6,250 K Street NE,WASHINGTON,DC,20002,2010,Multifamily Housing,307676,236905.0,66,ENERGYSTARSCORE,2019,Multifamily Housing,89,,,Meets BEPS,2023/09/24 04:00:00+00,38.9028027,-77.00243819,399788.51028614,137216.42655548,305783,,{0639A2BF-D430-2945-E063-782F520A104C},259456
-77.023295573024,38.8950413924394,PM4007903,0407 3046,4007903,,The Lexington at Market Square I (lx120) (lx147),,,400 8TH ST NW,LEXINGTON 407 LLC,2,400 8th Street NW,WASHINGTON,DC,20004,1999,Multifamily Housing,111029,99672.0,66,ENERGYSTARSCORE,2019,Multifamily Housing,29,-22.06%,-20.00%,Does Not Meet BEPS,2023/09/14 04:00:00+00,38.89503361,-77.02329328,397979.31022008,136354.25043161,238147,,{0639A2BF-D431-2945-E063-782F520A104C},259457
-77.0354893305877,38.933896480134,PM4008015,2681 0799,4008015,,Urban Village,,,1502 MERIDIAN PL NW,UV LP,1,3403 16th St NW,WASHINGTON,DC,20010,1978,Multifamily Housing,69263,69619.0,66,ENERGYSTARSCORE,2019,Multifamily Housing,47,-12.05%,-12.05%,Does Not Meet BEPS,2023/09/19 04:00:00+00,38.93388869,-77.03548703,396923.18034061,140667.82739633,284657,,{0639A2BF-D432-2945-E063-782F520A104C},259458
-77.0313733783718,38.9631507830519,PM4008029,2791 0812,4008029,,Fort View,,,6000 13TH PL NW,FORT VIEW LP,4,6030 13th Place NW,WASHINGTON,DC,20011,1939,Multifamily Housing,60885,60885.0,66,ENERGYSTARSCORE,2019,Multifamily Housing,75,,,Meets BEPS,2023/05/04 04:00:00+00,38.96314298,-77.03137108,397281.16010392,143915.18663358,285303,,{0639A2BF-D433-2945-E063-782F520A104C},259459
-77.0403374618,38.9028219308737,PM4008037,0163 0056,4008037,,1717 K St NW,,,1719 K ST NW,1000 CONN AVE ASSOCIATES LLC,2,1717 K St NW,WASHINGTON,DC,20036,2012,Office,430428,406131.0,71,ENERGYSTARSCORE,2019,Office_all,77,,,Meets BEPS,2023/05/04 04:00:00+00,38.90281414,-77.04033517,396501.30961209,137218.46659917,298465,,{0639A2BF-D434-2945-E063-782F520A104C},259460
-77.023295573024,38.8950413924394,PM4008040,0407 3046,4008040,,The Lexington at Market Square II,,,400 8TH ST NW,LEXINGTON 407 LLC,2,444 8th Street NW,WASHINGTON,DC,20004,2002,Multifamily Housing,111029,59631.0,66,ENERGYSTARSCORE,2019,Multifamily Housing,3,-42.90%,-20.00%,Does Not Meet BEPS,2023/09/25 04:00:00+00,38.89503361,-77.02329328,397979.31022008,136354.25043161,279784,,{0639A2BF-D435-2945-E063-782F520A104C},259461
-77.0193523405311,38.8931325901184,PM4008041,0491 3139,4008041,,Newseum Residences (nw75),,,555 PENNSYLVANIA AVE NW,THE JOHNS HOPKINS UNIVERSITY,2,565 Pennsylvania Ave NW,WASHINGTON,DC,20001,2007,Multifamily Housing,389719,145435.0,66,ENERGYSTARSCORE,2019,Multifamily Housing,74,,,Meets BEPS,2023/07/15 04:00:00+00,38.8931248,-77.01935005,398321.34012025,136142.27755279,305117,,{0639A2BF-D436-2945-E063-782F520A104C},259462
-76.9990266249143,38.9358832678141,PM4008453,3821 0044,4008453,,The Catholic University of America,4008453,The Catholic University of America,3502 JOHN MCCORMACK ROAD NE,CATHOLIC UNIVERSITY OF AMERICA,5,"620 Michigan Ave., N.E.",WASHINGTON,DC,20064,1900,Mixed Use Property,2001995,2253147.2,248,Blended Custom Source Energy Use Intensity (EUI),2019,Catholic University Law Campus,211.7,,,Meets BEPS,2023/07/26 04:00:00+00,38.93587547,-76.99902434,400084.5899557,140887.77973941,300821,,{0639A2BF-D437-2945-E063-782F520A104C},259463
-77.0815969775581,38.9232472735644,PM4008538,1708 2440,4008538,,"4114 Davis Place, A Condominium Residence",,,4114 DAVIS PL NW,GLOVER PARK CONDO,3,4114 Davis Place NW,WASHINGTON,DC,20007,1955,Multifamily Housing,54937,54937.0,66,ENERGYSTARSCORE,2019,Multifamily Housing,60,-4.16%,-4.16%,Does Not Meet BEPS,2023/09/13 04:00:00+00,38.92323948,-77.08159467,392924.46975613,139488.23758644,274864,,{0639A2BF-D438-2945-E063-782F520A104C},259464
-77.0339483854018,38.9207198707987,PM4013965,2661 1714,4013965,,Fedora Condominiums - 1451 Belmont St. NW,,,1451 BELMONT ST NW,THE FEDORA CONDOMINIUM,1,1451 Belmont Street NW,WASHINGTON,DC,20009,2008,Multifamily Housing,93388,93388.0,66,ENERGYSTARSCORE,2019,Multifamily Housing,82,,,Meets BEPS,2023/05/04 04:00:00+00,38.92071208,-77.03394609,397056.24000236,139205.06003429,234181,,{0639A2BF-D439-2945-E063-782F520A104C},259465
-77.0727583088852,38.9227952988055,PM4013967,1935 1708,4013967,,Georgetown Heights - 2501 Wisconsin Ave NW,,,2501 WISCONSIN AVE NW,GEORGETOWN HEIGHTS CONDO,3,2501 Wisconsin Avenue NW,WASHINGTON,DC,20007,2008,Multifamily Housing,85332,100516.0,66,ENERGYSTARSCORE,2019,Multifamily Housing,70,,,Meets BEPS,2023/09/25 04:00:00+00,38.92278751,-77.072756,393690.88011273,139437.41714098,300366,,{0639A2BF-D43A-2945-E063-782F520A104C},259466
-77.0479594963721,38.9099953822134,PM4013971,0067 1018,4013971,,Dupont West Condominiums - 2141 P St. NW,,,2141 P ST NW,DUPONT WEST CONDOMINIUM,2,2141 P Street NW,WASHINGTON,DC,20057,1980,Multifamily Housing,65008,65008.0,66,ENERGYSTARSCORE,2019,Multifamily Housing,29,-22.06%,-20.00%,Does Not Meet BEPS,2023/09/13 04:00:00+00,38.90998759,-77.0479572,395840.58976477,138015.09757937,226048,,{0639A2BF-D43B-2945-E063-782F520A104C},259467
-77.0049682807923,38.9059077906106,PM4013975,"0711 0812; 0711 0816",4013975,,Flats 130 at Constitution Square I,7871629,Flats 130 - Phase I and II,130 M ST NE,THE FLATS 130 DC RESIDENTIAL LLC,6,130 M Street NE,WASHINGTON,DC,20002,2010,Multifamily Housing,657617,496052.0,66,ENERGYSTARSCORE,2019,Multifamily Housing,72,,,Meets BEPS,2023/05/04 04:00:00+00,38.9059,-77.004966,399569.26559647,137560.26084372,303694,,{0639A2BF-D43C-2945-E063-782F520A104C},259468
-77.0562049182162,38.9000357820394,PM4013976,0008 0809,4013976,,Watergate West - 2700 Virginia Ave NW,,,2700 VIRGINIA AVE NW,WATERGATE WEST INC,2,2700 Virginia Avenue NW,WASHINGTON,DC,20037,1968,Multifamily Housing,307722,290413.0,66,ENERGYSTARSCORE,2019,Multifamily Housing,30,-21.49%,-20.00%,Does Not Meet BEPS,2023/09/20 04:00:00+00,38.900028,-77.05620262,395124.76975533,136909.91045172,279608,,{0639A2BF-D43D-2945-E063-782F520A104C},259469
-77.0376379954823,38.9167432473282,PM4013982,0176 0062,4013982,,Urban Adventures of Washington,,,1612 U ST NW,URBAN ADVENTURES OF WASH INC,2,1612 U Street NW,WASHINGTON,DC,20009,1923,Fitness Center/Health Club/Gym,53038,46530.0,206,WEATHERNORMALZEDSOUREUI_KBTUFT,2019,Recreation,389.8,-47.15%,-20.00%,Does Not Meet BEPS,2023/09/14 04:00:00+00,38.91673546,-77.0376357,396736.09993091,138763.74731533,241860,,{0639A2BF-D43E-2945-E063-782F520A104C},259470
-77.0369773740187,38.9107079614647,PM4013984,0180 0801,4013984,,Hightowers Condominium - 1530 16th St. NW,,,1530 16TH ST NW,HIGHTOWER APARTMENTS LP,2,1530 16th Street NW,WASHINGTON,DC,20036,1933,Multifamily Housing,64042,64042.0,66,ENERGYSTARSCORE,2019,Multifamily Housing,89,,,Meets BEPS,2023/06/01 04:00:00+00,38.91070017,-77.03697508,396793.11985356,138093.75672385,225745,,{0639A2BF-D43F-2945-E063-782F520A104C},259471
-76.9954422696076,38.9204253400411,PM4013991,"3848 0824; 3848 0825",4013991,,Rhode Island Row,,,2300 WASHINGTON PLACE NE,WASHINGTON METROPOLITAN AREA TRANSITY AUTHORITY,5,2300 Washington Place NE,WASHINGTON,DC,20018,2012,Multifamily Housing,173828,401517.0,66,ENERGYSTARSCORE,2019,Multifamily Housing,81,,,Meets BEPS,2023/09/23 04:00:00+00,38.92041755,-76.99543999,400395.43967422,139171.82727124,306518,,{0639A2BF-D440-2945-E063-782F520A104C},259472
-77.0305204356371,38.9172937775898,PM4013992,0236 0067,4013992,,The Ellington,,,1301 U ST NW,JAMESTOWN 1301 U LP,1,1301 U Street NW,WASHINGTON,DC,20009,2004,Multifamily Housing,282029,233792.0,66,ENERGYSTARSCORE,2019,Multifamily Housing,67,,,Meets BEPS,2023/09/09 04:00:00+00,38.91728599,-77.03051814,397353.38013361,138824.63032802,297578,,{0639A2BF-D441-2945-E063-782F520A104C},259473
-77.0720781041693,38.9204598880226,PM4014013,1300 1062,4014013,,Sheffield Condominiums - 2320 Wisconsin Ave NW,,,2320 WISCONSIN AVE NW,THE SHEFFIELD CONDOMINIUM,3,2320 Wisconsin Avenue NW,WASHINGTON,DC,20007,1980,Multifamily Housing,55159,66717.0,66,ENERGYSTARSCORE,2019,Multifamily Housing,64,-1.44%,-1.44%,Does Not Meet BEPS,2023/09/21 04:00:00+00,38.9204521,-77.0720758,393749.65973456,139178.12017877,224742,,{0639A2BF-D442-2945-E063-782F520A104C},259474
-77.0369286249822,38.9187678530568,PM4014015,0174 2153,4014015,,Washington House - 2120 16th St. NW,,,2120 16TH ST NW,WASHINGTON HOUSE LTD,1,2120 16th Street NW,WASHINGTON,DC,20009,1940,Multifamily Housing,84582,84582.0,66,ENERGYSTARSCORE,2019,Multifamily Housing,94,,,Meets BEPS,2023/05/25 04:00:00+00,38.91876006,-77.03692633,396797.70989572,138988.46972765,226315,,{0639A2BF-D443-2945-E063-782F520A104C},259475
-77.0670127823418,38.9511459035988,PM4014131,2037 1078,4014131,,Truman House - 4701 Connecticut Avenue Condominiums - Whole Building,,,4701 CONNECTICUT AVE NW,4701 CONNECTICUT AVE CONDO,3,4701 Connecticut Avenue NW,WASHINGTON,DC,20008,1927,Multifamily Housing,67836,67836.0,66,ENERGYSTARSCORE,2019,Multifamily Housing,62,-2.82%,-2.82%,Does Not Meet BEPS,2023/05/25 04:00:00+00,38.95113811,-77.06701047,394191.42041683,142584.20026643,223266,,{0639A2BF-D444-2945-E063-782F520A104C},259476
-77.040474445069,38.9010337244193,PM4014135,0127 0048,4014135,,Intrepid Eye Street,,,1720 I ST NW,"ARTHUR, ROBERT",2,1720 I Street NW,WASHINGTON,DC,20006,1968,Office,72545,72545.0,71,ENERGYSTARSCORE,2019,Office_all,76,,,Meets BEPS,2023/09/23 04:00:00+00,38.90102594,-77.04047215,396489.33990173,137019.96727494,279343,,{0639A2BF-D445-2945-E063-782F520A104C},259477
-77.0716152450067,38.9209346232825,PM4014187,1299 1028,4014187,,WICAL,,,2323 WISCONSIN AVE NW,WICAL LP,3,2323 Wisconsin Ave NW,WASHINGTON,DC,20007,1996,Parking,70474,35245.0,229,WEATHERNORMALZEDSOUREUI_KBTUFT,2019,Other,112.5,,,Meets BEPS,2023/05/11 04:00:00+00,38.92092683,-77.07161294,393789.83981672,139230.78760735,284358,,{0639A2BF-D446-2945-E063-782F520A104C},259478
-77.0795006236373,38.9305243957448,PM4014509,1802 0823,4014509,,The Cathedral Avenue Cooperative LLC,,,4101 CATHEDRAL AVE NW,2058 PARTNERSHIP LP,3,4101 Cathedral Ave NW,WASHINGTON,DC,20016,1963,Multifamily Housing,195417,195651.0,66,ENERGYSTARSCORE,2019,Multifamily Housing,68,,,Meets BEPS,2023/05/04 04:00:00+00,38.9305166,-77.07949831,393106.96030113,140295.89951536,223990,,{0639A2BF-D447-2945-E063-782F520A104C},259479
-77.030362879901,38.9039237883579,PM4014668,0247 0103,4014668,,New York University Washington DC,,,1311 L ST NW,NEW YORK UNIVERSITY,2,1307 L Street - NW,WASHINGTON,DC,20005,2012,College/University,69600,69600.0,180,WEATHERNORMALZEDSOUREUI_KBTUFT,2019,College/University,174,,,Meets BEPS,2023/05/04 04:00:00+00,38.903916,-77.03036059,397366.5497111,137340.44694434,240639,,{0639A2BF-D448-2945-E063-782F520A104C},259480
-77.0328465966766,38.9035553953796,PM4018293,0217 0805,4018293,,1029 Vermont Ave,,,1029 VERMONT AVE NW,VERMONT ASSOCIATES,2,1029 Vermont Ave NW,WASHINGTON,DC,20005,1921,Office,51024,51024.0,71,ENERGYSTARSCORE,2019,Office_all,25,-46.72%,-20.00%,Does Not Meet BEPS,2023/09/14 04:00:00+00,38.90354761,-77.0328443,397151.10023379,137299.62725624,240267,,{0639A2BF-D449-2945-E063-782F520A104C},259481
-77.0838608276822,38.9563029882965,PM4018294,1656 0009,4018294,,5100 Wisconsin Ave.,,,5100 WISCONSIN AVE NW,5100 WISCONSIN ASSOCIATES LLP,3,"5100 Wisconsin Avenue, NW",WASHINGTON,DC,20016,1965,Office,99790,92308.0,71,ENERGYSTARSCORE,2019,Office_all,29,-43.62%,-20.00%,Does Not Meet BEPS,2023/09/14 04:00:00+00,38.95629519,-77.08385851,392731.53039709,143157.88979018,265883,,{0639A2BF-D44A-2945-E063-782F520A104C},259482
-77.0378448523042,38.9149906989983,PM4018326,0177 0129,4018326,,The Windermere,,,1825 NEW HAMPSHIRE AVE NW,WINDERMERE HARROWGATE LLC,2,"1825 New Hampshire Avenue, NW",WASHINGTON,DC,20009,1919,Multifamily Housing,74360,74360.0,66,ENERGYSTARSCORE,2019,Multifamily Housing,96,,,Meets BEPS,2023/05/04 04:00:00+00,38.91498291,-77.03784256,396718.07965889,138569.20708996,241910,,{0639A2BF-D44B-2945-E063-782F520A104C},259483
-77.0055902464526,38.8855008020661,PM4018381,0733 0048,4018381,,Republican National Committee,,,310 1ST ST SE,REINCE PRIEBUS TRUSTEES,6,0310 1ST St SE,WASHINGTON,DC,20003,1971,Office,86102,76757.0,71,ENERGYSTARSCORE,2019,Office_all,48,-27.80%,-20.00%,Does Not Meet BEPS,2023/09/14 04:00:00+00,38.88549302,-77.00558796,399515.18017871,135294.92733271,40849,,{0639A2BF-D44C-2945-E063-782F520A104C},259484
-77.0519632937974,38.8985391775978,PM4018408,0031 0028,4018408,,Western Presbyterian Church,,,2401 VIRGINIA AVE NW,WESTERN PRESBYTERIAN CHURCH TRUSTEES,2,2401 Virginia Avenue N.W.,WASHINGTON,DC,20037,1994,Worship Facility,52404,48460.0,17,ENERGYSTARSCORE,2019,Worship Facility,46,,,Meets BEPS,2023/05/04 04:00:00+00,38.89853139,-77.05196099,395492.61036157,136743.55681841,218135,,{0639A2BF-D44D-2945-E063-782F520A104C},259485
-77.0481306815531,38.9034547898373,PM4018717,0073 0085,4018717,,Winston House,,,2140 L ST NW,WINSTON HOUSE ASSOCIATES LLC,2,2140 L Street NW,WASHINGTON,DC,20037,1991,Multifamily Housing,212570,200295.0,66,ENERGYSTARSCORE,2019,Multifamily Housing,98,,,Meets BEPS,2023/05/04 04:00:00+00,38.903447,-77.04812838,395825.36024427,137289.0466958,242484,,{0639A2BF-D44E-2945-E063-782F520A104C},259486
-77.0496223045192,38.9009827858111,PM4019461,0054 4047,4019461,,Residences on the Avenue (rs288) (rs290),,,2221 I ST NW,THE GEORGE WASHINGTON UNIVERSITY,2,2221 I Street NW,WASHINGTON,DC,20037,2011,Multifamily Housing,396876,396876.0,66,ENERGYSTARSCORE,2019,Multifamily Housing,26,-23.76%,-20.00%,Does Not Meet BEPS,2023/09/18 04:00:00+00,38.900975,-77.04962,395695.82847459,137014.7040811,307441,,{0639A2BF-D44F-2945-E063-782F520A104C},259487
-76.9331300973645,38.8900405769684,PM4019462,5140 0088,4019462,,Carver Senior Apartments,,,4806 EAST CAPITOL ST NE,CARVER SENIOR APARTMENTS LIMITED PARTNERSHIP,7,4800 East Capitol St NE,WASHINGTON,DC,20019,2007,Multifamily Housing,90094,90094.0,66,ENERGYSTARSCORE,2019,Multifamily Housing,63,-2.14%,-2.14%,Does Not Meet BEPS,2023/09/19 04:00:00+00,38.89003279,-76.93312784,405801.5595889,135800.98718919,17394,,{0639A2BF-D450-2945-E063-782F520A104C},259488
-77.0299976567837,38.9075116658907,PM4019470,0243 2538,4019470,,Solo Piazza Condominium,,,1300 13TH ST NW,SOLO PIAZZA CONDOMINIUM,2,"1300 13th Street, NW",WASHINGTON,DC,20005,2003,Multifamily Housing,86917,86917.0,,,,,,,,Does Not Meet BEPS: Incomplete/Missing Report,2023/09/24 04:00:00+00,38.90750388,-77.02999536,397398.36029905,137738.72029984,279017,,{0639A2BF-D451-2945-E063-782F520A104C},259489
-77.0316256813039,38.9185941696185,PM4019564,0235 2866,4019564,,"The Warehouses at Union Row, A Condominium",,,2125 14TH ST NW,THE WAREHOUSE @ UNION ROW,1,"2125 14th Street, NW",WASHINGTON,DC,20009,2008,Multifamily Housing,68190,68190.0,66,ENERGYSTARSCORE,2019,Multifamily Housing,42,-14.86%,-14.86%,Does Not Meet BEPS,2023/07/27 04:00:00+00,38.91858638,-77.03162339,397257.57972102,138969.01712747,303497,,{0639A2BF-D452-2945-E063-782F520A104C},259490
-77.0376905997384,38.9152601881984,PM4019574,0177 0130,4019574,,The Harrowgate,,,1833 NEW HAMPSHIRE AVE NW,WINDERMERE HARROGATE LLC,2,"1833 New Hampshire Avenue, NW",WASHINGTON,DC,20009,1919,Multifamily Housing,69192,69192.0,66,ENERGYSTARSCORE,2019,Multifamily Housing,91,,,Meets BEPS,2023/05/04 04:00:00+00,38.9152524,-77.0376883,396731.47030641,138599.11718516,241911,,{0639A2BF-D453-2945-E063-782F520A104C},259491
-77.0027697929122,38.8894411685948,PM4020000,0760 0031,4020000,,Folger Shakespeare Library,,,201 EAST CAPITOL ST SE,TRUSTEES OF AMHERST COLLEGE,6,201 East Capitol Street SE,WASHINGTON,DC,20003,1932,Museum,97632,66000.0,240,WEATHERNORMALZEDSOUREUI_KBTUFT,2019,Public assembly,155.2,,,Meets BEPS,2023/08/17 04:00:00+00,38.88943338,-77.00276751,399759.89992686,135732.32670789,278034,,{0639A2BF-D454-2945-E063-782F520A104C},259492
-77.033567751757,38.9094994404231,PM4020027,0210 0128,4020027,,1440 P Street,,,1440 P ST NW,"GERSTENFELD, S J",2,"1440 P Street, NW",WASHINGTON,DC,20005,1999,Supermarket/Grocery Store,81306,39000.0,64,ENERGYSTARSCORE,2019,Retail_all,45,-17.98%,-17.98%,Does Not Meet BEPS,2023/09/14 04:00:00+00,38.90949165,-77.03356546,397088.78975594,137959.48682659,279174,,{0639A2BF-D455-2945-E063-782F520A104C},259493
-77.0201646137297,38.9064459902597,PM4020144,0448 0111,4020144,,McCollough Canaanland Apartments,,,606 EMMANUEL CT NW,BISHOP S C MADISON TRUSTEE,6,"1202-1216 6th street, NW",WASHINGTON,DC,20001,1975,Multifamily Housing,82800,82800.0,,,,,,,,Does Not Meet BEPS: Incomplete/Missing Report,2023/05/25 04:00:00+00,38.9064382,-77.02016232,398251.20030527,137620.18683173,805840,,{0639A2BF-D456-2945-E063-782F520A104C},259494
-76.9918181834595,38.9161184760021,PM4021082,PAR 01420133,4021082,,Corporate Building,4021082,Corporate Building,1900 W PL NE,BLACK ENTERTAINMENT TELEVISION & DISTRICT OF COLUMBIA,5,1900 W Street NE,WASHINGTON,DC,20018,1985,Office,95000,95037.0,153,WEATHERNORMALZEDSOUREUI_KBTUFT,2019,Office_all,299.3,-48.88%,-20.00%,Does Not Meet BEPS,2023/05/04 04:00:00+00,38.91611068,-76.9918159,400709.76012902,138693.75052816,290014,,{0639A2BF-D457-2945-E063-782F520A104C},259495
-77.0479540602913,38.9043111066366,PM4021278,0072 0006,4021278,,West End Part of the Georgetown Collection,,,1121 NEW HAMPSHIRE AVE NW,GEORGETOWN SUITES LLC,2,1121 New Hampshire Avenue Northwest,WASHINGTON,DC,20037,1965,Hotel,55161,55161.0,54,ENERGYSTARSCORE,2019,Hotel,57,,,Meets BEPS,2023/05/04 04:00:00+00,38.90430332,-77.04795176,395840.73013524,137384.09707105,242738,,{0639A2BF-D458-2945-E063-782F520A104C},259496
-77.0377673401216,38.9040542412414,PM4023596,0183 0847,4023596,,American Federation of State County && Municiple Employees,,,1625 L ST NW,AFSCME BUILDING CORPORATION,2,1625 L Street NW,WASHINGTON,DC,20036,1955,Office,75033,75033.0,71,ENERGYSTARSCORE,2019,Office_all,73,,,Meets BEPS,2023/09/13 04:00:00+00,38.90404645,-77.03776504,396724.3003968,137355.16759625,242026,,{0639A2BF-D459-2945-E063-782F520A104C},259497
-77.0735556065152,38.9247913415569,PM4029073,1932 0001,4029073,,Highview Towers,,,2700 WISCONSIN AVE NW,HIGHVIEW TOWERS INC,3,2700 Wisconsin Avenue NW,WASHINGTON,DC,20007,1960,Multifamily Housing,55355,50000.0,66,ENERGYSTARSCORE,2019,Multifamily Housing,56,-6.72%,-6.72%,Does Not Meet BEPS,2023/09/19 04:00:00+00,38.92478355,-77.0735533,393621.91987487,139659.04987707,262656,,{0639A2BF-D45A-2945-E063-782F520A104C},259498
-77.0284765895161,38.9413163093176,PM4036707,2911 0004,4036707,,Library of Congress,,,1291 TAYLOR ST NW,HIMMELFARB PROPERTIES INC,4,"1291 Taylor Street, NW",WASHINGTON,DC,20011,1960,Office,88808,93166.0,71,ENERGYSTARSCORE,2019,Office_all,97,,,Meets BEPS,2023/05/04 04:00:00+00,38.94130851,-77.02847429,397531.46039736,141491.27957189,223665,,{0639A2BF-D45B-2945-E063-782F520A104C},259499
-77.0072379139109,38.8757396694192,PM4037665,0701 0853,4037665,,55 M Street,,,1230 HALF ST SE,55M DC OWNER LLC,6,"55 M Street SE, Suite 100",WASHINGTON,DC,20003,2008,Office,393035,256719.0,71,ENERGYSTARSCORE,2019,Office_all,78,,,Meets BEPS,2023/07/26 04:00:00+00,38.87573189,-77.00723563,399372.13996531,134211.3774011,306664,,{0639A2BF-D45C-2945-E063-782F520A104C},259500
-77.0642434078108,38.9148714268796,PM4039011,2155 0812,4039011,,Dumbarton Oak Reserach Library and Collections,,,3203 S ST NW,TRUSTEES FOR HARVARD UNIVERSITY,2,1703 32nd Street NW,WASHINGTON,DC,20007,1949,Museum,89755,157858.0,240,WEATHERNORMALZEDSOUREUI_KBTUFT,2019,Public assembly,338.7,-29.14%,-20.00%,Does Not Meet BEPS,2023/07/18 04:00:00+00,38.91486364,-77.0642411,394428.64029159,138557.24721273,261706,,{0639A2BF-D45D-2945-E063-782F520A104C},259501
-77.0867146205158,38.908824923218,PM4044593,1356 0857,4044593,,The Palisade Apartments,,,4540 MACARTHUR BLVD NW,PALISADES LLC,3,4540 MacArthur Blvd NW,WASHINGTON,DC,20007,1954,Multifamily Housing,56032,51800.0,66,ENERGYSTARSCORE,2019,Multifamily Housing,90,,,Meets BEPS,2023/05/04 04:00:00+00,38.90881714,-77.08671231,392479.16995179,137887.64739095,224291,,{0639A2BF-D45E-2945-E063-782F520A104C},259502
-77.0209569423046,38.897947997429,PM4044605,0455 0047,4044605,,Verizon Center,,,601 F STREET NW,DISTRICT OF COLUMBIA,2,601 F Street NW,WASHINGTON,DC,20004,1997,Indoor Arena,479505,836840.0,240,WEATHERNORMALZEDSOUREUI_KBTUFT,2019,Public assembly,235.8,,,Meets BEPS,2023/05/04 04:00:00+00,38.89794021,-77.02095465,398182.26020531,136676.85695248,238712,,{0639A2BF-D45F-2945-E063-782F520A104C},259503
-77.0409325027832,38.9029042404439,PM4045690,0163 0849,4045690,,FINRA1735K,,,1735 K ST NW,NATIONAL ASSOC SECURITIES DEALERS INC,2,"1735 K STREET, NW",WASHINGTON,DC,20006,1962,Financial Office,96720,90000.0,71,ENERGYSTARSCORE,2019,Office_all,41,-33.99%,-20.00%,Does Not Meet BEPS,2023/05/04 04:00:00+00,38.90289645,-77.04093021,396449.6996809,137227.62664623,218463,,{0639A2BF-D460-2945-E063-782F520A104C},259504
-77.0124770707431,38.8954550648419,PM4051768,0571 0055,4051768,,440 First St NW,,,440 1ST ST NW,FP 440 1ST STREET LLC,6,440 First Street NW,WASHINGTON,DC,20001,2013,Office,141930,145820.0,71,ENERGYSTARSCORE,2019,Office_all,59,-16.48%,-16.48%,Does Not Meet BEPS,2023/05/04 04:00:00+00,38.89544728,-77.01247478,398917.82031217,136399.98721895,285551,,{0639A2BF-D461-2945-E063-782F520A104C},259505
-77.0289762014085,38.9575814154144,PM4053839,2934 0802,4053839,,The Verona,,,5601 13TH ST NW,5601 13TH STREET NW LLC,4,"5601 13th Street, N.W.",WASHINGTON,DC,20011,1955,Multifamily Housing,70212,52680.0,66,ENERGYSTARSCORE,2019,Multifamily Housing,16,-29.98%,-20.00%,Does Not Meet BEPS,2023/09/19 04:00:00+00,38.95757362,-77.02897391,397488.71959495,143296.86736703,253108,,{0639A2BF-D462-2945-E063-782F520A104C},259506
-76.993815050567,38.8992539446929,PM4056047,0912 0057,4056047,,Capitol Hill Towers,,,900 G STREET NE,NEW CAPITOL HILL TOWERS ASSOCIATES LLC,6,900 G Street NE,WASHINGTON,DC,20002,1980,Multifamily Housing,166224,166224.0,66,ENERGYSTARSCORE,2019,Multifamily Housing,37,-17.62%,-17.62%,Does Not Meet BEPS,2023/05/31 04:00:00+00,38.89924616,-76.99381277,400536.70991341,136821.63739777,289042,,{0639A2BF-D463-2945-E063-782F520A104C},259507
-77.0431414524771,38.9283501291474,PM4066546,2588 0222,4066546,,Harvard Towers,,,1845 HARVARD STREET NW,DISTRICT OF COLUMBIA HOUSING AUTHORITY,1,1845 Harvard St. NW,WASHINGTON,DC,20009,1964,Multifamily Housing,148458,157320.0,66,ENERGYSTARSCORE,2019,Multifamily Housing,62,-2.82%,-2.82%,Does Not Meet BEPS,2023/09/19 04:00:00+00,38.92834234,-77.04313915,396259.43032729,140052.42035005,236261,,{0639A2BF-D464-2945-E063-782F520A104C},259508
-76.9342170392472,38.8985583664331,PM4066862,5147 0081,4066862,,Glendale Plaza Apartments,,,4651 NANNIE HELEN BURROUGHS AVE NE,CIH GLENDALE PLAZA LP,7,4651 Nanni Helen Burroughs Av,WASHINGTON,DC,20019,1971,Multifamily Housing,77767,77767.0,66,ENERGYSTARSCORE,2019,Multifamily Housing,36,-18.17%,-18.17%,Does Not Meet BEPS,2023/09/19 04:00:00+00,38.89855058,-76.93421478,405706.57967775,136746.460435,288260,,{0639A2BF-D465-2945-E063-782F520A104C},259509
-77.040348028695,38.8960265593613,PM4067117,0171 0815,4067117,,1700 New York Avenue,,,1700 NEW YORK AVE NW,1700 NEW YORK AVENUE LLC,2,"1700 New York Avenue, NW",WASHINGTON,DC,20006,2013,Office,124000,123017.0,71,ENERGYSTARSCORE,2019,Office_all,71,,,Meets BEPS,2023/05/04 04:00:00+00,38.89601877,-77.04034573,396500.06024593,136464.12661462,309752,,{0639A2BF-D466-2945-E063-782F520A104C},259510
-77.0375863435848,38.9034101031388,PM4096712,0184 0856,4096712,,1620 L Street,,,1620 L ST NW,1620 L STREET DC OWNER LLC,2,1620 L Street NW,WASHINGTON,DC,20036,1989,Office,160944,182852.0,71,ENERGYSTARSCORE,2019,Office_all,64,-10.32%,-10.32%,Does Not Meet BEPS,2023/05/04 04:00:00+00,38.90340232,-77.03758405,396739.96983847,137283.65748225,243310,,{0639A2BF-D467-2945-E063-782F520A104C},259511
-76.9999558386485,38.8767189265126,PM4097073,0825S 0845,4097073,,Carroll Apartments,,,410 M STREET SE,DISTRICT OF COLUMBIA HOUSING AUTHORITY,6,410 M Street SE,WASHINGTON,DC,20003,1964,Multifamily Housing,48064,48064.0,66,ENERGYSTARSCORE,2019,Multifamily Housing,48,-11.48%,-11.48%,Does Not Meet BEPS,2023/09/07 04:00:00+00,38.87671114,-76.99995356,400004.02970023,134320.05666572,155956,,{0639A2BF-D468-2945-E063-782F520A104C},259512
-77.0288198369903,38.905860884986,PM4097096,0281 0047,4097096,,Claridge Towers,,,1221 M STREET NW,DISTRICT OF COLUMBIA HOUSING AUTHORITY,2,1221 M St. NW,WASHINGTON,DC,20009,1967,Multifamily Housing,252263,198000.0,66,ENERGYSTARSCORE,2019,Multifamily Housing,55,-7.33%,-7.33%,Does Not Meet BEPS,2023/09/07 04:00:00+00,38.9058531,-77.02881754,397500.46035756,137555.43736819,278959,,{0639A2BF-D469-2945-E063-782F520A104C},259513
-76.9609383801067,38.9280684070636,PM4097099,4325 0020,4097099,,Fort Lincoln,,,2855 BLADENSBURG ROAD NE,DISTRICT OF COLUMBIA HOUSING AUTHORITY,5,2855 Bladensburg Rd.,WASHINGTON,DC,20018,1971,Multifamily Housing,62664,62664.0,66,ENERGYSTARSCORE,2019,Multifamily Housing,38,-17.07%,-17.07%,Does Not Meet BEPS,2023/09/19 04:00:00+00,38.92806061,-76.96093611,403387.21974207,140020.98680534,289764,,{0639A2BF-D46A-2945-E063-782F520A104C},259514
-77.0258243405541,38.9214784678746,PM4097111,"2864 0332; 2864 0333; 2864 0334",4097111,,Garfield Terrace,,,2301 11TH STREET NW,DISTRICT OF COLUMBIA HOUSING AUTHORITY,1,2301 11Th. St. NW,WASHINGTON,DC,20001,1965,Multifamily Housing,157434,230989.0,66,ENERGYSTARSCORE,2019,Multifamily Housing,17,-29.30%,-20.00%,Does Not Meet BEPS,2023/09/09 04:00:00+00,38.92147068,-77.02582205,397760.76979746,139289.04040959,284334,,{0639A2BF-D46B-2945-E063-782F520A104C},259515
-77.0132490333425,38.8760471662276,PM4097123,0597 0829,4097123,,Greenleaf Senior,,,1200 DELAWARE AVENUE SW,DISTRICT OF COLUMBIA HOUSING AUTHORITY,6,1200 Delaware Ave. SW,WASHINGTON,DC,20024,1959,Multifamily Housing,196736,310356.0,66,ENERGYSTARSCORE,2019,Multifamily Housing,41,-15.42%,-15.42%,Does Not Meet BEPS,2023/09/08 04:00:00+00,38.87603938,-77.01324675,398850.53975187,134245.56962739,72281,,{0639A2BF-D46C-2945-E063-782F520A104C},259516
-77.0283000425649,38.9054174408268,PM4097131,0282 0814,4097131,,Horizon House,,,1170 12TH STREET NW,DISTRICT OF COLUMBIA HOUSING AUTHORITY,2,1150 12Th. St. NW,WASHINGTON,DC,20009,1964,Multifamily Housing,142388,105370.0,66,ENERGYSTARSCORE,2019,Multifamily Housing,44,-13.74%,-13.74%,Does Not Meet BEPS,2023/09/19 04:00:00+00,38.90540965,-77.02829775,397545.52998989,137506.19671215,278887,,{0639A2BF-D46D-2945-E063-782F520A104C},259517
-77.0330991817761,38.9075082789922,PM4097135,0211 0856,4097135,,James Apartments,,,1425 N STREET NW,DISTRICT OF COLUMBIA HOUSING AUTHORITY,2,1425 N St. NW,WASHINGTON,DC,20005,1960,Multifamily Housing,101376,101376.0,66,ENERGYSTARSCORE,2019,Multifamily Housing,25,-24.35%,-20.00%,Does Not Meet BEPS,2023/09/14 04:00:00+00,38.90750049,-77.03309689,397129.34978085,137738.4369428,240239,,{0639A2BF-D46E-2945-E063-782F520A104C},259518
-77.017978321761,38.9000321280085,PM4097139,0517 0049,4097139,,Judiciary House,,,461 H STREET NW,DISTRICT OF COLUMBIA HOUSING AUTHORITY,2,461 H St. NW,WASHINGTON,DC,20001,1966,Multifamily Housing,197648,197648.0,66,ENERGYSTARSCORE,2019,Multifamily Housing,57,-6.08%,-6.08%,Does Not Meet BEPS,2023/09/08 04:00:00+00,38.90002434,-77.01797603,398440.69022758,136908.15694714,237585,,{0639A2BF-D46F-2945-E063-782F520A104C},259519
-76.9692120509944,38.852269720397,PM4097142,5726 0026,4097142,,Knox Hill,,,2700 JASPER STREET SE,DISTRICT OF COLUMBIA HOUSING AUTHORITY,8,2700 Jasper St. SE,WASHINGTON,DC,20020,1987,Multifamily Housing,50320,76420.0,66,ENERGYSTARSCORE,2019,Multifamily Housing,13,-32.14%,-20.00%,Does Not Meet BEPS,2023/09/09 04:00:00+00,38.85226194,-76.96920978,402672.64999588,131606.46692366,278227,,{0639A2BF-D470-2945-E063-782F520A104C},259520
-77.0174056741065,38.9192290874842,PM4097151,3070 0095,4097151,,LeDroit,,,2125 4TH STREET NW,DISTRICT OF COLUMBIA HOUSING AUTHORITY,1,2125 4Th. St. NW,WASHINGTON,DC,20001,1965,Multifamily Housing,76510,83706.0,66,ENERGYSTARSCORE,2019,Multifamily Housing,32,-20.37%,-20.00%,Does Not Meet BEPS,2023/09/16 04:00:00+00,38.9192213,-77.01740338,398490.77034478,139039.16743734,284228,,{0639A2BF-D471-2945-E063-782F520A104C},259521
-76.9900117977499,38.8796735233404,PM4097157,1020 0085,4097157,,Potomac Senior / Family,,,716 12TH STREET SE,DISTRICT OF COLUMBIA HOUSING AUTHORITY,6,1225 G St. SE && 700 Bldg.,WASHINGTON,DC,20003,1968,Multifamily Housing,349266,349266.0,66,ENERGYSTARSCORE,2019,Multifamily Housing,8,-36.41%,-20.00%,Does Not Meet BEPS,2023/09/08 04:00:00+00,38.87966574,-76.99000952,400866.85987531,134648.08712512,290351,,{0639A2BF-D472-2945-E063-782F520A104C},259522
-77.0711255712725,38.9578891102448,PM4097164,1874 0061,4097164,,Regency House,,,5201 CONNECTICUT AVENUE NW,DISTRICT OF COLUMBIA HOUSING AUTHORITY,3,5201 Connecticut Ave. NW,WASHINGTON,DC,20015,1964,Multifamily Housing,113486,113486.0,66,ENERGYSTARSCORE,2019,Multifamily Housing,42,-14.86%,-14.86%,Does Not Meet BEPS,2023/09/16 04:00:00+00,38.95788131,-77.07112326,393835.50017677,143333.02666247,264202,,{0639A2BF-D473-2945-E063-782F520A104C},259523
-77.0101154885991,38.9047396695884,PM4097171,0620 0247,4097171,,Sibley Plaza Senior,,,1153 1ST PLACE NW,DISTRICT OF COLUMBIA HOUSING AUTHORITY,6,1140 North Capitol St. NW,WASHINGTON,DC,20002,1968,Multifamily Housing,246277,196645.0,66,ENERGYSTARSCORE,2019,Multifamily Housing,6,-38.55%,-20.00%,Does Not Meet BEPS,2023/09/08 04:00:00+00,38.90473188,-77.0101132,399122.80014075,137430.62690971,285576,,{0639A2BF-D474-2945-E063-782F520A104C},259524
-77.0183128858743,38.902787462558,PM4101040,0515 2898,4101040,,City Vista,,,475 K ST NW,THE K @ CITY VISTA CONDO,6,"475 K Street, N.W.",WASHINGTON,DC,20001,2008,Strip Mall,257730,116739.0,228,WEATHERNORMALZEDSOUREUI_KBTUFT,2019,Strip shopping mall,203.4,,,Meets BEPS,2023/05/04 04:00:00+00,38.90277967,-77.0183106,398411.72969323,137214.02650251,304766,,{0639A2BF-D475-2945-E063-782F520A104C},259525
-77.0347307817689,38.9209176438947,PM4104309,2661 0862,4104309,,Adams-Garden Towers,,,2325 15TH ST NW,ADAMS GARDEN TOWERS LLC,1,2325 15th Street NW,WASHINGTON,DC,20009,1940,Multifamily Housing,54613,60900.0,66,ENERGYSTARSCORE,2019,Multifamily Housing,1,-48.19%,-20.00%,Does Not Meet BEPS,2023/05/04 04:00:00+00,38.92090985,-77.03472849,396988.39966501,139227.03969193,234182,,{0639A2BF-D476-2945-E063-782F520A104C},259526
-77.0721403042105,38.9327357925007,PM4113163,1921 0026,4113163,,Adams Cathedral,,,3201 WISCONSIN AVE NW,ADAMS CATHEDRAL LLC,3,3201 Wisconsin Avenue NW,WASHINGTON,DC,20016,1959,Multifamily Housing,65684,72900.0,66,ENERGYSTARSCORE,2019,Multifamily Housing,91,,,Meets BEPS,2023/05/06 04:00:00+00,38.932728,-77.072138,393745.34267112,140540.85395601,221542,,{0639A2BF-D477-2945-E063-782F520A104C},259527
-77.0342503447048,38.9030854767675,PM4129771,0216 0033,4129771,,1015 15th Street/Blackrock,,,1017 15TH ST NW,1015 15TH STREET INC,2,"1015 15th Street, NW",WASHINGTON,DC,20005,1979,Office,252721,198868.0,71,ENERGYSTARSCORE,2019,Office_all,76,,,Meets BEPS,2023/05/04 04:00:00+00,38.90307769,-77.03424805,397029.32002727,137247.50708592,240258,,{0639A2BF-D478-2945-E063-782F520A104C},259528
-77.055729622194,38.9251355009068,PM4152006,2132 0852,4152006,,The Woodley,,,2700 WOODLEY RD NW,IMP WOODLEY LLC,3,2700 Woodley Rd NW,WASHINGTON,DC,20008,2014,Multifamily Housing,280000,300182.0,66,ENERGYSTARSCORE,2019,Multifamily Housing,41,-15.42%,-15.42%,Does Not Meet BEPS,2023/08/16 04:00:00+00,38.92512771,-77.05572732,395167.69997976,139696.1600308,307215,,{0639A2BF-D479-2945-E063-782F520A104C},259529
-77.0651898024023,38.9485111119881,PM4156464,2039 0804,4156464,,DC504_Avalon The Albemarle,,,4501 CONNECTICUT AVE NW,SMITH PROPERTY HOLDINGS FIVE LP,3,4501 Connecticut Avenue Northwest,WASHINGTON,DC,20008,1966,Multifamily Housing,365981,347393.0,66,ENERGYSTARSCORE,2019,Multifamily Housing,90,,,Meets BEPS,2023/05/04 04:00:00+00,38.94850332,-77.0651875,394349.22961854,142291.60039449,220568,,{0639A2BF-D47A-2945-E063-782F520A104C},259530
-77.0776879333566,38.9238305242046,PM4156465,1807 0043,4156465,,DC509_eaves Tunlaw Gardens,,,3901 DAVIS PL NW,AVB TUNLAW GARDENS LLC,3,3903 Davis Place Northwest,WASHINGTON,DC,20007,1944,Multifamily Housing,135450,135450.0,66,ENERGYSTARSCORE,2019,Multifamily Housing,42,-14.86%,-14.86%,Does Not Meet BEPS,2023/09/19 04:00:00+00,38.92382273,-77.07768562,393263.50036137,139552.68754411,299798,,{0639A2BF-D47B-2945-E063-782F520A104C},259531
-77.0458013036698,38.8970023166076,PM4156466,0104 0835,4156466,,DC510_The Statesman (th25),,,2020 F ST NW,SMITH PROPERTY HOLDINGS,2,2020 F Street Northwest,WASHINGTON,DC,20006,1961,Multifamily Housing,179475,260157.0,66,ENERGYSTARSCORE,2019,Multifamily Housing,91,,,Meets BEPS,2023/06/26 04:00:00+00,38.89699453,-77.04579901,396027.04965767,136572.66691984,240962,,{0639A2BF-D47C-2945-E063-782F520A104C},259532
-77.0770475275772,38.9250826546988,PM4156467,1301 0956,4156467,,DC511_eaves Glover Park (rh24),,,3850 TUNLAW RD NW,AVB GLOVER PARK LLC,3,3850 Tunlaw Road Northwest,WASHINGTON,DC,20007,1953,Multifamily Housing,170582,122850.0,66,ENERGYSTARSCORE,2019,Multifamily Housing,56,-6.72%,-6.72%,Does Not Meet BEPS,2023/09/25 04:00:00+00,38.92507486,-77.07704522,393319.14987082,139691.63752034,224275,,{0639A2BF-D47D-2945-E063-782F520A104C},259533
-77.0611434595085,38.942908613301,PM4156468,2243 0066,4156468,,DC518_AVA Van Ness (th27),,,2950 VAN NESS ST NW,SMITH PROPERTY HOLDINGS CONSULATE LLC,3,2950 Van Ness Street Northwest,WASHINGTON,DC,20008,1978,Multifamily Housing,266382,266382.0,66,ENERGYSTARSCORE,2019,Multifamily Housing,96,,,Meets BEPS,2023/06/17 04:00:00+00,38.94290082,-77.06114115,394699.5703734,141669.43013977,219415,,{0639A2BF-D47E-2945-E063-782F520A104C},259534
-77.0207815218714,38.9028116422855,PM4162444,0451 4218,4162444,,655 K Street - AAMC,,,655 K ST NW,ASSOCIATION OF AMERICAN MEDICAL COLLEGES,6,"655 K Street, NW",WASHINGTON,DC,20001,2014,Office,287792,299905.0,71,ENERGYSTARSCORE,2019,Office_all,79,,,Meets BEPS,2023/05/04 04:00:00+00,38.90280385,-77.02077923,398197.60014661,137216.75652299,310393,,{0639A2BF-D47F-2945-E063-782F520A104C},259535
-77.0446901925585,38.8965222316958,PM4175578,0122 0025,4175578,,311WC-Courtyard Washington DC/Foggy Bott,,,515 20TH ST NW,ALL STATES HOTEL COMPANY LLC,2,515 20th Street NW,WASHINGTON,DC,20052,2013,Hotel,79875,79875.0,54,ENERGYSTARSCORE,2019,Hotel,15,-29.77%,-20.00%,Does Not Meet BEPS,2023/05/04 04:00:00+00,38.89651445,-77.0446879,396123.40959408,136519.32645898,279821,,{0639A2BF-D480-2945-E063-782F520A104C},259536
-77.0246809263063,38.9036778746591,PM4175586,0370 0848,4175586,,337Z9-WASCO-Marriott Marquis Washington DC,,,901 MASSACHUSETTS AVE NW,WASHINGTON CONVENTION AND SPORTS AUTHORITY,2,901 Massachusetts Ave. NW,WASHINGTON,DC,20001,2014,Hotel,1262010,1081202.0,54,ENERGYSTARSCORE,2019,Hotel,40,-10.82%,-10.82%,Does Not Meet BEPS,2023/09/14 04:00:00+00,38.90367009,-77.02467863,397859.39042159,137313.00037274,239811,,{0639A2BF-D481-2945-E063-782F520A104C},259537
-77.014198929918,38.8769360663142,PM4178731,0594 0067,4178731,,Greenleaf Addition,,,203 M STREET SW,DISTRICT OF COLUMBIA HOUSING AUTHORITY,6,203 N St. SW,WASHINGTON,DC,20024,1960,Multifamily Housing,25331,43200.0,66,ENERGYSTARSCORE,2019,Multifamily Housing,65,-0.72%,-0.72%,Does Not Meet BEPS,2023/09/16 04:00:00+00,38.87692828,-77.01419664,398768.13029208,134344.25663368,277800,,{0639A2BF-D482-2945-E063-782F520A104C},259538
-77.0149483264582,38.8772966689846,PM4178733,"0594 0063; 0597 0100",4178733,,Greenleaf Family,,,1104 3RD STREET SW,DISTRICT OF COLUMBIA HOUSING AUTHORITY,6,203 N St. SW,WASHINGTON,DC,20024,1959,Multifamily Housing,10362,166150.0,66,ENERGYSTARSCORE,2019,Multifamily Housing,44,-13.74%,-13.74%,Does Not Meet BEPS,2023/09/16 04:00:00+00,38.87728889,-77.01494604,398703.10996984,134384.29745234,277800,,{0639A2BF-D483-2945-E063-782F520A104C},259539
-77.0108624465102,38.8751967225086,PM4178734,"0650 0078; 0650 0079; 0650 0081; 0650 0082; 0652 0075",4178734,,James Creek,,,1247 HALF STREET SW,DISTRICT OF COLUMBIA HOUSING AUTHORITY,6,100 N Street SW,WASHINGTON,DC,20024,1942,Multifamily Housing,15650,223284.0,66,ENERGYSTARSCORE,2019,Multifamily Housing,33,-19.83%,-19.83%,Does Not Meet BEPS,2023/09/13 04:00:00+00,38.87518894,-77.01086016,399057.62009578,134151.13703099,289108,,{0639A2BF-D484-2945-E063-782F520A104C},259540
-77.0404009824542,38.9213400231202,PM4178735,2563 0858,4178735,,Ontario,,,2422 ONTARIO ROAD NW,DISTRICT OF COLUMBIA HOUSING AUTHORITY,1,2422 Ontario Road NW,WASHINGTON,DC,20024,1926,Multifamily Housing,13722,13722.0,110,WEATHERNORMALZEDSOUREUI_KBTUFT,2019,Multifamily Housing,104.6,,,Meets BEPS,2023/09/19 04:00:00+00,38.92133223,-77.04039869,396496.70956909,139274.12976392,235681,,{0639A2BF-D485-2945-E063-782F520A104C},259541
-77.0134667112615,38.8722958358952,PM4178736,"0599 0051; 0599 0052; 0601 0054; 0654 0039; 0656 0049; 0656 0050; 0656 0051; 0656 0052",4178736,,Syphax Gardens,,,1420 CANAL STREET SW,DISTRICT OF COLUMBIA HOUSING AUTHORITY,6,1501 Half Street SW,WASHINGTON,DC,20024,1960,Multifamily Housing,13392,151944.0,66,ENERGYSTARSCORE,2019,Multifamily Housing,45,-13.18%,-13.18%,Does Not Meet BEPS,2023/09/16 04:00:00+00,38.87228805,-77.01346443,398831.58958523,133829.14657938,276554,,{0639A2BF-D486-2945-E063-782F520A104C},259542
-76.9884655019973,38.853992469378,PM4178738,5874 0043,4178738,,Elvans Road,,,2458 ELVANS ROAD SE,DISTRICT OF COLUMBIA HOUSING AUTHORITY,8,2440 Elvans Road SE,WASHINGTON,DC,20020,1985,Multifamily Housing,27956,27956.0,66,ENERGYSTARSCORE,2019,Multifamily Housing,81,,,Meets BEPS,2023/09/19 04:00:00+00,38.85398469,-76.98846322,401001.39042145,131797.31699598,290659,,{0639A2BF-D487-2945-E063-782F520A104C},259543
-76.949948357444,38.861878494494,PM4178739,5672 0099,4178739,,Villager,,,3810 SOUTHERN AVENUE SE,DISTRICT OF COLUMBIA HOUSING AUTHORITY,7,3810 Southern Ave SE,WASHINGTON,DC,20020,1949,Multifamily Housing,13740,13740.0,66,ENERGYSTARSCORE,2019,Multifamily Housing,1,-48.19%,-20.00%,Does Not Meet BEPS,2023/09/08 04:00:00+00,38.86187071,-76.94994609,404344.1901578,132673.84976381,30453,,{0639A2BF-D488-2945-E063-782F520A104C},259544
-76.9720827602991,38.8568956409243,PM4178740,"5743 0144; 5743 0145; 5743 0146; 5743 0147; 5743 0148; 5743 0149; 5743 0150; 5743 0151; 5743 0152; 5743 0153; 5743 0154; 5743 0155; 5745 0072",4178740,,Woodland Terrace,,,2381 AINGER PLACE SE,DISTRICT OF COLUMBIA HOUSING AUTHORITY,8,2311 Ainger Pl SE,WASHINGTON,DC,20020,1964,Multifamily Housing,16925,277729.0,66,ENERGYSTARSCORE,2019,Multifamily Housing,13,-32.14%,-20.00%,Does Not Meet BEPS,2023/09/09 04:00:00+00,38.85688786,-76.97208049,402423.30983352,132119.89695693,286828,,{0639A2BF-D489-2945-E063-782F520A104C},259545
-76.9374485335458,38.8805747954673,PM4178741,"5356 0109; 5356 0110; 5356 0111; 5356 0116; 5358 0140; 5358 0141; 5358 0142; 5393 0048",4178741,,Benning Terrace,,,4432 G STREET SE,DISTRICT OF COLUMBIA HOUSING AUTHORITY,7,4450 G Street SE,WASHINGTON,DC,20019,1960,Multifamily Housing,41299,274781.0,66,ENERGYSTARSCORE,2019,Multifamily Housing,50,-10.32%,-10.32%,Does Not Meet BEPS,2023/09/07 04:00:00+00,38.88056701,-76.93744627,405427.63005848,134749.94712627,21041,,{0639A2BF-D48A-2945-E063-782F520A104C},259546
-76.9497126498614,38.8860350285726,PM4178742,5422 0017,4178742,,Fort Dupont,,,155 RIDGE ROAD SE,DISTRICT OF COLUMBIA HOUSING AUTHORITY,7,155 Ridge Road SE,WASHINGTON,DC,20019,1940,Multifamily Housing,231517,231517.0,66,ENERGYSTARSCORE,2019,Multifamily Housing,99,,,Meets BEPS,2023/09/19 04:00:00+00,38.88602724,-76.94971038,404363.17024633,135355.41685338,286318,,{0639A2BF-D48B-2945-E063-782F520A104C},259547
-76.9503283010251,38.8857966599072,PM4178743,5422 0019,4178743,,Fort Dupont Addition,,,343 RIDGE ROAD SE,DISTRICT OF COLUMBIA HOUSING AUTHORITY,7,155 Ridge Road SE,WASHINGTON,DC,20019,1940,Multifamily Housing,19758,18352.0,110,WEATHERNORMALZEDSOUREUI_KBTUFT,2019,Multifamily Housing,150.3,-26.81%,-20.00%,Does Not Meet BEPS,2023/09/19 04:00:00+00,38.88578887,-76.95032603,404309.770332,135328.9266974,286318,,{0639A2BF-D48C-2945-E063-782F520A104C},259548
-76.9379485097643,38.9116980744159,PM4178744,5114 0010,4178744,,Kenilworth Courts,,,4448 PONDS STREET NE,DISTRICT OF COLUMBIA HOUSING AUTHORITY,7,4500 Quarles Street NE,WASHINGTON,DC,20019,1959,Multifamily Housing,48824,470052.0,66,ENERGYSTARSCORE,2019,Multifamily Housing,88,,,Meets BEPS,2023/09/08 04:00:00+00,38.91169028,-76.93794624,405381.90042015,138204.84682821,20614,,{0639A2BF-D48D-2945-E063-782F520A104C},259549
-76.930359901836,38.8958376487822,PM4178745,"5184 0037; 5185 0022; 5185 0023",4178745,,Lincoln Heights,,,4960 EADS PLACE NE,DISTRICT OF COLUMBIA HOUSING AUTHORITY,7,400 50th Street NE,WASHINGTON,DC,20019,1945,Multifamily Housing,10779,460885.0,66,ENERGYSTARSCORE,2019,Multifamily Housing,77,,,Meets BEPS,2023/09/19 04:00:00+00,38.89582986,-76.93035764,406041.40002113,136444.68712945,28532,,{0639A2BF-D48E-2945-E063-782F520A104C},259550
-76.9233529641019,38.8942712099913,PM4178746,"5236 0097; 5236 0098; 5236 0099; 5236 0100; 5236 0101; 5236 0102; 5236 0103; 5238 0041; 5238 0042",4178746,,Richardson dwellings,,,308 54TH STREET NE,DISTRICT OF COLUMBIA HOUSING AUTHORITY,7,260 54th Street NE,WASHINGTON,DC,20019,1953,Multifamily Housing,24336,195956.0,66,ENERGYSTARSCORE,2019,Multifamily Housing,23,-25.52%,-20.00%,Does Not Meet BEPS,2023/09/09 04:00:00+00,38.89426342,-76.9233507,406649.39041545,136271.28698938,150458,,{0639A2BF-D48F-2945-E063-782F520A104C},259551
-76.9520763774429,38.8860533183884,PM4178747,5423 0020,4178747,,Stoddert Terrace,,,249 37TH PLACE SE,DISTRICT OF COLUMBIA HOUSING AUTHORITY,7,155 Ridge Road SE,WASHINGTON,DC,20019,1960,Multifamily Housing,12843,177520.0,66,ENERGYSTARSCORE,2019,Multifamily Housing,38,-17.07%,-17.07%,Does Not Meet BEPS,2023/09/15 04:00:00+00,38.88604553,-76.95207411,404158.08997251,135357.33686434,286318,,{0639A2BF-D490-2945-E063-782F520A104C},259552
-76.9820535430991,38.9207504227697,PM4178748,4121 0830,4178748,,Montana Terrace,,,2247 15TH STREET NE,DISTRICT OF COLUMBIA HOUSING AUTHORITY,5,1625 Montana Avenue NE,WASHINGTON,DC,20018,1968,Multifamily Housing,95310,80000.0,66,ENERGYSTARSCORE,2019,Multifamily Housing,43,-14.30%,-14.30%,Does Not Meet BEPS,2023/09/14 04:00:00+00,38.92074263,-76.98205126,401556.49033695,139208.05703109,290552,,{0639A2BF-D491-2945-E063-782F520A104C},259553
-76.9957138377109,38.9376789076812,PM4178749,3820 0833,4178749,,DCHA Warehouse,,,675 TAYLOR STREET NE,DISTRICT OF COLUMBIA HOUSING AUTHORITY,5,675 Taylor Street NE,WASHINGTON,DC,20017,1965,Non-Refrigerated Warehouse,47250,47250.0,19,ENERGYSTARSCORE,2019,Warehouse_all,11,-17.57%,-20.00%,Does Not Meet BEPS,2023/09/07 04:00:00+00,38.93767111,-76.99571155,400371.80027811,141087.11980806,288846,,{0639A2BF-D492-2945-E063-782F520A104C},259554
-77.034619295676,38.9554091588879,PM4178750,2718 0847,4178750,,Colorado,,,5336 COLORADO AVENUE NW,DISTRICT OF COLUMBIA HOUSING AUTHORITY,4,5336 Colorado Ave NW,WASHINGTON,DC,20011,1923,Multifamily Housing,17755,17755.0,66,ENERGYSTARSCORE,2019,Multifamily Housing,14,-31.39%,-20.00%,Does Not Meet BEPS,2023/09/07 04:00:00+00,38.95540136,-77.034617,396999.51982387,143055.89690941,255873,,{0639A2BF-D493-2945-E063-782F520A104C},259555
-77.0222128458662,38.9318210909579,PM4178751,"3040 0124; 3040 0125; 3040 0126",4178751,,Park Morton,,,618 MORTON STREET NW,DISTRICT OF COLUMBIA HOUSING AUTHORITY,1,617 Morton Street NW,WASHINGTON,DC,20010,1960,Multifamily Housing,18520,134100.0,66,ENERGYSTARSCORE,2019,Multifamily Housing,36,-18.17%,-18.17%,Does Not Meet BEPS,2023/09/19 04:00:00+00,38.9318133,-77.02221055,398074.2303007,140437.07731353,285318,,{0639A2BF-D494-2945-E063-782F520A104C},259556
-77.0350923570657,38.9276014127781,PM4178752,2672 0820,4178752,,Columbia Road,,,1475 COLUMBIA ROAD NW,DISTRICT OF COLUMBIA,1,1475 Columbia Road NW,WASHINGTON,DC,20009,1912,Multifamily Housing,26010,26010.0,66,ENERGYSTARSCORE,2019,Multifamily Housing,83,,,Meets BEPS,2023/09/07 04:00:00+00,38.92759362,-77.03509006,396957.33007921,139969.00696375,234372,,{0639A2BF-D495-2945-E063-782F520A104C},259557
-77.0284852925094,38.9033987859146,PM4178753,"1023 0121; 1023 0122; 1023 0123",4178753,,Hopkins Apartment,,,1200 L ST SE,DISTRICT OF COLUMBIA HOUSING AUTHORITY,6,1430 L Street SE,WASHINGTON,DC,20003,1960,Multifamily Housing,12872,140276.0,66,ENERGYSTARSCORE,2019,Multifamily Housing,24,-24.93%,-20.00%,Does Not Meet BEPS,2023/08/23 04:00:00+00,38.903391,-77.028483,397529.39199093,137282.1152115,63579,,{0639A2BF-D496-2945-E063-782F520A104C},259558
-76.9875509057525,38.8848311389668,PM4178754,1041 0128,4178754,,Kentucky Courts,,,1315 C STREET SE,DISTRICT OF COLUMBIA HOUSING AUTHORITY,6,340 13th Street SE,WASHINGTON,DC,20003,1965,Multifamily Housing,77373,87350.0,66,ENERGYSTARSCORE,2019,Multifamily Housing,14,-31.39%,-20.00%,Does Not Meet BEPS,2023/09/19 04:00:00+00,38.88482335,-76.98754863,401080.30974131,135220.64762622,150698,,{0639A2BF-D497-2945-E063-782F520A104C},259559
-76.9725882105473,38.9003636956175,PM4178755,4486 0007,4178755,,Langston Addition,,,2140 H STREET NE,DISTRICT OF COLUMBIA HOUSING AUTHORITY,5,2101 G Street NE,WASHINGTON,DC,20002,1965,Multifamily Housing,38320,38320.0,66,ENERGYSTARSCORE,2019,Multifamily Housing,9,-35.46%,-20.00%,Does Not Meet BEPS,2023/09/09 04:00:00+00,38.90035591,-76.97258594,402377.98961178,136945.16740763,290580,,{0639A2BF-D498-2945-E063-782F520A104C},259560
-76.9739564363042,38.8999040417383,PM4178756,"PAR 01600035; PAR 01600036; PAR 01600038",4178756,,Langston Terrace,,,725 21ST STREET NE,DISTRICT OF COLUMBIA HOUSING AUTHORITY,5,2101 G Street NE,WASHINGTON,DC,20002,1937,Multifamily Housing,105551,183854.0,66,ENERGYSTARSCORE,2019,Multifamily Housing,33,-19.83%,-19.83%,Does Not Meet BEPS,2023/09/13 04:00:00+00,38.89989625,-76.97395416,402259.32007683,136894.10671236,290580,,{0639A2BF-D499-2945-E063-782F520A104C},259561
-77.0083902708535,38.9123749473676,PM4178757,3521 0099,4178757,,Lincoln Road,,,11 R STREET NE,DISTRICT OF COLUMBIA HOUSING AUTHORITY,5,11 R Street NE,WASHINGTON,DC,20002,1900,Multifamily Housing,22813,22813.0,66,ENERGYSTARSCORE,2019,Multifamily Housing,3,-42.90%,-20.00%,Does Not Meet BEPS,2023/09/08 04:00:00+00,38.91236716,-77.00838798,399272.52034247,138278.19033426,74509,,{0639A2BF-D49A-2945-E063-782F520A104C},259562
-77.0160943337024,38.9187158007021,PM4178758,"3070 0087; 3070 0088; 3070 0092; 3070 0093; 3070 0094; 3072 0047; 3072 0050",4178758,,Kelly Miller,,,249 V STREET NW,DISTRICT OF COLUMBIA HOUSING AUTHORITY,1,2101 4th Street NW,WASHINGTON,DC,20001,1941,Multifamily Housing,18592,162712.0,66,ENERGYSTARSCORE,2019,Multifamily Housing,31,-20.93%,-20.00%,Does Not Meet BEPS,2023/09/13 04:00:00+00,38.91870801,-77.01609204,398604.4803478,138982.16707408,284166,,{0639A2BF-D49B-2945-E063-782F520A104C},259563
-77.0268429581315,38.9270598658975,PM4178759,2852 0035,4178759,,2905 11th St,,,2905 11TH STREET NW,DISTRICT OF COLUMBIA HOUSING AUTHORITY,1,2905 131th Street NW,WASHINGTON,DC,20001,2013,Multifamily Housing,14352,15909.0,110,WEATHERNORMALZEDSOUREUI_KBTUFT,2019,Multifamily Housing,171.9,-36.01%,-20.00%,Does Not Meet BEPS,2023/09/04 04:00:00+00,38.92705207,-77.02684066,397672.62039718,139908.64763945,,,{0639A2BF-D49C-2945-E063-782F520A104C},259564
-77.0369736686935,38.9066742951444,PM4188928,0182 0830,4188928,,Courtyard Marriott-SV,,,1600 RHODE ISLAND AVE NW,MILLBANK MASSACHUSETTS AVENUE LP,2,1600 Rhode Island Ave,WASHINGTON,DC,20036,1998,Hotel,119781,104000.0,54,ENERGYSTARSCORE,2019,Hotel,50,-3.24%,-3.24%,Does Not Meet BEPS,2023/09/13 04:00:00+00,38.90666651,-77.03697137,396793.26028076,137645.98733503,800415,,{0639A2BF-D49D-2945-E063-782F520A104C},259565
-77.0157468604635,38.8778165556695,PM4189033,0542 4054,4189033,,Town Center-SV,,,1001 3RD ST SW,PARK INN ASSOCIATIES LP,6,1001 3rd St. SW,WASHINGTON,DC,20024,2006,Multifamily Housing,84328,102743.0,66,ENERGYSTARSCORE,2019,Multifamily Housing,1,-48.19%,-20.00%,Does Not Meet BEPS,2023/09/19 04:00:00+00,38.87780877,-77.01574457,398633.83029293,134442.01971856,76172,,{0639A2BF-D49E-2945-E063-782F520A104C},259566
-77.0445502148431,38.9021926979677,PM4189342,0086 0042,4189342,,1990 K Street-SV,,,1990 K ST NW,CONSORTIUM TWO 1990 K ST LLC,2,1990 K Street,WASHINGTON,DC,20006,1977,Office,297949,272263.0,71,ENERGYSTARSCORE,2019,Office_all,58,-17.61%,-17.61%,Does Not Meet BEPS,2023/09/13 04:00:00+00,38.90218491,-77.04454792,396135.85976574,137148.78689016,218576,,{0639A2BF-D49F-2945-E063-782F520A104C},259567
-77.0371024809297,38.930225454023,PM4218474,2595 0829,4218474,,Park Marconi,,,3150 16TH ST NW,VAN METRE PARK MARCONI APARTMENTS LLC,1,3150 16th Street NW,WASHINGTON,DC,20010,1936,Multifamily Housing,59931,59931.0,66,ENERGYSTARSCORE,2019,Multifamily Housing,54,-7.94%,-7.94%,Does Not Meet BEPS,2023/08/06 04:00:00+00,38.93021766,-77.03710018,396783.150346,140260.3668758,236413,,{0639A2BF-D4A0-2945-E063-782F520A104C},259568
-77.0357440513792,38.9243483115829,PM4218475,2574 0033,4218475,,Park Meridian,,,2637 16TH ST NW,"VAN METRE PARK MERIDIAN APARTMENTS, LLC",1,2637 16th Street NW,WASHINGTON,DC,20009,1955,Multifamily Housing,55555,55818.0,66,ENERGYSTARSCORE,2019,Multifamily Housing,51,-9.73%,-9.73%,Does Not Meet BEPS,2023/09/19 04:00:00+00,38.92434052,-77.03574176,396900.67958579,139607.90702115,235840,,{0639A2BF-D4A1-2945-E063-782F520A104C},259569
-77.0222263553238,38.9089332985385,PM4219806,"0398 0836; 0398 7001; 0398 7007",4219806,,City Market at O Street,9480457,880 P / City Market at O / Hodge,1400 7TH ST NW,CITYMARKET AT O EAST AND WEST LLC,6,800 P Street NW,WASHINGTON,DC,20001,2014,Mixed Use Property,56090,430207.0,229,SOURCEEUI_KBTU_FT,2019,Other,122.9,,,Meets BEPS,2023/05/04 04:00:00+00,38.90892551,-77.02222406,398072.4403747,137896.34006992,310637,,{0639A2BF-D4A2-2945-E063-782F520A104C},259570
-77.0111531107646,38.9004165550716,PM4223136,0623 0837,4223136,,77H (7h01) (hr96),,,77 H ST NW,801 NEW JERSEY PHASE 1 LLC,6,77 H Street NW,WASHINGTON,DC,20001,2013,Multifamily Housing,75686,367526.0,66,ENERGYSTARSCORE,2019,Multifamily Housing,67,,,Meets BEPS,2023/09/23 04:00:00+00,38.90040877,-77.01115082,399032.74032352,136950.73731002,310069,,{0639A2BF-D4A3-2945-E063-782F520A104C},259571
-77.0264900301119,38.8993483947839,PM4226785,0345 0040,4226785,,Hyatt Grand Washington DC,,,1000 H ST NW,HHR GHDC LIMITED PARTNERSHIP,2,1000 H St. NW,WASHINGTON,DC,20001,1983,Hotel,404943,823038.0,54,ENERGYSTARSCORE,2019,Hotel,47,-5.58%,-5.58%,Does Not Meet BEPS,2023/09/13 04:00:00+00,38.89934061,-77.02648774,397702.32985832,136832.43725465,239368,,{0639A2BF-D4A4-2945-E063-782F520A104C},259572
-77.0117056400547,38.8953757899929,PM4226789,0629 0041,4226789,,D.C. Hyatt Regency,,,400 NEW JERSEY AVE NW,HOST CAPITOL HILL LLC,6,400 New Jersey Ave NW,WASHINGTON,DC,20001,1976,Hotel,605014,602025.0,54,ENERGYSTARSCORE,2019,Hotel,84,,,Meets BEPS,2023/09/13 04:00:00+00,38.895368,-77.01170335,398984.74027365,136391.17764857,279731,,{0639A2BF-D4A5-2945-E063-782F520A104C},259573
-77.0543175444538,38.9289827802893,PM4260407,2210 0006,4260407,,The Parkwest,,,2929 CONNECTICUT AVE NW,DARO REALTY INC,3,2929 Connecticut Ave NW,WASHINGTON,DC,20008,1937,Multifamily Housing,83284,86284.0,66,ENERGYSTARSCORE,2019,Multifamily Housing,43,-14.30%,-14.30%,Does Not Meet BEPS,2023/09/19 04:00:00+00,38.92897499,-77.05431524,395290.40019349,140123.16719113,219214,,{0639A2BF-D4A6-2945-E063-782F520A104C},259574
-77.0574935780595,38.9332648928059,PM4260417,2084 0023,4260417,,Parkway Apartments,,,3220 CONNECTICUT AVE NW,DARO REALTY INC,3,3220 Connecticut Ave. NW,WASHINGTON,DC,20008,1928,Multifamily Housing,74076,76000.0,66,ENERGYSTARSCORE,2019,Multifamily Housing,100,,,Meets BEPS,2023/09/13 04:00:00+00,38.9332571,-77.05749127,395015.3103975,140598.68699423,277288,,{0639A2BF-D4A7-2945-E063-782F520A104C},259575
-77.0331665029761,38.906493856685,PM4260433,0212 0827,4260433,,The Heatherington,,,1421 MASSACHUSETTS AVE NW,DARO REALTY INC,2,1421 Massachusetts Ave. NW,WASHINGTON,DC,20005,1937,Multifamily Housing,64291,73800.0,66,ENERGYSTARSCORE,2019,Multifamily Housing,92,,,Meets BEPS,2023/07/10 04:00:00+00,38.90648607,-77.03316421,397123.46988857,137625.8301759,279152,,{0639A2BF-D4A8-2945-E063-782F520A104C},259576
-77.0734950922049,38.9292958091663,PM4260438,1923 0054,4260438,,Cathedral Court,,,3701 MASSACHUSETTS AVE NW,DARO REALTY INC,3,3701 Massachusetts Ave. NW,WASHINGTON,DC,20016,1927,Multifamily Housing,66144,71970.0,66,ENERGYSTARSCORE,2019,Multifamily Housing,65,-0.72%,-0.72%,Does Not Meet BEPS,2023/09/13 04:00:00+00,38.92928802,-77.07349278,393627.57034621,140159.08024307,221547,,{0639A2BF-D4A9-2945-E063-782F520A104C},259577
-77.0453339464353,38.901681091055,PM4307021,0078 0853,4307021,,2001 Pennsylvania Avenue,,,2001 PENNSYLVANIA AVE NW,2001 PENNSYLVANIA LLC,2,2001 Pennsylvania Avenue NW,WASHINGTON,DC,20006,1990,Office,225792,168037.0,71,ENERGYSTARSCORE,2019,Office_all,72,,,Meets BEPS,2023/05/04 04:00:00+00,38.9016733,-77.04533165,396067.84988522,137092.0275327,243321,,{0639A2BF-D4AA-2945-E063-782F520A104C},259578
-77.0248588317789,38.9384567040863,PM4317010,"2905 0814; 2905 7013",4317010,,z127810 The Swift at Petworth Metro Residential,28450396,The Swift at Petworth Metro Campus,3830 GEORGIA AVE NW,113 POTOMAC AVE SW LP,4,3828 Georgia Ave NW,WASHINGTON,DC,20011,2014,Multifamily Housing,60622,209572.0,,,,,,,,Does Not Meet BEPS: Incomplete/Missing Report,2023/09/24 04:00:00+00,38.93844891,-77.02485654,397845.00983961,141173.74710382,311525,,{0639A2BF-D4AB-2945-E063-782F520A104C},259579
-77.051851842023,38.9034879967708,PM4317950,0026 0011,4317950,,280111 - 2401 Penn Ave.,,,2401 PENNSYLVANIA AVE NW,2401 PENN AVENUE LLC,2,2401 Pennsylvania Avenue NW,WASHINGTON,DC,20037,1991,Mixed Use Property,221853,145060.0,229,SOURCEEUI_KBTU_FT,2019,Other,129.5,,,Meets BEPS,2023/09/24 04:00:00+00,38.90348021,-77.05184954,395502.59018453,137292.91002155,273952,,{0639A2BF-D4AC-2945-E063-782F520A104C},259580
-77.016720550494,38.8152577249375,PM4319432,6264 0800,4319432,,T75 - Shepherd Parkway Bus Facility,,,4 A DC VILLAGE LANE SW,WASHINGTON METROPOLITAN AREA TRANSIT AUTHORITY,8,"2 DC Village Lane, SW",WASHINGTON,DC,20032,2012,Other - Public Services,163752,98465.0,229,WEATHERNORMALZEDSOUREUI_KBTUFT,2019,Other,376.7,-39.21%,-20.00%,Does Not Meet BEPS,2023/09/20 04:00:00+00,38.81524995,-77.01671827,398548.06973166,127497.56750374,299538,,{0639A2BF-D4AD-2945-E063-782F520A104C},259581
-77.0387817764771,38.9102266912136,PM4320214,0156 0351,4320214,,Copley Plaza Cooperative - 1514 17th St. NW,,,1514 17TH ST NW,COPLEY PLAZA COOPERATIVE INC,2,1514 17th Street NW,WASHINGTON,DC,20036,1916,Multifamily Housing,85251,85251.0,66,ENERGYSTARSCORE,2019,Multifamily Housing,66,,,Meets BEPS,2023/05/04 04:00:00+00,38.9102189,-77.03877948,396636.60002061,138040.39673342,225644,,{0639A2BF-D4AE-2945-E063-782F520A104C},259582
-76.9875071927667,38.911998284724,PM4320227,4049 0033,4320227,,Ivy City (vy013),,,1060 MOUNT OLIVET RD NE,IVY CITY LP,5,1050-1080 MT. OLIVET RD N.E,WASHINGTON,DC,20002,1974,Multifamily Housing,29824,87011.0,66,ENERGYSTARSCORE,2019,Multifamily Housing,70,,,Meets BEPS,2023/05/04 04:00:00+00,38.91199049,-76.98750491,401083.69020723,138236.41759567,298305,,{0639A2BF-D4AF-2945-E063-782F520A104C},259583
-77.0411997914592,38.9016009344208,PM4327667,0126 0060,4327667,,1775 Eye Street (ys10),,,1775 I ST NW,WRIT 1775 EYE STREET LLC,2,1775 Eye Street NW,WASHINGTON,DC,20006,1964,Office,286694,198893.0,71,ENERGYSTARSCORE,2019,Office_all,77,,,Meets BEPS,2023/05/04 04:00:00+00,38.90159315,-77.04119749,396426.45043343,137082.96028422,236721,,{0639A2BF-D4B0-2945-E063-782F520A104C},259584
-76.9429161895044,38.8916022365341,PM4342053,5084 0300,4342053,,Benning Woods (bn058),,,130 42ND ST NE,"HORNING, L E",7,4040 East Capital St NE,WASHINGTON,DC,20019,1974,Multifamily Housing,73698,96300.0,66,ENERGYSTARSCORE,2019,Multifamily Housing,22,-26.13%,-20.00%,Does Not Meet BEPS,2023/09/21 04:00:00+00,38.89159445,-76.94291392,404952.45036938,135973.76723254,27453,,{0639A2BF-D4B1-2945-E063-782F520A104C},259585
-77.0460731295551,38.9194947934494,PM4346607,2539 0300,4346607,,The Policy,,,1921 KALORAMA RD NW,PACOLET POLICY LLC,1,1921 Kalorama Road NW,WASHINGTON,DC,20009,1929,Multifamily Housing,57794,68079.0,66,ENERGYSTARSCORE,2019,Multifamily Housing,78,,,Meets BEPS,2023/06/16 04:00:00+00,38.919487,-77.04607083,396004.73004142,139069.52666237,235172,,{0639A2BF-D4B2-2945-E063-782F520A104C},259586
-77.0676897972666,38.9524185360325,PM4349272,2035 0803,4349272,,4801 Connecticut Ave Apartments,,,4801 CONNECTICUT AVE NW,VCTORIA LOVE AUBINOE TRUSTEE,3,4801 Connecticut Ave NW,WASHINGTON,DC,20008,1946,Multifamily Housing,281555,200000.0,66,ENERGYSTARSCORE,2019,Multifamily Housing,89,,,Meets BEPS,2023/06/06 04:00:00+00,38.95241074,-77.06768749,394132.83995168,142725.51702226,220536,,{0639A2BF-D4B3-2945-E063-782F520A104C},259587
-77.084364877752,38.9614565239618,PM4350416,1663 3127,4350416,,Chase Point Condominium,,,4301 MILITARY RD NW,CHASE POINT CONDO,3,4301 Military Road NW,WASHINGTON,DC,20015,2007,Multifamily Housing,150100,176385.0,66,ENERGYSTARSCORE,2019,Multifamily Housing,70,,,Meets BEPS,2023/07/12 04:00:00+00,38.96144873,-77.08436256,392688.37036263,143730.02038446,300377,,{0639A2BF-D4B4-2945-E063-782F520A104C},259588
-77.0164904030888,38.8816960974487,PM4351597,0540 0847,4351597,,Capitol Park Tower (cp086),,,301 G ST SW,CPT BUILDING OWNER LLC,6,301 G St SW,WASHINGTON,DC,20024,1962,Multifamily Housing,305520,305520.0,66,ENERGYSTARSCORE,2019,Multifamily Housing,29,-22.06%,-20.00%,Does Not Meet BEPS,2023/09/19 04:00:00+00,38.88168831,-77.01648812,398569.3896124,134872.68960499,277853,,{0639A2BF-D4B5-2945-E063-782F520A104C},259589
-77.0348101577508,38.9632813308559,PM4352082,2726 0821,4352082,,1440 Rockview Apartments,,,1440 ROCK CREEK FORD RD NW,AUBINOE ROCKVIEW LIMITED PARTNERSHP,4,1440 Rockcreekford road,WASHINGTON,DC,20011,1959,Multifamily Housing,92166,65000.0,66,ENERGYSTARSCORE,2019,Multifamily Housing,15,-30.68%,-20.00%,Does Not Meet BEPS,2023/09/19 04:00:00+00,38.96327353,-77.03480786,396983.30995671,143929.78686606,256157,,{0639A2BF-D4B6-2945-E063-782F520A104C},259590
-76.9783937351967,38.8713979265897,PM4352120,5572 0822,4352120,,Linwood Apartments,,,1821 P ST SE,DGV ASSOCIATES LLC,8,"1815-1831 P Street, SE",WASHINGTON,DC,20020,1940,Multifamily Housing,54724,54724.0,66,ENERGYSTARSCORE,2019,Multifamily Housing,35,-18.72%,-18.72%,Does Not Meet BEPS,2023/09/19 04:00:00+00,38.87139014,-76.97839146,401875.16001152,133729.60762703,150152,,{0639A2BF-D4B7-2945-E063-782F520A104C},259591
-77.0440667318978,38.9113761107718,PM4352773,0111 0082,4352773,,The Caravel,,,1601 CONNECTICUT AVE NW,"KAIN, MARLANA",2,1601 Connecticut Ave,WASHINGTON,DC,20009,1970,Office,52562,49695.1,71,ENERGYSTARSCORE,2019,Office_all,78,,,Meets BEPS,2023/05/04 04:00:00+00,38.91136832,-77.04406443,396178.29034193,138168.19978613,241051,,{0639A2BF-D4B8-2945-E063-782F520A104C},259592
-77.0430817155803,38.9083131723034,PM4353042,0138 0013,4353042,,The Triangle Building,,,1350 CONNECTICUT AVE NW,1350 CONNECTICUT AV NW,2,"1350 Connecticut Avenue, NW",WASHINGTON,DC,20036,1928,Office,239502,186119.0,71,ENERGYSTARSCORE,2019,Office_all,46,-29.63%,-20.00%,Does Not Meet BEPS,2023/09/13 04:00:00+00,38.90830538,-77.04307942,396263.55983675,137828.14755189,217992,,{0639A2BF-D4B9-2945-E063-782F520A104C},259593
-77.0160793849636,38.874412029487,PM4353707,0546 0819,4353707,,River Park Mutual Homes,,,286 N ST SW,RIVER PARK MUTUAL HOMES INC,6,1301 Delaware Ave SW,WASHINGTON,DC,20024,1962,Multifamily Housing,363870,579583.0,66,ENERGYSTARSCORE,2019,Multifamily Housing,59,-4.81%,-4.81%,Does Not Meet BEPS,2023/09/24 04:00:00+00,38.87440425,-77.0160771,398604.90982482,134064.09732731,276475,,{0639A2BF-D4BA-2945-E063-782F520A104C},259594
-77.0015238727241,38.9530831152225,PM4354671,3766 0803,4354671,,Aventine Fort Totten Building 1 (vn241),,,5210 3RD STREET NE,W M A T A,5,"5210 Third Street, NE",WASHINGTON,DC,20011,2008,Multifamily Housing,127400,100266.0,66,ENERGYSTARSCORE,2019,Multifamily Housing,40,-15.96%,-15.96%,Does Not Meet BEPS,2023/05/04 04:00:00+00,38.95307532,-77.00152159,399868.10960721,142797.11740144,303540,,{0639A2BF-D4BB-2945-E063-782F520A104C},259595
-76.9812028800109,38.8611714221213,PM4356086,5753 0092,4356086,,Greenwood Manor,,,2339 GREEN ST SE,RUTH E EVANS TRUSTEE,8,"2337-2349 Green Street, SE",WASHINGTON,DC,20020,1968,Multifamily Housing,106336,106336.0,66,ENERGYSTARSCORE,2019,Multifamily Housing,56,-6.72%,-6.72%,Does Not Meet BEPS,2023/09/19 04:00:00+00,38.86116364,-76.9812006,401631.62040738,132594.33688237,150373,,{0639A2BF-D4BC-2945-E063-782F520A104C},259596
-77.0718051579006,38.9323747026343,PM4357663,"1922 0017; 1944 0025",4357663,,PECF,4357663,PECF,3112 36TH ST NW,PROTESTANT EPISCOPAL CATHEDRAL FND DC,3,3101 Wisconsin Ave,WASHINGTON,DC,20016,1890,Worship Facility,73346,570000.0,140,WEATHERNORMALZEDSOUREUI_KBTUFT,2019,Worship Facility,401.1,-65.10%,-20.00%,Does Not Meet BEPS,2023/09/19 04:00:00+00,38.93236691,-77.07180285,393774.37000201,140500.74693424,221619,,{0639A2BF-D4BD-2945-E063-782F520A104C},259597
-77.0062935608087,38.9051718885435,PM4358421,0673 4129,4358421,,DC519_Avalon First and M Street (rh54),,,1160 1ST ST NE,ARCHSTONE NORTH CAPITOL HILL LP,6,1160 First Street Northeast,WASHINGTON,DC,20002,2013,Multifamily Housing,402598,475268.0,66,ENERGYSTARSCORE,2019,Multifamily Housing,68,,,Meets BEPS,2023/05/04 04:00:00+00,38.9051641,-77.00629127,399454.31043338,137478.57705118,304584,,{0639A2BF-D4BE-2945-E063-782F520A104C},259598
-77.0553691517787,38.9288845555936,PM4360255,2106 0815,4360255,,South Cathedral Mansions (st497),,,2900 CONNECTICUT AVE NW,SCM SUB LLC,3,2900 Connecticut Ave NW,WASHINGTON,DC,20008,1922,Multifamily Housing,151651,172570.0,66,ENERGYSTARSCORE,2019,Multifamily Housing,85,,,Meets BEPS,2023/09/25 04:00:00+00,38.92887676,-77.05536685,395199.20993331,140112.31759591,219894,,{0639A2BF-D4BF-2945-E063-782F520A104C},259599
-76.9602378303821,38.9283675171235,PM4360694,4325 0026,4360694,,The Gettysburg,,,3001 BLADENSBURG ROAD NE,FT LINCOLN SR VILLAGE 1,5,"3001 Bladensburg Road, NE",WASHINGTON,DC,20018,1978,Multifamily Housing,159839,159839.0,66,ENERGYSTARSCORE,2019,Multifamily Housing,62,-2.82%,-2.82%,Does Not Meet BEPS,2023/05/04 04:00:00+00,38.92835972,-76.96023556,403447.9497833,140054.21680831,287351,,{0639A2BF-D4C0-2945-E063-782F520A104C},259600
-76.959270863479,38.928873631563,PM4360706,4325 0035,4360706,,The Vicksburg,,,3005 BLADENSBURG RD NE,FT LINCOLN SR VILLAGE NO II ASSOCIATES,5,"3005 Bladensburg Road, NE",WASHINGTON,DC,20018,1979,Multifamily Housing,154064,154064.0,66,ENERGYSTARSCORE,2019,Multifamily Housing,82,,,Meets BEPS,2023/05/31 04:00:00+00,38.92886584,-76.95926859,403531.77007499,140110.43744102,287362,,{0639A2BF-D4C1-2945-E063-782F520A104C},259601
-76.9407953448304,38.9023236600313,PM4360735,5096 0826,4360735,,Republic NAtional Distributing,,,4235 SHERIFF RD NE,REPUBLIC NATL DISTRIBUTING COMPANY LLC,7,"4235 Sheriff RD, NE",WASHINGTON,DC,20019,1985,Distribution Center,146331,86352.0,19,ENERGYSTARSCORE,2019,Warehouse_all,43,,,Meets BEPS,2023/05/04 04:00:00+00,38.90231587,-76.94079308,405135.66996466,137164.04709296,24679,,{0639A2BF-D4C2-2945-E063-782F520A104C},259602
-76.9569726327287,38.9213556624038,PM4360736,4325 0041,4360736,,The Petersburg,,,3298 FORT LINCOLN DRIVE NE,FT LINCOLN SR VILLAGE NO III ASSOCIATES,5,3298 Fort Lincoln DR NE,WASHINGTON,DC,20018,1980,Multifamily Housing,246732,234922.0,66,ENERGYSTARSCORE,2019,Multifamily Housing,90,,,Meets BEPS,2023/05/31 04:00:00+00,38.92134787,-76.95697036,403731.44011191,139275.97018895,151262,,{0639A2BF-D4C3-2945-E063-782F520A104C},259603
-76.9799738370732,38.9174329568558,PM4361120,4102 0248,4361120,,Quality Inn and Suites,,,1600 NEW YORK AVE NE,"44 WASHINGTON ASSOCIATES, LLC",5,1600 New York Ave NE,WASHINGTON,DC,20002,1980,Hotel,99217,99217.0,54,ENERGYSTARSCORE,2019,Hotel,56,,,Meets BEPS,2023/05/04 04:00:00+00,38.91742516,-76.97997156,401736.91988824,138839.82751177,60554,,{0639A2BF-D4C4-2945-E063-782F520A104C},259604
-77.0327762042253,38.9242331545215,PM4364522,2665 0042,4364522,,Fairmont Apartments,,,1400 FAIRMONT ST NW,NEW FAIRMONT LP,1,1400 Fairmont Street NW,WASHINGTON,DC,20009,1912,Multifamily Housing,84180,84180.0,66,ENERGYSTARSCORE,2019,Multifamily Housing,9,-35.46%,-20.00%,Does Not Meet BEPS,2023/09/24 04:00:00+00,38.92422536,-77.03277391,397158.02991324,139595.02670453,234255,,{0639A2BF-D4C5-2945-E063-782F520A104C},259605
-77.0810901903374,38.9221689873306,PM4366162,1708 2427,4366162,,Beecher House Condominium,,,2400 41ST ST NW,THE BEECHER HOUSE CONDO,3,2400 41st St NW,WASHINGTON,DC,20007,1959,Multifamily Housing,59225,74000.0,66,ENERGYSTARSCORE,2019,Multifamily Housing,90,,,Meets BEPS,2023/09/09 04:00:00+00,38.9221612,-77.08108788,392968.31001715,139368.5002562,274899,,{0639A2BF-D4C6-2945-E063-782F520A104C},259606
-76.9873005234872,38.8999695018953,PM4369017,1027 0158,4369017,,Atlas Performing Arts Center,,,1327 H ST NE,ATLAS PERFORMING ARTS CENTER,6,1333 H Street NE,WASHINGTON,DC,20002,2005,Performing Arts,53936,58696.0,240,WEATHERNORMALZEDSOUREUI_KBTUFT,2019,Public assembly,228.3,,,Meets BEPS,2023/05/04 04:00:00+00,38.89996171,-76.98729824,401101.80033901,136901.12764126,286066,,{0639A2BF-D4C7-2945-E063-782F520A104C},259607
-77.0597640358484,38.9037693045372,PM4369395,1191 0071,4369395,,The Foundry Building,,,1055 THOMAS JEFFERSON ST NW,JBG FOUNDRY OFFICE 200,2,"1055 Thomas Jefferson Street, NW",WASHINGTON,DC,20007,1976,Office,331720,244850.0,71,ENERGYSTARSCORE,2019,Office_all,78,,,Meets BEPS,2023/05/04 04:00:00+00,38.90376152,-77.05976173,394816.31030132,137324.5572429,278803,,{0639A2BF-D4C8-2945-E063-782F520A104C},259608
-76.9999755616574,38.8249703533996,PM4370572,6242 0834,4370572,,St Thomas More,,,4275 4TH ST SE,ROMAN CATHOLIC ARCHBISHOP WASHINGTON,8,"4275 4th St, SE",WASHINGTON,DC,20032,1950,K-12 School,53697,65431.0,36,ENERGYSTARSCORE,2019,K-12 School,93,,,Meets BEPS,2023/05/04 04:00:00+00,38.82496258,-76.99997328,400002.32023415,128575.59996136,276628,,{0639A2BF-D4C9-2945-E063-782F520A104C},259609
-77.0087212891139,38.8311898348869,PM4370646,6172 0812,4370646,,Conway Building,,,4 ATLANTIC ST SW,COMMUNITY OF HOPE INC,8,4 Atlantic Street SW,WASHINGTON,DC,20032,2014,Urgent Care/Clinic/Other Outpatient,50504,49320.0,426,WEATHERNORMALZEDSOUREUI_KBTUFT,2019,Hospital/Healthcare,160,,,Meets BEPS,2023/05/04 04:00:00+00,38.83118206,-77.00871901,399242.94974409,129266.03989967,309361,,{0639A2BF-D4CA-2945-E063-782F520A104C},259610
-76.9584917820517,38.9200204300594,PM4371687,4371 0009,4371687,,The Goodwill Building,,,2200 SOUTH DAKOTA AVE NE,2200 SOUTH DAKOTA AVE LLC,5,"2200 South Dakota Avenue, NE",WASHINGTON,DC,20018,1982,Distribution Center,93480,89900.0,19,ENERGYSTARSCORE,2019,Warehouse_all,40,,,Meets BEPS,2023/05/04 04:00:00+00,38.92001264,-76.95848951,403599.77001913,139127.68741298,286707,,{0639A2BF-D4CB-2945-E063-782F520A104C},259611
-77.0761973981788,38.9425924696838,PM4371872,1829 0055,4371872,,Devonshire Court South,,,4105 WISCONSIN AVE NW,4105 WISCONSIN LLC,3,4105 Wisconsin Ave NW,WASHINGTON,DC,20016,1925,Multifamily Housing,55896,55896.0,66,ENERGYSTARSCORE,2019,Multifamily Housing,96,,,Meets BEPS,2023/05/11 04:00:00+00,38.94258468,-77.07619509,393394.48985371,141635.31747212,222252,,{0639A2BF-D4CC-2945-E063-782F520A104C},259612
-77.0642489299251,38.9041061788356,PM4372792,1200 2387,4372792,,Georgetown Park Condominiums - 1080 Wisconsin Ave NW,,,3225 GRACE ST NW,GEORGETOWN PARK CONDO,2,1080 Wisconsin Avenue NW,WASHINGTON,DC,20007,1980,Multifamily Housing,127663,127263.0,66,ENERGYSTARSCORE,2019,Multifamily Housing,7,-37.44%,-20.00%,Does Not Meet BEPS,2023/09/25 04:00:00+00,38.90409839,-77.06424663,394427.3196643,137362.21675513,274893,,{0639A2BF-D4CD-2945-E063-782F520A104C},259613
-76.9867255075516,38.8540640817339,PM4372799,5874 0054,4372799,,"People's Cooperative Association, Inc. - 2430 Elvans Rd. SE",,,2430 ELVANS RD SE,PEOPLES COOPERATIVE ASSOCIATES INC,8,2430 Elvans Road SE,WASHINGTON,DC,20020,1970,Multifamily Housing,70568,70568.0,66,ENERGYSTARSCORE,2019,Multifamily Housing,95,,,Meets BEPS,2023/09/15 04:00:00+00,38.8540563,-76.98672323,401152.42008225,131805.28674321,287052,,{0639A2BF-D4CE-2945-E063-782F520A104C},259614
-77.0492699656893,38.9158236836818,PM4372880,2529 0305,4372880,,Our Lady Queen of the Americas,,,2200 CALIFORNIA ST NW,ROMAN CATHOLIC ARCHBISHOP OF WASHINGTON,2,"2200 California St, NW",WASHINGTON,DC,20008,1903,K-12 School,89326,70480.0,36,ENERGYSTARSCORE,2019,K-12 School,73,,,Meets BEPS,2023/05/04 04:00:00+00,38.91581589,-77.04926767,395727.27963924,138662.14754141,235042,,{0639A2BF-D4CF-2945-E063-782F520A104C},259615
-77.0250138490656,38.8963638888582,PM4373068,0377 3119,4373068,,Artisan Condominium,Not Applicable: Standalone Property,Not Applicable: Standalone Property,913 E ST NW,THE ARTISAN CONDO,2,915 E St NW,WASHINGTON,DC,20004,2007,Multifamily Housing,120274,120274.0,66,ENERGYSTARSCORE,2019,Multifamily Housing,90,,,Meets BEPS,2023/05/04 04:00:00+00,38.8963561,-77.02501156,397830.28982309,136501.09674166,239822,,{0639A2BF-D4D0-2945-E063-782F520A104C},259616
-77.014499306775,38.9004288894196,PM4373784,0560 0852,4373784,,251 Massachusetts Avenue LLC,,,251 H ST NW,251 MASSACHUSETTS AVE LLC,6,"251 H Street, NW",WASHINGTON,DC,20001,2006,Office,93880,94377.0,71,ENERGYSTARSCORE,2019,Office_all,29,-43.62%,-20.00%,Does Not Meet BEPS,2023/05/04 04:00:00+00,38.9004211,-77.01449702,398742.47988693,136952.14681384,305616,,{0639A2BF-D4D1-2945-E063-782F520A104C},259617
-77.0052859186586,38.9284337958186,PM4374358,3499 0041,4374358,,The Cloisters I & II (cl231),,,136 MICHIGAN AVE NE,TRINITY LP,5,100 Michigan Ave NE,WASHINGTON,DC,20017,1985,Multifamily Housing,348000,346980.0,66,ENERGYSTARSCORE,2019,Multifamily Housing,86,,,Meets BEPS,2023/09/19 04:00:00+00,38.928426,-77.00528363,399541.86015078,140060.83676835,146162,,{0639A2BF-D4D2-2945-E063-782F520A104C},259618
-77.0020021962232,38.9410796632876,PM4374385,"3664 0823; 3664 0824",4374385,,Brookland Ridge I (br405),,,400 TAYLOR ST NE,HEIGHTS LP,5,400-490 Taylor St NE,WASHINGTON,DC,20017,1981,Multifamily Housing,154532,139152.0,66,ENERGYSTARSCORE,2019,Multifamily Housing,99,,,Meets BEPS,2023/09/19 04:00:00+00,38.94107187,-77.00199991,399826.61996126,141464.62734581,288065,,{0639A2BF-D4D3-2945-E063-782F520A104C},259619
-76.9933062472058,38.8311737267952,PM4374392,6157 0077,4374392,,Gregory Apartments,,,822 BARNABY ST SE,VESTA DC III LLC,8,852 Barnaby Street SE,WASHINGTON,DC,20032,2001,Multifamily Housing,88056,97506.0,66,ENERGYSTARSCORE,2019,Multifamily Housing,86,,,Meets BEPS,2023/05/25 04:00:00+00,38.83116595,-76.99330397,400581.39999516,129264.23675107,295928,,{0639A2BF-D4D4-2945-E063-782F520A104C},259620
-77.0266985765795,38.9033611476188,PM4374591,0342 3134,4374591,,1010 Massachusetts Avenue Condominium,,,1010 MASSACHUSETTS AVE NW,1010 MASS AVE CONDOMINIUM,2,1010 Massachusetts Ave NW,WASHINGTON,DC,20001,2007,Multifamily Housing,168190,223233.0,66,ENERGYSTARSCORE,2019,Multifamily Housing,49,-10.90%,-10.90%,Does Not Meet BEPS,2023/09/14 04:00:00+00,38.90335336,-77.02669628,397684.37039237,137277.89002875,239363,,{0639A2BF-D4D5-2945-E063-782F520A104C},259621
-77.0469550710365,38.9067467673869,PM4374861,0070 1038,4374861,,The Newport Condominium,,,1260 21ST ST NW,THE NEWPORT CONDOMINIUM,2,1260 21st NW,WASHINGTON,DC,20036,1966,Multifamily Housing,81630,81630.0,66,ENERGYSTARSCORE,2019,Multifamily Housing,37,-17.62%,-17.62%,Does Not Meet BEPS,2023/09/13 04:00:00+00,38.90673898,-77.04695277,395927.52021393,137654.43004638,226651,,{0639A2BF-D4D6-2945-E063-782F520A104C},259622
-77.0257104893685,38.9031550508983,PM4376167,0371 0824,4376167,,Henley Park Hotel,,,926 MASSACHUSETTS AVE NW,TUDOR LP,2,926 Massachusetts Avenue Northwest D.C.,WASHINGTON,DC,20007,1918,Hotel,59425,59425.0,54,ENERGYSTARSCORE,2019,Hotel,31,-17.35%,-17.35%,Does Not Meet BEPS,2023/09/14 04:00:00+00,38.90314726,-77.0257082,397770.06979457,137254.98666435,242922,,{0639A2BF-D4D7-2945-E063-782F520A104C},259623
-77.0485391561162,38.9190567379559,PM4376417,2541 1131,4376417,,The Woodward,,,2311 CONNECTICUT AVE NW,THE WOODLAND CONDOMINIUM,1,2311 Connecticut Avenue,WASHINGTON,DC,20008,1910,Multifamily Housing,57223,57223.0,66,ENERGYSTARSCORE,2019,Multifamily Housing,28,-22.62%,-20.00%,Does Not Meet BEPS,2023/05/04 04:00:00+00,38.91904895,-77.04853686,395790.84967923,139021.01025236,226277,,{0639A2BF-D4D8-2945-E063-782F520A104C},259624
-77.0338346275847,38.9636175620021,PM4376418,2726 0812,4376418,,6040 14th St NW,,,6040 14TH ST NW,VICTORY INVESTMENTS INC,4,6040 14th St NW,WASHINGTON,DC,20011,1949,Multifamily Housing,63227,63224.0,66,ENERGYSTARSCORE,2019,Multifamily Housing,59,-4.81%,-4.81%,Does Not Meet BEPS,2023/09/13 04:00:00+00,38.96360976,-77.03383233,397067.86996681,143967.07975039,256153,,{0639A2BF-D4D9-2945-E063-782F520A104C},259625
-77.0221328199301,38.9062359195573,PM4376458,0424 0027,4376458,,McCollough Terrace Apartments,,,1210 7TH ST NW,UNITED HOUSE OF PRAYER,2,1210-1220 7th Street NW,WASHINGTON,DC,20001,1991,Multifamily Housing,85571,85571.0,66,ENERGYSTARSCORE,2019,Multifamily Housing,84,,,Meets BEPS,2023/09/13 04:00:00+00,38.90622813,-77.02213053,398080.47992366,137596.90689694,243081,,{0639A2BF-D4DA-2945-E063-782F520A104C},259626
-77.0414647786449,38.9005199005832,PM4376473,0127 0051,4376473,,Paralyzed Veterans of America,,,801 18TH ST NW,801 18TH STREET ASSOCIATES,2,"801 Eighteenth Street, NW",WASHINGTON,DC,20006,1982,Office,57976,47276.0,71,ENERGYSTARSCORE,2019,Office_all,26,-45.94%,-20.00%,Does Not Meet BEPS,2023/05/04 04:00:00+00,38.90051211,-77.04146248,396403.41018756,136962.96657497,279942,,{0639A2BF-D4DB-2945-E063-782F520A104C},259627
-77.001190567885,38.8285334678857,PM4376525,"6167 0045; 6167 0046; 6167 0047; 6167 0048; 6167 0049; 6167 0050; 6167 0051",4376525,,Southern Hills,,,4219 4TH ST SE,SOUTHERN HILLS LP,8,4201 4th St SE,WASHINGTON,DC,20032,1949,Multifamily Housing,28063,229225.0,66,ENERGYSTARSCORE,2019,Multifamily Housing,69,,,Meets BEPS,2023/05/04 04:00:00+00,38.82852569,-77.00118829,399896.81985494,128971.12953827,149584,,{0639A2BF-D4DC-2945-E063-782F520A104C},259628
-77.0732233482563,38.9312900328937,PM5929995,1923 0833,5929995,,Chancery Apartments - 3130 Wisconsin Ave. NW,,,3130 WISCONSIN AVE NW,"ANDRACSEK, THOMAS E",3,3130 Wisconsin Ave NW,WASHINGTON,DC,20016,1942,Multifamily Housing,187455,187455.0,66,ENERGYSTARSCORE,2019,Multifamily Housing,73,,,Meets BEPS,2023/05/19 04:00:00+00,38.93128224,-77.07322104,393651.31000029,140380.4368753,221568,,{0639A2BF-D4DD-2945-E063-782F520A104C},259629
-77.0530383309918,38.9110164358985,PM5930231,1264E 0858,5930231,,Q St Apartments - 2501 Q St NW,,,2501 Q ST NW,NANCY L ANDRACSEK TRUSTEE,2,2501 Q St NW,WASHINGTON,DC,20007,1940,Multifamily Housing,85464,85464.0,66,ENERGYSTARSCORE,2019,Multifamily Housing,25,-24.35%,-20.00%,Does Not Meet BEPS,2023/09/19 04:00:00+00,38.91100865,-77.05303603,395400.16002325,138128.68728202,272657,,{0639A2BF-D4DE-2945-E063-782F520A104C},259630
-77.0558216396699,38.8993429254653,PM5930328,0008 0813,5930328,,The Watergate Hotel,,,2650 VIRGINIA AVE NW,WATERGATE HOTEL LLC,2,2650 Virginia AVE,WASHINGTON,DC,20037,1964,Hotel,193850,227000.0,54,ENERGYSTARSCORE,2019,Hotel,70,,,Meets BEPS,2023/05/04 04:00:00+00,38.89933514,-77.05581934,395157.96989521,136832.97705741,279606,,{0639A2BF-D4DF-2945-E063-782F520A104C},259631
-77.0061907535782,38.8749950052791,PM5932679,0701 0171,5932679,,Hampton Inn DC Navy Yard,,,1265 1ST ST SE,CAPITAL RIVERFRONT HOTEL LLC,6,1263-1265 1ST ST SE,WASHINGTON,DC,20003,2015,Hotel,118944,118944.0,54,ENERGYSTARSCORE,2019,Hotel,86,,,Meets BEPS,2023/05/04 04:00:00+00,38.87498722,-77.00618847,399462.99996862,134128.70673826,277935,,{0639A2BF-D4E0-2945-E063-782F520A104C},259632
-77.0133766865631,38.8684773627001,PM5976498,0665 0027,5976498,,Audi Field,,,1714 2ND STREET SW,DISTRICT OF COLUMBIA,6,"100 Potomac Avenue, SW",WASHINGTON,DC,20024,2018,Stadium (Open),437938,416946.0,240,WEATHERNORMALZEDSOUREUI_KBTUFT,2019,Public assembly,176.4,,,Meets BEPS,2023/07/29 04:00:00+00,38.86846958,-77.0133744,398839.34006796,133405.26684882,312997,,{0639A2BF-D4E1-2945-E063-782F520A104C},259633
-76.9554490365515,38.8857840506038,PM5990886,5434 0814,5990886,,Minnesota Gardens,,,3511 MINNESOTA AVE SE,THE RESIDENCE AT MINNESOTA GARDENS COOPERTIVE INC,7,3501 Minnesota Ave SE,WASHINGTON,DC,20019,1947,Multifamily Housing,50256,50000.0,66,ENERGYSTARSCORE,2019,Multifamily Housing,54,-7.94%,-7.94%,Does Not Meet BEPS,2023/06/23 04:00:00+00,38.88577626,-76.95544677,403865.48980558,135327.29759838,150719,,{0639A2BF-D4E2-2945-E063-782F520A104C},259634
-77.0369874737032,38.9017251279862,PM6016533,0185 0830,6016533,,900 16th Street,,,900 16TH ST NW,900 13TH STREET OWNER DE LLC,2,"900 16th Street, NW",WASHINGTON,DC,20006,2016,Office,212700,128321.0,71,ENERGYSTARSCORE,2019,Office_all,81,,,Meets BEPS,2023/05/04 04:00:00+00,38.90171734,-77.03698518,396791.83987361,137096.58990891,301936,,{0639A2BF-D4E3-2945-E063-782F520A104C},259635
-76.9978788860558,38.9006467816038,PM6022881,0858 0866,6022881,,The Apollo,,,616 H ST NE,H STREET NE OWNER LLC,6,600 H Street NE,WASHINGTON,DC,20002,2017,Multifamily Housing,449882,474640.0,66,ENERGYSTARSCORE,2019,Multifamily Housing,80,,,Meets BEPS,2023/09/23 04:00:00+00,38.90063899,-76.9978766,400184.1902724,136976.236645,311750,,{0639A2BF-D4E4-2945-E063-782F520A104C},259636
-77.0303592463247,38.9167848217482,PM6024618,0237 0205,6024618,,13th & U,,,1316 U ST NW,ABC FOURTEENTH STREET ASSOCIATES LP,1,1310 U St NW,WASHINGTON,DC,20009,2017,Multifamily Housing,179969,174889.0,66,ENERGYSTARSCORE,2019,Multifamily Housing,92,,,Meets BEPS,2023/05/04 04:00:00+00,38.91677703,-77.03035695,397367.34020014,138768.12685566,240430,,{0639A2BF-D4E5-2945-E063-782F520A104C},259637
-77.0223823013969,38.8944462799711,PM6040122,"0408 0837; 0408 3037",6040122,,Market Square - 701,,,701 PENNSYLVANIA AVE NW,COLUMBIA REIT - MARKET SQUARE EAST AND WEST LLC,2,"701 Pennsylvania Avenue, NW",WASHINGTON,DC,20004,1990,Office,566130,537320.0,71,ENERGYSTARSCORE,2019,Office_all,79,,,Meets BEPS,2023/06/28 04:00:00+00,38.89443849,-77.02238001,398058.52010654,136288.16758602,279889,,{0639A2BF-D4E6-2945-E063-782F520A104C},259638
-77.0235083998972,38.8944364198016,PM6040217,"0408 0836; 0408 3036",6040217,,Market Square - 801,,,801 PENNSYLVANIA AVE NW,COLUMBIA REIT - MARKET SQUARE EAST AND WEST,2,"801 Pennsylvania Avenue, NW",WASHINGTON,DC,20004,1990,Office,563738,524169.0,71,ENERGYSTARSCORE,2019,Office_all,66,-7.60%,-7.60%,Does Not Meet BEPS,2023/06/28 04:00:00+00,38.89442863,-77.02350611,397960.82994606,136287.09759999,279946,,{0639A2BF-D4E7-2945-E063-782F520A104C},259639
-77.0048717438274,38.8773426833131,PM6046211,0743N 0835,6046211,,Insignia on M,,,1105 NEW JERSEY AVE SE,GALLERY CAPITOL RIVERFRONT PROPERTY LLC,6,1111 New Jersey Avenue SE,WASHINGTON,DC,20003,2017,Multifamily Housing,272831,256806.0,66,ENERGYSTARSCORE,2019,Multifamily Housing,87,,,Meets BEPS,2023/08/21 04:00:00+00,38.8773349,-77.00486946,399577.47001348,134389.31001453,307933,,{0639A2BF-D4E8-2945-E063-782F520A104C},259640
-77.020976985792,38.9010329342011,PM6064771,0452 0836,6064771,,Square 452 LLC c/o Gould Property Co.,,,615 I ST NW,SQUARE 452 LLC,2,600 Mass Ave NW,WASHINGTON,DC,20001,2016,Office,379921,415165.0,71,ENERGYSTARSCORE,2019,Office_all,80,,,Meets BEPS,2023/05/04 04:00:00+00,38.90102515,-77.0209747,398180.59962361,137019.31037992,311076,,{0639A2BF-D4E9-2945-E063-782F520A104C},259641
-77.0340238461342,38.9048617202075,PM6076576,0214 0103,6076576,,1133 15th Street,,,1133 15TH ST NW,DWF V 1133 15TH LLC,2,1133 15th Street NW,WASHINGTON,DC,20005,1969,Office,286200,207646.0,71,ENERGYSTARSCORE,2019,Office_all,59,-16.48%,-16.48%,Does Not Meet BEPS,2023/05/04 04:00:00+00,38.90485393,-77.03402155,397049.04014783,137444.67674469,240246,,{0639A2BF-D4EA-2945-E063-782F520A104C},259642
-76.9653804585567,38.9192473269324,PM6178201,"4365 0032; 4367 0001; 4371 0001; 4371 0002; 4373 0001; 4373 0002; 4373 0005; PAR 01730090",6178201,,Terreno V Street,,,3030 V ST NE,TERRENO V STREET LLC,5,3015-3525 V Street,WASHINGTON,DC,20018,1958,Non-Refrigerated Warehouse,106200,820000.0,103,WEATHERNORMALZEDSOUREUI_KBTUFT,2019,Warehouse_all,47,,,Meets BEPS,2023/05/04 04:00:00+00,38.91923953,-76.96537818,403002.42040157,139041.61660438,150591,,{0639A2BF-D4EB-2945-E063-782F520A104C},259643
-77.0609645573038,38.9406246271514,PM4380816,2234 0001,4380816,,Tilden Hall,,,3945 CONNECTICUT AVE NW,3945 CONNECTICUT AVE NW GROUND OWNER LLC,3,3945 Connecticut Ave. NW,WASHINGTON,DC,20008,1924,Multifamily Housing,95216,82287.0,66,ENERGYSTARSCORE,2019,Multifamily Housing,93,,,Meets BEPS,2023/05/04 04:00:00+00,38.94061683,-77.06096225,394714.91019892,141415.87666213,219297,,{0639A2BF-D4EC-2945-E063-782F520A104C},259644
-77.0024733380511,38.9195257409536,PM4380823,3560 0001,4380823,,Rhode Island Gardens,,,230 RHODE ISLAND AVE NE,RHODE ISLAND GARDENS LLC,5,230 Rhode Island Ave. NE,WASHINGTON,DC,20002,1932,Multifamily Housing,73304,77160.0,66,ENERGYSTARSCORE,2019,Multifamily Housing,95,,,Meets BEPS,2023/05/04 04:00:00+00,38.91951795,-77.00247105,399785.71022131,139071.95712072,48939,,{0639A2BF-D4ED-2945-E063-782F520A104C},259645
-77.0424157311065,38.9103814529838,PM4380886,0136 0035,4380886,,11 Dupont Circle,,,1511 NEW HAMPSHIRE AVE NW,FP 11 DUPONT CIRCLE LLC,2,11 Dupont Circle NW,WASHINGTON,DC,20036,1973,Office,171077,160898.0,71,ENERGYSTARSCORE,2019,Office_all,80,,,Meets BEPS,2023/05/04 04:00:00+00,38.91037366,-77.04241343,396321.43032306,138057.71652517,225450,,{0639A2BF-D4EE-2945-E063-782F520A104C},259646
-77.0681737631487,38.9510941283791,PM4382000,1978 3014,4382000,,Parker House,,,4700 CONNECTICUT AVE NW,PARKER HOUSE CONDO,3,4700 Connecticut Ave NW,WASHINGTON,DC,20008,1928,Multifamily Housing,73555,73555.0,66,ENERGYSTARSCORE,2019,Multifamily Housing,54,-7.94%,-7.94%,Does Not Meet BEPS,2023/09/14 04:00:00+00,38.95108633,-77.06817146,394090.7795885,142578.52673042,223269,,{0639A2BF-D4EF-2945-E063-782F520A104C},259647
-77.0714027364666,38.9583826842877,PM4385279,1874 0801,4385279,,Huntington Apartments,,,5225 CONNECTICUT AVE NW,CONNECTICUT AVENUE LP,3,"5225 Connecticut Avenue, NW",WASHINGTON,DC,20015,1964,Multifamily Housing,108616,108616.0,66,ENERGYSTARSCORE,2019,Multifamily Housing,56,-6.72%,-6.72%,Does Not Meet BEPS,2023/09/20 04:00:00+00,38.95837489,-77.07140043,393811.51975065,143387.83733399,264203,,{0639A2BF-D4F0-2945-E063-782F520A104C},259648
-77.0328539565275,38.924789855903,PM4387508,2667 0062,4387508,,New Fairmont,,,1401 FAIRMONT ST NW,NEW FAIRMONT LP,1,1401 Fairmont Street NW,WASHINGTON,DC,20009,1912,Multifamily Housing,89530,89530.0,66,ENERGYSTARSCORE,2019,Multifamily Housing,80,,,Meets BEPS,2023/09/19 04:00:00+00,38.92478206,-77.03285166,397151.31010777,139656.82756323,234287,,{0639A2BF-D4F1-2945-E063-782F520A104C},259649
-77.0244027890714,38.8981028127405,PM4390334,0376 0068,4390334,,900 G,,,624 9TH ST NW,MASAVEU 900 G WASHINGTON LLC,2,"900 G Street, NW",WASHINGTON,DC,20001,2014,Office,102133,126935.0,71,ENERGYSTARSCORE,2019,Office_all,56,-19.82%,-19.82%,Does Not Meet BEPS,2023/09/13 04:00:00+00,38.89809503,-77.0244005,397883.34983109,136694.11746223,310133,,{0639A2BF-D4F2-2945-E063-782F520A104C},259650
-77.0032755585147,38.919184936137,PM4390599,"3560 0810; 3560 0811",4390599,,The Metropolitan Apartments,,,200 RHODE ISLAND AVE NE,MT INVESTMENTS LLC,5,"200 Rhode Island Ave., NE",WASHINGTON,DC,20002,1936,Multifamily Housing,74064,130989.0,66,ENERGYSTARSCORE,2019,Multifamily Housing,90,,,Meets BEPS,2023/05/04 04:00:00+00,38.91917714,-77.00327327,399716.14024164,139034.12653438,53095,,{0639A2BF-D4F3-2945-E063-782F520A104C},259651
-77.0402966440329,38.8999741955164,PM4392914,0166 0863,4392914,,AKA White House,,,1710 H STREET NW,WASHINGTON H STREET ASSOCIATES LLC,2,1710 H Street NW,WASHINGTON,DC,20006,1900,Multifamily Housing,165094,165094.0,66,ENERGYSTARSCORE,2019,Multifamily Housing,15,-30.68%,-20.00%,Does Not Meet BEPS,2023/09/14 04:00:00+00,38.89996641,-77.04029435,396504.71082221,136902.3441302,218432,,{0639A2BF-D4F4-2945-E063-782F520A104C},259652
-77.0470458950768,38.9070558073469,PM4394168,0070 1040,4394168,,The Saint George Condominium,,,1280 21ST ST NW,SAINT GEORGIE CONDO,2,1280 21st St NW,WASHINGTON,DC,20036,1967,Multifamily Housing,68133,68116.0,66,ENERGYSTARSCORE,2019,Multifamily Housing,38,-17.07%,-17.07%,Does Not Meet BEPS,2023/09/14 04:00:00+00,38.90704802,-77.0470436,395919.65969291,137688.74005762,226628,,{0639A2BF-D4F5-2945-E063-782F520A104C},259653
-76.998944052112,38.9195586698432,PM4399521,PAR 01310208,4399521,,U-Haul Moving and Storage of Intown (818032),,,2215 5TH ST NE,AMERCO REAL ESTATE COMPANY,5,2215 NE 5th St,WASHINGTON,DC,20002,1927,Self-Storage Facility,64477,64477.0,21,WEATHERNORMALZEDSOUREUI_KBTUFT,2019,Nonrefrigerated warehouse (Self-Storage Facility),43.9,-52.16%,-20.00%,Does Not Meet BEPS,2023/08/12 04:00:00+00,38.91955088,-76.99894177,400091.76980142,139075.61025934,286729,,{0639A2BF-D4F6-2945-E063-782F520A104C},259654
-77.0428158803947,38.9268108178038,PM4404976,2587 0511,4404976,,Park East Apartments,,,1845 SUMMIT PL NW,1845 SUMMIT PLACE (DC) LLC,1,1845 Summit Place NW,WASHINGTON,DC,20009,1955,Multifamily Housing,61518,78084.0,66,ENERGYSTARSCORE,2019,Multifamily Housing,88,,,Meets BEPS,2023/05/04 04:00:00+00,38.92680303,-77.04281358,396287.58016374,139881.53046619,236108,,{0639A2BF-D4F7-2945-E063-782F520A104C},259655
-77.0378515624278,38.9261124047524,PM4405032,2589 0476,4405032,,The Argonne,,,1629 COLUMBIA RD NW,1629 COLUMBIA ROAD (DC) LLC,1,1629 Columbia Road NW,WASHINGTON,DC,20009,1923,Multifamily Housing,277426,295600.0,66,ENERGYSTARSCORE,2019,Multifamily Housing,75,,,Meets BEPS,2023/05/04 04:00:00+00,38.92610461,-77.03784927,396718.00961033,139803.80970003,236284,,{0639A2BF-D4F8-2945-E063-782F520A104C},259656
-77.0417782755749,38.926968361457,PM4405068,2587 0827,4405068,,Harvard Village,,,1820 HARVARD ST NW,1829 SUMMIT PLACE DC LLC,1,1829 Summit Place NW,WASHINGTON,DC,20009,1930,Multifamily Housing,82858,67313.0,66,ENERGYSTARSCORE,2019,Multifamily Housing,26,-23.76%,-20.00%,Does Not Meet BEPS,2023/09/25 04:00:00+00,38.92696057,-77.04177598,396377.5597728,139898.97706867,298469,,{0639A2BF-D4F9-2945-E063-782F520A104C},259657
-77.0700067232544,38.9072103110991,PM4406931,1227 0095,4406931,,Holy Trinity Church and School,,,1315 36TH ST NW,ROMAN CATHOLIC ARCHBISHOP OF WASHINGTON,2,"3514 O Street, NW",WASHINGTON,DC,20007,1918,K-12 School,80278,75128.0,36,ENERGYSTARSCORE,2019,K-12 School,84,,,Meets BEPS,2023/05/04 04:00:00+00,38.90720252,-77.07000442,393928.15978096,137707.16754939,275849,,{0639A2BF-D4FA-2945-E063-782F520A104C},259658
-77.0317361319418,38.9006747395425,PM4407205,0250 0858,4407205,,Hilton Garden Inn Washington DC Downtown,,,815 14TH ST NW,WOODBINE LEGACY/815 14TH DC OWNER LLC,2,"815 14th Street, NW",WASHINGTON,DC,200053301,2000,Hotel,183541,150800.0,54,ENERGYSTARSCORE,2019,Hotel,34,-15.18%,-15.18%,Does Not Meet BEPS,2023/09/13 04:00:00+00,38.90066695,-77.03173384,397247.30986817,136979.81673438,279961,,{0639A2BF-D4FB-2945-E063-782F520A104C},259659
-77.0402742255904,38.9063923235989,PM4408494,0159 0861,4408494,,Cathedral of St. Matthew the Apostle,,,1725 RHODE ISLAND AVE NW,ROMAN CATHOLIC ARCHBISHOP OF WASHINGTON,2,"1721 Rhode Island Ave., NW",WASHINGTON,DC,20036,1895,Worship Facility,52328,68146.0,17,ENERGYSTARSCORE,2019,Worship Facility,22,,,Meets BEPS,2023/05/04 04:00:00+00,38.90638454,-77.04027193,396506.96992405,137614.80748676,294455,,{0639A2BF-D4FC-2945-E063-782F520A104C},259660
-76.9523436247575,38.9000901838481,PM4418130,5041 0047,4418130,,Parkside Senior LP,,,600 BARNES ST NE,PARKSIDE SENIOR L P,7,"600 Barnes St., NE",WASHINGTON,DC,20019,2012,Multifamily Housing,89423,89423.0,66,ENERGYSTARSCORE,2019,Multifamily Housing,53,-8.55%,-8.55%,Does Not Meet BEPS,2023/09/19 04:00:00+00,38.90008239,-76.95234136,404134.08965836,136915.52657141,307298,,{0639A2BF-D4FD-2945-E063-782F520A104C},259661
-77.0542102600759,38.9049778810253,PM4429402,0014 0068,4429402,,Squire Patton Boggs,,,2550 M ST NW,GEORGETOWN INCOM PARTNERS LLC,2,2550 M Street,WASHINGTON,DC,20037,1976,Office,209866,220892.0,71,ENERGYSTARSCORE,2019,Office_all,74,,,Meets BEPS,2023/05/04 04:00:00+00,38.90497009,-77.05420796,395298.11994377,137458.41757297,277177,,{0639A2BF-D4FE-2945-E063-782F520A104C},259662
-76.9474572083411,38.8931401149371,PM4443723,5051N 0840,4443723,,East River Shopping Center,,,322 40TH ST NE,CEDAR EAST RIVER PARK LLC,7,3917 Minnesota Avenue NE,WASHINGTON,DC,20019,1941,Strip Mall,101322,150038.0,228,WEATHERNORMALZEDSOUREUI_KBTUFT,2019,Strip shopping mall,294.3,-22.53%,-20.00%,Does Not Meet BEPS,2023/09/24 04:00:00+00,38.89313233,-76.94745494,404558.40013751,136144.24742537,29135,,{0639A2BF-D4FF-2945-E063-782F520A104C},259663
-77.0321262871758,38.9209786276607,PM4449421,2661 0863,4449421,,Capitol View on 14th,,,2410 14TH ST NW,DCO 2400 14TH STREET LLC,1,2400 14th Street NW,WASHINGTON,DC,20009,2012,Multifamily Housing,255728,264846.0,66,ENERGYSTARSCORE,2019,Multifamily Housing,35,-18.72%,-18.72%,Does Not Meet BEPS,2023/09/19 04:00:00+00,38.92097084,-77.03212399,397214.26020416,139233.72739592,234183,,{0639A2BF-D500-2945-E063-782F520A104C},259664
-76.9843073406459,38.8617252047997,PM4449427,5797 0115,4449427,,Cedar Heights,,,1508 BUTLER ST SE,FINSBURY SQUARE LIMITED PARTNERSHIP,8,1510 Butler St SE,WASHINGTON,DC,20032,1964,Multifamily Housing,150000,150000.0,66,ENERGYSTARSCORE,2019,Multifamily Housing,33,-19.83%,-19.83%,Does Not Meet BEPS,2023/09/25 04:00:00+00,38.86171742,-76.98430506,401362.17037572,132655.75958463,286283,,{0639A2BF-D501-2945-E063-782F520A104C},259665
-76.9967888346511,38.9402118045503,PM4457796,3820 0081,4457796,,CubeSmart - #585,,,645 TAYLOR ST NE,CUBESMART LP,5,645 Taylor St NE,WASHINGTON,DC,20017,2013,Self-Storage Facility,113298,105666.0,21,WEATHERNORMALZEDSOUREUI_KBTUFT,2019,Nonrefrigerated warehouse (Self-Storage Facility),10,,,Meets BEPS,2023/05/04 04:00:00+00,38.94020401,-76.99678655,400278.58997036,141368.29020781,288822,,{0639A2BF-D502-2945-E063-782F520A104C},259666
-77.02749405138,38.8833013920304,PM4459310,0374 7033,4459310,,The Apartments at City Center,,,825 10TH ST NW,CCDC RESIDENTIAL RENTAL LLC (IMPS ONLY),2,825 and 875 10th Street NW,WASHINGTON,DC,20001,2013,Multifamily Housing,160542,600579.0,66,ENERGYSTARSCORE,2019,Multifamily Housing,8,-36.41%,-20.00%,Does Not Meet BEPS,2023/09/01 04:00:00+00,38.88329361,-77.02749176,397614.70002618,135051.12019682,307520,,{0639A2BF-D503-2945-E063-782F520A104C},259667
-77.0368748682808,38.922071917372,PM4473835,2571 1211,4473835,,Park Tower,,,2440 16TH ST NW,THE PARK TOWER CONDO,1,2440 16th Street NW,WASHINGTON,DC,20009,1929,Multifamily Housing,68627,68627.0,66,ENERGYSTARSCORE,2019,Multifamily Housing,80,,,Meets BEPS,2023/05/04 04:00:00+00,38.92206413,-77.03687257,396802.52016598,139355.24743275,226338,,{0639A2BF-D504-2945-E063-782F520A104C},259668
-77.0334383905537,38.9053239276547,PM4475462,0214 0860,4475462,,Westin DC,,,1400 M ST NW,DIAMONDROCK DC M STREET OWNER LLC,2,1400 M St NW,WASHINGTON,DC,20005,1982,Hotel,430128,330100.0,54,ENERGYSTARSCORE,2019,Hotel,34,-15.18%,-15.18%,Does Not Meet BEPS,2023/05/04 04:00:00+00,38.90531614,-77.0334361,397099.83967727,137495.96704102,240254,,{0639A2BF-D505-2945-E063-782F520A104C},259669
-77.0727660305028,38.9233557019078,PM4475485,1935 0045,4475485,,Glover Park Hotel,,,2507 WISCONSIN AVE NW,CS BOND ST S PROPERTIES LLC,3,"2505 Wisconsin Avenue, N.W.",WASHINGTON,DC,20007,1973,Hotel,138253,90248.0,54,ENERGYSTARSCORE,2019,Hotel,52,-1.64%,-1.64%,Does Not Meet BEPS,2023/05/04 04:00:00+00,38.92334791,-77.07276372,393690.26024954,139499.62680899,301508,,{0639A2BF-D506-2945-E063-782F520A104C},259670
-77.0016470212713,38.9004381555787,PM4476473,0776 4111,4476473,,360 H Street Apartments,,,300 H ST NE,STEUART H STREET LLC,6,360 H Street NE,WASHINGTON,DC,20002,2013,Multifamily Housing,282163,251130.0,66,ENERGYSTARSCORE,2019,Multifamily Housing,71,,,Meets BEPS,2023/05/12 04:00:00+00,38.90043037,-77.00164474,399857.32975669,136953.07729357,308512,,{0639A2BF-D507-2945-E063-782F520A104C},259671
-77.0394733347519,38.9133477600067,PM4479914,0154 0829,4479914,,The Carlyle - Dupont Circle,,,1731 NEW HAMPSHIRE AVE NW,1731 NH AVENUE OWNER LLC,2,"1731 New Hampshire Ave., N.W.",WASHINGTON,DC,20009,1990,Hotel,102498,102498.0,54,ENERGYSTARSCORE,2019,Hotel,69,,,Meets BEPS,2023/05/04 04:00:00+00,38.91333997,-77.03947104,396576.76983584,138386.88693445,241652,,{0639A2BF-D508-2945-E063-782F520A104C},259672
-76.999548927609,38.9473218815111,PM4484898,3788 0813,4484898,,Capital area food bank,Not Applicable: Standalone Property,Not Applicable: Standalone Property,4900 6TH ST NE,CAPITAL AREA FOOD BANK INC,5,4900 puerto Rico Ave Northeast,WASHINGTON,DC,20017,2012,Refrigerated Warehouse,110851,120000.0,19,ENERGYSTARSCORE,2019,Warehouse_all,57,,,Meets BEPS,2023/05/04 04:00:00+00,38.94731408,-76.99954664,400039.30011453,142157.56658269,288297,,{0639A2BF-D509-2945-E063-782F520A104C},259673
-77.0304112541075,38.9046250220738,PM4495237,0247 3001,4495237,,The Midtown Condominium,,,1312 MASSACHUSETTS AVE NW,THE MIDTOWN CONDO,2,1312 Massachusetts Avenue NW,WASHINGTON,DC,20005,1995,Multifamily Housing,60260,60260.0,66,ENERGYSTARSCORE,2019,Multifamily Housing,80,,,Meets BEPS,2023/05/04 04:00:00+00,38.90461723,-77.03040896,397362.38007081,137418.29054722,226543,,{0639A2BF-D50A-2945-E063-782F520A104C},259674
-77.0726988943038,38.9338556564927,PM4506895,"1920 5255; 19205 5253",4506895,,Cathedral Commons,,,3308 WISCONSIN AVE NW,CATHEDRAL COMMONS PARTNERS LLC,3,3401 Idaho Avenue,WASHINGTON,DC,20016,2015,Mixed Use Property,283067,258200.0,229,SOURCEEUI_KBTU_FT,2019,Other,159.6,,,Meets BEPS,2023/09/25 04:00:00+00,38.93384786,-77.07269659,393697.00965785,140665.2065356,311539,,{0639A2BF-D50B-2945-E063-782F520A104C},259675
-77.0274169734582,38.9028683773123,PM4508405,0316 0035,4508405,,1101 K Street - DC Reporting,,,1101 K ST NW,RG-1101 K LLC,2,1101 K Street,WASHINGTON,DC,20005,2006,Office,453141,322448.0,71,ENERGYSTARSCORE,2019,Office_all,76,,,Meets BEPS,2023/05/04 04:00:00+00,38.90286059,-77.02741468,397622.04010484,137223.20704885,300315,,{0639A2BF-D50C-2945-E063-782F520A104C},259676
-77.026299326677,38.9033349067603,PM4531849,0342 0060,4531849,,Cato Institute,,,1000 MASSACHUSETTS AVE NW,CAIO INSTITUTE INC,2,1000 Massachusetts Ave. NW,WASHINGTON,DC,20001,2012,Office,104133,75977.0,71,ENERGYSTARSCORE,2019,Office_all,37,-37.29%,-20.00%,Does Not Meet BEPS,2023/09/13 04:00:00+00,38.90332712,-77.02629703,397719.00041178,137274.96712512,239365,,{0639A2BF-D50D-2945-E063-782F520A104C},259677
-77.0804654783629,38.9267366121599,PM4531922,1805 1068,4531922,,The Colonnade Condominium,,,2801 NEW MEXICO AVE NW,THE COLONNADE CONDOMINIUM,3,2801 New Mexico Ave NW,WASHINGTON,DC,20007,1966,Multifamily Housing,422388,593037.0,66,ENERGYSTARSCORE,2019,Multifamily Housing,80,,,Meets BEPS,2023/05/31 04:00:00+00,38.92672882,-77.08046317,393022.92983814,139875.49682501,224759,,{0639A2BF-D50E-2945-E063-782F520A104C},259678
-77.0036824385589,38.906875416095,PM4531936,0711 0820,4531936,,Three Constitution Square,,,175 N ST NE,CONSQUARE OFFICE THREE OWNER LLC,6,"175 N Street, NE",WASHINGTON,DC,20002,2013,Office,348844,374361.0,71,ENERGYSTARSCORE,2019,Office_all,81,,,Meets BEPS,2023/05/04 04:00:00+00,38.90686763,-77.00368015,399680.80029975,137667.67037194,308963,,{0639A2BF-D50F-2945-E063-782F520A104C},259679
-77.0032142798047,38.8992107878636,PM4536856,0752 0862,4536856,,Station House,,,701 2ND ST NE,STATION TOWNHOUSES LLC,6,701 2nd Street NE,WASHINGTON,DC,20002,2015,Multifamily Housing,368602,398103.0,66,ENERGYSTARSCORE,2019,Multifamily Housing,18,-28.64%,-20.00%,Does Not Meet BEPS,2023/05/04 04:00:00+00,38.899203,-77.003212,399721.37559362,136816.83300599,306230,,{0639A2BF-D510-2945-E063-782F520A104C},259680
-77.0318422214121,38.9234652731735,PM4537517,2866 0836,4537517,,The Olympia,,,2535 14TH ST NW,1368 EUCLID STREET LP,1,1368 Euclid Street NW,WASHINGTON,DC,20009,1898,Multifamily Housing,64819,64819.0,66,ENERGYSTARSCORE,2019,Multifamily Housing,74,,,Meets BEPS,2023/09/19 04:00:00+00,38.92345748,-77.03183993,397238.98969864,139509.75684094,232072,,{0639A2BF-D511-2945-E063-782F520A104C},259681
-77.0485578508826,38.9016344744432,PM4539680,0075 0048,4539680,,North Building,4539680,North Building,2150 PENNSYLVANIA AVE NW,THE GEORGE WASHINGTON UNIVERSITY,2,"2150 Pennsylvania, Avenue, N.W.",WASHINGTON,DC,20037,1931,Urgent Care/Clinic/Other Outpatient,79531,79186.0,426,WEATHERNORMALZEDSOUREUI_KBTUFT,2019,Hospital/Healthcare,132.8,,,Meets BEPS,2023/05/04 04:00:00+00,38.90162669,-77.04855555,395788.20018453,137086.9972521,242494,,{0639A2BF-D512-2945-E063-782F520A104C},259682
-76.9503914939558,38.920399432512,PM4542852,4327 0004,4542852,,Costco #1120 Washington DC,,,2441 MARKET ST NE,COSTCO WHOLESALE CORPORATION,5,2441 Market Street NE,WASHINGTON,DC,20018,2012,Supermarket/Grocery Store,156941,160638.0,64,ENERGYSTARSCORE,2019,Retail_all,65,,,Meets BEPS,2023/05/04 04:00:00+00,38.92039164,-76.95038922,404302.20040118,139170.11018289,309925,,{0639A2BF-D513-2945-E063-782F520A104C},259683
-77.0134438839197,38.9737665608431,PM4542998,3359 0049,4542998,,Jemal's WTU LLC,,,6896 LAUREL ST NW,JEMAL'S WTU LLC,4,6896 Laurel Street NW,WASHINGTON,DC,20012,1930,College/University,72600,72600.0,180,WEATHERNORMALZEDSOUREUI_KBTUFT,2019,College/University,154.2,,,Meets BEPS,2023/05/04 04:00:00+00,38.97375876,-77.01344159,398835.23014589,145093.25719042,245173,,{0639A2BF-D514-2945-E063-782F520A104C},259684
-77.0459275235056,38.9016441861737,PM4546033,0078 0850,4546033,,Lombardy Towers APT Hotel,,,2019 I ST NW,LOMBARDY TOWERS APT HOTEL,2,2019 I ST NW,WASHINGTON,DC,20006,1926,Hotel,85163,85163.0,54,ENERGYSTARSCORE,2019,Hotel,67,,,Meets BEPS,2023/07/27 04:00:00+00,38.9016364,-77.04592523,396016.35961551,137087.9570714,242977,,{0639A2BF-D515-2945-E063-782F520A104C},259685
-77.0380430671074,38.9085125828125,PM4546379,0181 0876,4546379,,The Drake,,,1355 17TH ST NW,TRUSTEES OF FIRST BAPTIST CHURCH OF THE CITY OF WASHINGTON,2,1355 17th Street NW,WASHINGTON,DC,20036,2014,Multifamily Housing,105282,127887.0,66,ENERGYSTARSCORE,2019,Multifamily Housing,86,,,Meets BEPS,2023/05/31 04:00:00+00,38.90850479,-77.03804077,396700.59010423,137850.08952059,310219,,{0639A2BF-D516-2945-E063-782F520A104C},259686
-77.0583599475543,38.9029300752012,PM4548157,1192 0818,4548157,,Georgetown Suites Harbour,,,1000 29TH ST NW,VIG K LLC,2,1000 29th St. NW,WASHINGTON,DC,20007,1988,Hotel,66678,62777.0,54,ENERGYSTARSCORE,2019,Hotel,78,,,Meets BEPS,2023/07/22 04:00:00+00,38.90292229,-77.05835765,394938.03962419,137231.31715667,276422,,{0639A2BF-D517-2945-E063-782F520A104C},259687
-77.0369713975371,38.9005135087595,PM4548725,0186 0042,4548725,,Hay Adams Holdings LLC (hy75),,,800 16TH ST NW,HAY ADAMS HOLDINGS LLC,2,800 16th Street NW,WASHINGTON,DC,20006,1928,Hotel,106827,106827.0,54,ENERGYSTARSCORE,2019,Hotel,29,-18.81%,-18.81%,Does Not Meet BEPS,2023/09/13 04:00:00+00,38.90050572,-77.0369691,396793.18021299,136962.08979587,279937,,{0639A2BF-D518-2945-E063-782F520A104C},259688
-76.9970431663207,38.932065218037,PM4550674,3655 3262,4550674,,Monroe Street Market - Cornerstone,5060175,"Monroe Street Market - Campus (mn2016,mn207)",625 MONROE ST NE,THE CATHOLIC UNIVERISTY OF AMERICA,5,625 Monroe St NE,WASHINGTON,DC,20017,2014,Multifamily Housing,219061,357977.0,66,ENERGYSTARSCORE,2019,Multifamily Housing,79,,,Meets BEPS,2023/05/24 04:00:00+00,38.93205742,-76.99704088,400256.57015145,140463.94663747,309938,,{0639A2BF-D519-2945-E063-782F520A104C},259689
-77.005317265153,38.9157616949893,PM4556577,3531 0116,4556577,,St. Martin's Apartments LP,,,116 T ST NE,ROMAN CATHOLIC ARCHBISHOP OF WASHINGTON,5,116 T Street,WASHINGTON,DC,20002,2010,Multifamily Housing,240940,280000.0,,,,,,,,Does Not Meet BEPS: Incomplete/Missing Report,2023/05/04 04:00:00+00,38.9157539,-77.00531498,399539.05991309,138654.12657673,285896,,{0639A2BF-D51A-2945-E063-782F520A104C},259690
-77.0522236500487,38.8998738576718,PM4556802,0030 0018,4556802,,Washington DC RI,,,801 NEW HAMPSHIRE AVE NW,CHATHAM WASHINGTON DC LLC,2,801 New Hampshire Ave NW,WASHINGTON,DC,20037,1975,Hotel,98042,98042.0,54,ENERGYSTARSCORE,2019,Hotel,35,-14.46%,-14.46%,Does Not Meet BEPS,2023/09/18 04:00:00+00,38.89986607,-77.05222135,395470.1100223,136891.7298392,277506,,{0639A2BF-D51B-2945-E063-782F520A104C},259691
-77.0221937037297,38.9147883391836,PM4557743,0417 0053,4557743,,HURB1,"7060750, 12540114","Howard University Main Campus, Howard University (HEBI Submission)",1840 7TH ST NW,HOWARD UNIVERSITY,1,1840 7th Street NW,WASHINGTON,DC,20001,1996,Laboratory,53568,50025.0,318,WEATHERNORMALZEDSOUREUI_KBTUFT,2019,Laboratory,143.3,,,Meets BEPS,2023/05/04 04:00:00+00,38.91478055,-77.02219141,398075.43020629,138546.29712951,279436,,{0639A2BF-D51C-2945-E063-782F520A104C},259692
-77.0430321479523,38.9339352944431,PM4558700,2615 0098,4558700,,Stoddard Baptist Nursing Home,,,1818 NEWTON ST NW,STODDARD BAPTIST HOME INC,1,"1818 Newton Street, NW",WASHINGTON,DC,20010,1986,Senior Living Community,63886,74824.0,50,ENERGYSTARSCORE,2019,Senior Care Community,26,-16.09%,-16.09%,Does Not Meet BEPS,2023/09/19 04:00:00+00,38.9339275,-77.04302985,396269.19990804,140672.41688775,233807,,{0639A2BF-D51D-2945-E063-782F520A104C},259693
-76.9880596575139,38.8675776957485,PM4558775,5601 0056,4558775,,Anacostia Gateway,,,1800 MARTIN LUTHER KING JR AVE SE,ANACOSTIA GATEWAY LLC,8,"1800 Martin Luther King Jr., Ave. SE",WASHINGTON,DC,20020,2007,Office,115625,115625.0,71,ENERGYSTARSCORE,2019,Office_all,69,-3.20%,-3.20%,Does Not Meet BEPS,2023/09/14 04:00:00+00,38.86756991,-76.98805738,401036.41997157,133305.37959489,56153,,{0639A2BF-D51E-2945-E063-782F520A104C},259694
-77.047688938648,38.9114451066796,PM4559564,0066 0078,4559564,,Cosmos Club,,,2121 MASSACHUSETTS AVE NW,COSMOS CLUB,2,"2121 Massachusetts Ave., NW",WASHINGTON,DC,20008,1900,Hotel,94534,80000.0,54,ENERGYSTARSCORE,2019,Hotel,59,,,Meets BEPS,2023/05/04 04:00:00+00,38.91143732,-77.04768664,395864.13996212,138176.01722711,242721,,{0639A2BF-D51F-2945-E063-782F520A104C},259695
-77.0519847906693,38.9069983217916,PM4562546,0024 0113,4562546,,Heart House,,,2400 N ST NW,AMERICAN COLLEGE OF CARDIOLOGY FOUNDATION,2,2400 N St. NW,WASHINGTON,DC,20037,1983,Office,241374,178293.0,71,ENERGYSTARSCORE,2019,Office_all,62,-12.87%,-12.87%,Does Not Meet BEPS,2023/09/18 04:00:00+00,38.90699053,-77.05198249,395491.28004462,137682.59054229,274061,,{0639A2BF-D520-2945-E063-782F520A104C},259696
-77.0243005650881,38.9343930242112,PM4563776,2897 0150,4563776,,E.L. Haynes Public Charter School - Georgia Avenue Campus,,,3600 GEORGIA AVE NW,EUPHEMIA L HAYES PUBLIC CHARTER SCHOOL INC,1,3600 Georgia Ave NW,WASHINGTON,DC,20010,2008,K-12 School,52100,45484.0,36,ENERGYSTARSCORE,2019,K-12 School,25,-11.17%,-20.00%,Does Not Meet BEPS,2023/09/14 04:00:00+00,38.93438523,-77.02429827,397893.29016313,140722.6300013,306085,,{0639A2BF-D521-2945-E063-782F520A104C},259697
-77.0224186690943,38.9456096900422,PM4563778,3138 0067,4563778,,E.L. Haynes Public Charter School - Kansas Avenue Campus,,,4501 KANSAS AVENUE NW,DISTRICT OF COLUMBIA HOUSING AUTHORITY,4,4501 Kansas Ave NW,WASHINGTON,DC,20011,2010,K-12 School,52231,70437.0,36,ENERGYSTARSCORE,2019,K-12 School,45,,,Meets BEPS,2023/05/04 04:00:00+00,38.94560189,-77.02241638,398056.75963471,141967.73661279,284930,,{0639A2BF-D522-2945-E063-782F520A104C},259698
-77.0107986871475,38.8970749363532,PM4565989,0628 0895,4565989,,american federation of government employee,,,80 F ST NW,AMERICAN FEDERATION OF GOVERNMENT EMPLOYEES,6,80 f street nw,WASHINGTON,DC,20601,1984,Office,142975,133000.0,71,ENERGYSTARSCORE,2019,Office_all,69,-3.20%,-3.20%,Does Not Meet BEPS,2023/09/13 04:00:00+00,38.89706715,-77.0107964,399063.440037,136579.78709443,218757,,{0639A2BF-D523-2945-E063-782F520A104C},259699
-77.0293156014786,38.9042054768425,PM4567348,0283 0826,4567348,,Zen Apollo,,,1234 MASSACHUSETTS AVE NW,MASS HOUSE LLC,2,"1234 Massachusetts Avenue, NW",WASHINGTON,DC,20005,1968,Multifamily Housing,258603,243130.0,66,ENERGYSTARSCORE,2019,Multifamily Housing,67,,,Meets BEPS,2023/05/04 04:00:00+00,38.90419769,-77.02931331,397457.39987479,137371.68712314,240920,,{0639A2BF-D524-2945-E063-782F520A104C},259700
-77.0055885575116,38.9021910869767,PM4576132,0715 2974,4576132,,111 K Street,,,111 K ST NE,111 K ACQUISITIONS LLC,6,111 K Street NE,WASHINGTON,DC,20002,2009,Office,3282699,84540.0,71,ENERGYSTARSCORE,2019,Office_all,38,-36.48%,-20.00%,Does Not Meet BEPS,2023/05/04 04:00:00+00,38.9021833,-77.00558627,399515.44018223,137147.68016131,305751,,{0639A2BF-D525-2945-E063-782F520A104C},259701
-76.9703008671921,38.8577721986856,PM4577663,5740 0818,4577663,,Hillcrest House,,,2501 25TH ST SE,KEM ASSOCIATES LLC,8,"2501 25th Street, SE",WASHINGTON,DC,20020,1954,Multifamily Housing,71745,71745.0,66,ENERGYSTARSCORE,2019,Multifamily Housing,19,-27.99%,-20.00%,Does Not Meet BEPS,2023/09/19 04:00:00+00,38.85776442,-76.9702986,402577.93960729,132217.25023236,46714,,{0639A2BF-D526-2945-E063-782F520A104C},259702
-77.0073647905917,38.8288005857868,PM4580670,6203 0804,4580670,,Delwin Apartments,,,4208 SOUTH CAPITOL ST SE,RUTH E EVANS TRUSTEE,8,"4200-4240 South Capitol St., SE",WASHINGTON,DC,20032,1961,Multifamily Housing,73236,73236.0,66,ENERGYSTARSCORE,2019,Multifamily Housing,95,,,Meets BEPS,2023/08/21 04:00:00+00,38.82879281,-77.00736251,399360.70992166,129000.80675177,276627,,{0639A2BF-D527-2945-E063-782F520A104C},259703
-77.0248362509957,38.9828981362546,PM4582540,2961 0830,4582540,,Takoma Flats,,,813 JUNIPER ST NW,JUNIPER GARDENS LLC,4,7700 Eastern Ave NW,WASHINGTON,DC,20012,1936,Multifamily Housing,98121,98122.0,66,ENERGYSTARSCORE,2019,Multifamily Housing,70,,,Meets BEPS,2023/05/04 04:00:00+00,38.98289033,-77.02483395,397848.31040279,146107.15674639,253655,,{0639A2BF-D528-2945-E063-782F520A104C},259704
-77.0179818809931,38.9045473140545,PM4582777,0514 0094,4582777,,Yale West,,,443 NEW YORK AVE NW,WRIT YALE WEST LLC,6,443 New York Ave NW,WASHINGTON,DC,20001,2011,Multifamily Housing,263200,225626.0,66,ENERGYSTARSCORE,2019,Multifamily Housing,79,,,Meets BEPS,2023/09/15 04:00:00+00,38.90453953,-77.01797959,398440.48013705,137409.37948714,294308,,{0639A2BF-D529-2945-E063-782F520A104C},259705
-77.0316088052562,38.9159013133222,PM4588146,0237 0203,4588146,,The Harper,,,1905 14TH ST NW,STEPHEN F J ORNSTEIN TRUSTEE,1,1919 14TH STREET NW,WASHINGTON,DC,20009,2014,Multifamily Housing,107730,83915.0,66,ENERGYSTARSCORE,2019,Multifamily Housing,83,,,Meets BEPS,2023/08/23 04:00:00+00,38.91589352,-77.03160651,397258.94007834,138670.08665603,279478,,{0639A2BF-D52A-2945-E063-782F520A104C},259706
-77.046284217243,38.905913014906,PM4590294,0099 0052,4590294,,229- St. Gregory Hotel,,,2033 M ST NW,HHLP SAINT GREGORY ASSOCIATES LLC,2,2033 M Street NW,WASHINGTON,DC,20036,1900,Hotel,132445,86358.0,54,ENERGYSTARSCORE,2019,Hotel,15,-29.77%,-20.00%,Does Not Meet BEPS,2023/07/15 04:00:00+00,38.90590523,-77.04628192,395985.65990756,137561.84730606,279520,,{0639A2BF-D52B-2945-E063-782F520A104C},259707
-76.989230724678,38.8653596680918,PM4594479,5782 0843,4594479,,2100 MLK,,,2100 MARTIN LUTHER KING JR AVE SE,2100 MARTIN LUTHER KING ASSOCIATES LP,8,2100 Martin Luther King Ave SE,WASHINGTON,DC,20020,1989,Office,104616,71350.0,71,ENERGYSTARSCORE,2019,Office_all,27,-45.17%,-20.00%,Does Not Meet BEPS,2023/09/14 04:00:00+00,38.86535189,-76.98922845,400934.81970542,133059.15039027,51883,,{0639A2BF-D52C-2945-E063-782F520A104C},259708
-77.0329243240176,38.8993602800279,PM4624422,0222 0814,4624422,,1445 NY Ave,,,1445 NEW YORK AVE NW,PONTE GADEA OF WASHINGTON LLC,2,1445 New York Avenue NW,WASHINGTON,DC,20005,1985,Office,177195,186781.0,71,ENERGYSTARSCORE,2019,Office_all,85,,,Meets BEPS,2023/05/05 04:00:00+00,38.89935249,-77.03292203,397144.19002307,136833.93764609,218285,,{0639A2BF-D52D-2945-E063-782F520A104C},259709
-77.0672949120454,38.9171194512395,PM4629979,1299 1024,4629979,,Green Building,Not Applicable: Standalone Property,Not Applicable: Standalone Property,3300 WHITEHAVEN ST NW,GREEN HARRIS LLC,3,"2001 Wisconsin Avenue, NW",WASHINGTON,DC,20007,1960,K-12 School,338948,111600.0,36,ENERGYSTARSCORE,2019,K-12 School,85,,,Meets BEPS,2023/05/04 04:00:00+00,38.91711166,-77.06729261,394164.17969694,138806.9867668,224666,,{0639A2BF-D52E-2945-E063-782F520A104C},259710
-77.0121539168858,38.9682876209304,PM4632545,3368 0822,4632545,,MFS Chillum LLC,,,6501 CHILLUM PL NW,ABS CHILLUM LLC,4,"6500-6527 Chillum Pl., NW",WASHINGTON,DC,20012,1962,Non-Refrigerated Warehouse,157036,158387.0,19,ENERGYSTARSCORE,2019,Warehouse_all,88,,,Meets BEPS,2023/05/04 04:00:00+00,38.96827982,-77.01215163,398946.92960025,144485.0270637,295813,,{0639A2BF-D52F-2945-E063-782F520A104C},259711
-77.0194044052773,38.8845189412658,PM4673452,0494 0031,4673452,,National Square,,,400 6TH ST SW,GVAOII 500D LLC,6,500 D Street SW,WASHINGTON,DC,20024,2015,Office,361741,348173.0,71,ENERGYSTARSCORE,2019,Office_all,94,,,Meets BEPS,2023/08/15 04:00:00+00,38.88451116,-77.01940212,398316.61970878,135186.09734249,311515,,{0639A2BF-D530-2945-E063-782F520A104C},259712
-77.0369801495341,38.9044977851723,PM4718570,0183 0881,4718570,,"Unidos Properties, LLC",,,1126 16TH STREET NW,UNIDOS PROPERTIES LLC,2,1126 16th St NW,WASHINGTON,DC,20036,1955,Office,70975,70975.0,71,ENERGYSTARSCORE,2019,Office_all,35,-38.90%,-20.00%,Does Not Meet BEPS,2023/09/14 04:00:00+00,38.90449,-77.03697785,396792.60036503,137404.37728316,218014,,{0639A2BF-D531-2945-E063-782F520A104C},259713
-77.0263267497586,38.9002324852211,PM4735179,0374 0046,4735179,,CCDC Office & Retail,,,800 10TH STREET NW,CCDC RETAIL LLC (IMPS ONLY),2,"800 10th Street, NW",WASHINGTON,DC,20001,2013,Office,624086,624086.0,71,ENERGYSTARSCORE,2019,Office_all,64,-10.32%,-10.32%,Does Not Meet BEPS,2023/09/13 04:00:00+00,38.9002247,-77.02632446,397716.52182739,136930.57422659,307567,,{0639A2BF-D532-2945-E063-782F520A104C},259714
-77.0411096871743,38.9004844430594,PM4735934,0127 0854,4735934,,HI-DC-White House,,,1729 H ST NW,PALMETTO HOSPITALITY OF WASHINGTON DC II LLC,2,1729 H St NW,WASHINGTON,DC,20006,2013,Hotel,74199,54930.0,54,ENERGYSTARSCORE,2019,Hotel,18,-27.22%,-20.00%,Does Not Meet BEPS,2023/09/20 04:00:00+00,38.90047666,-77.04110739,396434.21007017,136959.0174109,279355,,{0639A2BF-D533-2945-E063-782F520A104C},259715
-76.9695101161241,38.8508505195679,PM4738359,5725 0803,4738359,,rockburne estates,,,2732 SHIPLEY TER SE,ROCKBURNE ESTATES LP,8,"2627 Jasper Street, SE",WASHINGTON,DC,20020,1967,Multifamily Housing,247632,224000.0,66,ENERGYSTARSCORE,2019,Multifamily Housing,75,,,Meets BEPS,2023/08/20 04:00:00+00,38.85084274,-76.96950785,402646.82957253,131448.91698251,297918,,{0639A2BF-D534-2945-E063-782F520A104C},259716
-77.0083781324563,38.9042547343381,PM4739089,0673 0036,4739089,,National Public Radio HQ Building,,,1111 NORTH CAPITOL ST NE,NATIONAL PUBLIC RADIO INC,6,1111 North Capitol St. NE,WASHINGTON,DC,20002,2013,Office,416764,361885.0,71,ENERGYSTARSCORE,2019,Office_all,53,-22.95%,-20.00%,Does Not Meet BEPS,2023/09/01 04:00:00+00,38.90424695,-77.00837585,399273.4896575,137376.78048892,285852,,{0639A2BF-D535-2945-E063-782F520A104C},259717
-77.0413867718788,38.9031712952664,PM4743813,0163 0052,4743813,,1015 18th Street,,,1015 18TH ST NW,1015 18TH STREET OWNER LLC,2,"1015 18th Street, NW",WASHINGTON,DC,20036,1970,Office,139664,124797.0,153,WEATHERNORMALZEDSOUREUI_KBTUFT,2019,Office_all,149.9,,,Meets BEPS,2023/09/14 04:00:00+00,38.90316351,-77.04138448,396410.30958902,137257.29022511,243414,,{0639A2BF-D536-2945-E063-782F520A104C},259718
-76.94910002774,38.9014100088801,PM4746392,5056 0040,4746392,,Cesar Chavez Public Charter Schools For Public Policy,,,3701 HAYES ST NE,CESAR CHAVEZ PUBLIC CHARTER SCHOOLS FOR PUBLIC POLICY,7,"3701 Hayes St., NE",WASHINGTON,DC,20019,2005,K-12 School,59460,79612.0,36,ENERGYSTARSCORE,2019,K-12 School,41,,,Meets BEPS,2023/05/04 04:00:00+00,38.90140222,-76.94909776,404415.36999742,137062.19016601,304053,,{0639A2BF-D537-2945-E063-782F520A104C},259719
-77.067276044983,38.916187937156,PM4752062,1299 1040,4752062,,"02912AS - Washington, DC",,,1855 WISCONSIN AVE NW,ACI REAL ESTATE SPE 106 LLC,3,1855 Wisconsin Ave NW,WASHINGTON,DC,20007,2010,Supermarket/Grocery Store,60000,78949.0,64,ENERGYSTARSCORE,2019,Retail_all,65,,,Meets BEPS,2023/09/19 04:00:00+00,38.91618015,-77.06727374,394165.73995747,138703.58019915,224665,,{0639A2BF-D538-2945-E063-782F520A104C},259720
-77.0437685043847,38.9216103843144,PM4767963,2549 0877,4767963,,1841 Columbia (cl237),,,1835 COLUMBIA RD NW,UIP 1841 COLUMBIA ROAD LLC,1,1841 Columbia Rd NW,WASHINGTON,DC,20009,1929,Multifamily Housing,120650,120650.0,66,ENERGYSTARSCORE,2019,Multifamily Housing,74,,,Meets BEPS,2023/05/04 04:00:00+00,38.92160259,-77.04376621,396204.69964405,139304.27662343,235380,,{0639A2BF-D539-2945-E063-782F520A104C},259721
-77.0884514516394,38.9211965762028,PM4768216,1341 0861,4768216,,Field School DC Benchmarking,,,2301 FOXHALL ROAD NW,FIELD SCHOOL THE,3,2301 Foxhall Road NW,WASHINGTON,DC,20007,2002,K-12 School,72243,87347.0,36,ENERGYSTARSCORE,2019,K-12 School,12,-25.67%,-20.00%,Does Not Meet BEPS,2023/09/14 04:00:00+00,38.92118879,-77.08844914,392329.85993657,139261.14732917,274612,,{0639A2BF-D53A-2945-E063-782F520A104C},259722
-76.9693980129288,38.8570575702605,PM4769644,5730 0218,4769644,,Roundtree Residences,,,2513 ALABAMA AVE SE,ALABAMA AVE AFFORDABLE HOUSING L P,8,"2515 Alabama Avenue, SE",WASHINGTON,DC,20020,2012,Multifamily Housing,94557,77399.0,66,ENERGYSTARSCORE,2019,Multifamily Housing,92,,,Meets BEPS,2023/09/19 04:00:00+00,38.85704979,-76.96939574,402656.33013344,132137.94704542,309359,,{0639A2BF-D53B-2945-E063-782F520A104C},259723
-76.9868045820941,38.8793927738016,PM4780011,1046 0847,4780011,,Chamberlain Academy,,,1345 POTOMAC AVE SE,FRIENDSHIP PUBLIC CHARTER SCHOOL,6,"1345 Potomac Avenue, SE",WASHINGTON,DC,20003,1938,K-12 School,76216,75270.0,36,ENERGYSTARSCORE,2019,K-12 School,52,,,Meets BEPS,2023/05/04 04:00:00+00,38.87938499,-76.9868023,401145.15034039,134616.95708095,66334,,{0639A2BF-D53C-2945-E063-782F520A104C},259724
-76.9970108346227,38.8476335221528,PM4780156,5982 0815,4780156,,Southeast Academy,,,645 MILWAUKEE PL SE,FRIENDSHIP PUBLIC CHARTER SCHOOL INC,8,"645 Milwaukee Place, SE",WASHINGTON,DC,20032,2005,K-12 School,59572,58539.0,36,ENERGYSTARSCORE,2019,K-12 School,7,-32.88%,-20.00%,Does Not Meet BEPS,2023/09/14 04:00:00+00,38.84762574,-76.99700856,400259.67958396,131091.36951008,1655,,{0639A2BF-D53D-2945-E063-782F520A104C},259725
-77.0648225107,38.9032400688325,PM4793706,1187 0812,4793706,,Papermill - SV,,,3299 K ST NW,MILL PARTNERS PAPERMILL L P,2,3299 K Street NW,WASHINGTON,DC,20007,1985,Office,88893,100255.0,71,ENERGYSTARSCORE,2019,Office_all,58,-17.61%,-17.61%,Does Not Meet BEPS,2023/09/13 04:00:00+00,38.90323228,-77.06482021,394377.4997206,137266.10673368,278487,,{0639A2BF-D53E-2945-E063-782F520A104C},259726
-77.0222580226593,38.9102855081418,PM4794008,0421 0068,4794008,,Jefferson Marketplace,,,1514 7TH ST NW,JMP APARTMENTS LLC,6,1550 7th Street NW,WASHINGTON,DC,20001,2014,Multifamily Housing,285121,266168.0,66,ENERGYSTARSCORE,2019,Multifamily Housing,55,-7.33%,-7.33%,Does Not Meet BEPS,2023/07/19 04:00:00+00,38.91027772,-77.02225573,398069.73013559,138046.44714414,310193,,{0639A2BF-D53F-2945-E063-782F520A104C},259727
-77.0452277060381,38.9048541364989,PM4795024,"0100 0116; 0100 0118; 0100 0119",4795024,,Lafayette Centre,,,1160 20TH ST NW,LCPC LAFAYETTE PROPERTY LLC,2,1120 20th Street,WASHINGTON,DC,20036,1983,Office,331554,1107766.0,71,ENERGYSTARSCORE,2019,Office_all,73,,,Meets BEPS,2023/05/04 04:00:00+00,38.90484635,-77.04522541,396077.2398371,137444.25710994,240941,,{0639A2BF-D540-2945-E063-782F520A104C},259728
-77.0248588317789,38.9384567040863,PM4798771,"2905 0814; 2905 7000",4798771,,Safeway 2808 - Georgia Ave,,,3830 GEORGIA AVE NW,113 POTOMAC AVE SW LP,4,"3830 Georgia Ave, NW",WASHINGTON,DC,20011,2014,Mixed Use Property,60622,64033.0,229,SOURCEEUI_KBTU_FT,2019,Other,518.9,-55.87%,-20.00%,Does Not Meet BEPS,2023/05/04 04:00:00+00,38.93844891,-77.02485654,397845.00983961,141173.74710382,225076,,{0639A2BF-D541-2945-E063-782F520A104C},259729
-77.0265591745866,38.9695645237892,PM4798782,2974 0020,4798782,,Safeway 1276 - Piney Branch Rd,,,6500 PINEY BRANCH RD NW,NAI SATURN EASTERN LLC,4,"6500 Piney Branch Rd, NW",WASHINGTON,DC,20012,1992,Supermarket/Grocery Store,51654,51827.0,64,ENERGYSTARSCORE,2019,Retail_all,51,-12.88%,-12.88%,Does Not Meet BEPS,2023/05/18 04:00:00+00,38.96955672,-77.02655688,397698.59987181,144627.03971513,285341,,{0639A2BF-D542-2945-E063-782F520A104C},259730
-77.0164987019608,38.9041261041573,PM4807168,0515N 0865,4807168,,P/S Lot 61 Associates LLC,,,1110 4TH ST NW,P/S LOT 61 HOLDINGS LLS,6,415 L St NW,WASHINGTON,DC,20001,2015,Multifamily Housing,549750,336540.0,66,ENERGYSTARSCORE,2019,Multifamily Housing,88,,,Meets BEPS,2023/07/19 04:00:00+00,38.90411832,-77.01649641,398569.12026327,137362.59747242,310446,,{0639A2BF-D543-2945-E063-782F520A104C},259731
-77.0647889040769,38.9049531164381,PM4807485,"1200 0866; 1200 0868",4807485,,Jamestown Georgetown Park - Main Building,,,3270 M ST NW,JAMESTOWN PREMIER GEORGETOWN PARK CORP,2,1066 Wisconsin Ave NW,WASHINGTON,DC,20007,1990,Enclosed Mall,274818,268252.0,170,WEATHERNORMALZEDSOUREUI_KBTUFT,2019,Enclosed mall,302,-43.71%,-20.00%,Does Not Meet BEPS,2023/09/25 04:00:00+00,38.90494533,-77.0647866,394380.55000554,137456.26703775,278805,,{0639A2BF-D544-2945-E063-782F520A104C},259732
-76.9554383465936,38.9204333283886,PM4817197,4327 1160,4817197,,Washington DC,,,2435 MARKET ST NE,LOWES HOMES CENTERS LLC,5,2438 Market St NE,WASHINGTON,DC,20018,2000,Retail Store,120587,110762.0,64,ENERGYSTARSCORE,2019,Retail_all,59,-5.33%,-5.33%,Does Not Meet BEPS,2023/09/09 04:00:00+00,38.92042553,-76.95543608,403864.53962654,139173.64651004,315514,,{0639A2BF-D545-2945-E063-782F520A104C},259733
-77.0016615209096,38.9586432222331,PM4820587,3748 0808,4820587,,Fort Totten Square,,,314 RIGGS RD NE,FORT TOTTEN NORTH LLC,4,5661 3rd St. NE,WASHINGTON,DC,20011,2015,Mixed Use Property,404234,481171.0,229,SOURCEEUI_KBTU_FT,2019,Other,104.9,,,Meets BEPS,2023/09/23 04:00:00+00,38.95863542,-77.00165923,399856.19028347,143414.33974694,311575,,{0639A2BF-D546-2945-E063-782F520A104C},259734
-77.0231289988371,38.9181399785604,PM4820588,2875 1109,4820588,,Atlantic Plumbing A,,,2110 8TH ST NW,ATLANTIC RESIDENTIAL A LLC,1,2112 8th St. NW,WASHINGTON,DC,20001,2015,Multifamily Housing,298452,275129.0,66,ENERGYSTARSCORE,2019,Multifamily Housing,75,,,Meets BEPS,2023/05/31 04:00:00+00,38.91813219,-77.02312671,397994.40973899,138918.37726993,284190,,{0639A2BF-D547-2945-E063-782F520A104C},259735
-77.0042081824552,38.91090934461,PM4820589,"3576 0816; 3576 0817; 3576 0818",4820589,,The Gale Eckington,,,151 Q ST NE,151 Q STREET RESIDENTIAL LLC,5,151 Q St. NE,WASHINGTON,DC,20002,2013,Multifamily Housing,138860,562172.0,66,ENERGYSTARSCORE,2019,Multifamily Housing,60,-4.16%,-4.16%,Does Not Meet BEPS,2023/05/04 04:00:00+00,38.91090155,-77.0042059,399635.21973476,138115.47051485,307165,,{0639A2BF-D548-2945-E063-782F520A104C},259736
-76.9969064752935,38.8580545741889,PM4823346,5867 0899,4823346,,Parkchester,,,2641 BIRNEY PL SE,WADE ROAD INVESTOR LLC,8,"2704 Wade Road, SE 201",WASHINGTON,DC,20020,1952,Multifamily Housing,52848,72917.0,66,ENERGYSTARSCORE,2019,Multifamily Housing,69,,,Meets BEPS,2023/06/30 04:00:00+00,38.85804679,-76.9969042,400268.69959003,132248.18051807,278231,,{0639A2BF-D549-2945-E063-782F520A104C},259737
-77.0035444188381,38.9089141895668,PM4835841,3584 0820,4835841,,"Elevation at Washington Gateway (lv005, lv024)",,,100 FLORIDA AVE NE,WASHINGTON GATEWAY APARTMENTS VENTURE LLC,5,100 Florida Avenue NE,WASHINGTON,DC,20001,2014,Multifamily Housing,355622,355707.0,66,ENERGYSTARSCORE,2019,Multifamily Housing,61,-3.49%,-3.49%,Does Not Meet BEPS,2023/09/23 04:00:00+00,38.9089064,-77.00354213,399692.78031688,137893.99003274,306456,,{0639A2BF-D54A-2945-E063-782F520A104C},259738
-77.0739415852691,38.9228966474387,PM4838948,1300 0532,4838948,,Carillon House,,,2500 WISCONSIN AVE NW,CARILLON HOUSE LP,3,2500 Wisconsin Ave NW,WASHINGTON,DC,20007,1954,Multifamily Housing,327920,330646.0,66,ENERGYSTARSCORE,2019,Multifamily Housing,71,,,Meets BEPS,2023/09/23 04:00:00+00,38.92288886,-77.07393928,393588.27976678,139448.75029034,271776,,{0639A2BF-D54B-2945-E063-782F520A104C},259739
-77.0387654578841,38.9224168017484,PM4843909,2572 0816,4843909,,Dorchester West,,,2425 17TH ST NW,KALORAMA WEST LLC,1,2425 17th St NW,WASHINGTON,DC,20009,2015,Multifamily Housing,94000,81167.0,66,ENERGYSTARSCORE,2019,Multifamily Housing,76,,,Meets BEPS,2023/05/04 04:00:00+00,38.92240901,-77.03876316,396638.5900785,139393.59994685,310889,,{0639A2BF-D54C-2945-E063-782F520A104C},259740
-77.0392738604855,38.9049741189959,PM4851882,0162 0098,4851882,,1717 DeSales,,,1717 DE SALES ST NW,1717 DESALES STREET LLC,2,1717 DeSales Street NW,WASHINGTON,DC,20036,1979,Office,94968,144472.0,71,ENERGYSTARSCORE,2019,Office_all,23,-48.27%,-20.00%,Does Not Meet BEPS,2023/07/08 04:00:00+00,38.90496633,-77.03927156,396593.6703829,137457.33685985,806309,,{0639A2BF-D54D-2945-E063-782F520A104C},259741
-76.9913550032116,38.8646391714418,PM4852292,5784 1100,4852292,,2235 Shannon Place,,,2235 SHANNON PL SE,GEORGE T CURTIS III TRUSTEE,8,"2235 Shannon Place, SE",WASHINGTON,DC,20020,2015,Office,82134,82184.0,71,ENERGYSTARSCORE,2019,Office_all,30,-42.84%,-20.00%,Does Not Meet BEPS,2023/09/14 04:00:00+00,38.86463139,-76.99135272,400750.47039246,132979.14999354,49693,,{0639A2BF-D54E-2945-E063-782F520A104C},259742
-77.0193755380719,38.8771093012847,PM4855546,"0499 0856; 0499 0858",4855546,,The View at Waterfront,,,1100 6TH ST SW,JOHN HANCOCK LIFE INSURANCE COMPANY USA,6,1100 6th Street SW,WASHINGTON,DC,20024,1961,Multifamily Housing,118584,237168.0,66,ENERGYSTARSCORE,2019,Multifamily Housing,23,-25.52%,-20.00%,Does Not Meet BEPS,2023/09/18 04:00:00+00,38.87710152,-77.01937325,398318.94999121,134363.5701745,298348,,{0639A2BF-D54F-2945-E063-782F520A104C},259743
-77.0068460037071,38.8232181662645,PM4859372,"6271 0029; 6271 0807",4859372,,Gardens at Wingate,,,28 GALVESTON ST SW,WINGATE PROPERTIES LLC,8,118 Galveston Street SW,WASHINGTON,DC,20032,1964,Multifamily Housing,68772,377323.0,66,ENERGYSTARSCORE,2019,Multifamily Housing,89,,,Meets BEPS,2023/09/19 04:00:00+00,38.82321039,-77.00684372,399405.71023565,128381.11757567,315625,,{0639A2BF-D550-2945-E063-782F520A104C},259744
-76.9843341892355,38.9005654862523,PM4859567,4068 0182,4859567,,Delta Housing Corporation,,,1400 FLORIDA AVE NE,DELTA HOUSING CORPORATION,5,"1400 Florida Avenue, NE",WASHINGTON,DC,20002,1980,Multifamily Housing,87660,87660.0,66,ENERGYSTARSCORE,2019,Multifamily Housing,46,-12.62%,-12.62%,Does Not Meet BEPS,2023/09/19 04:00:00+00,38.9005577,-76.98433191,401359.10004708,136967.32729325,65280,,{0639A2BF-D551-2945-E063-782F520A104C},259745
-76.9862157081535,38.895858051818,PM4861489,1030 0084,4861489,,Kingsman Academy Public Charter School,,,1375 E ST NE,KINGSMAN ACADEMY PUBLIC CHARTER SCHOOL,6,1375 E Street NE,WASHINGTON,DC,20002,1900,K-12 School,55219,61113.0,36,ENERGYSTARSCORE,2019,K-12 School,62,,,Meets BEPS,2023/05/04 04:00:00+00,38.89585026,-76.98621343,401195.96992741,136444.73756221,286107,,{0639A2BF-D552-2945-E063-782F520A104C},259746
-77.0242783889111,38.938026508765,PM4862045,3028 0056,4862045,,The Griffin,,,3809 GEORGIA AVE NW,3801 GEORGIA LLC,4,3801 Georgia Ave NW,WASHINGTON,DC,20011,2012,Multifamily Housing,58520,56680.0,66,ENERGYSTARSCORE,2019,Multifamily Housing,81,,,Meets BEPS,2023/05/04 04:00:00+00,38.93801871,-77.0242761,397895.3196088,141125.97757729,284795,,{0639A2BF-D553-2945-E063-782F520A104C},259747
-77.0255042589916,38.8964351560975,PM4865660,0377 0038,4865660,,999 E Street,,,999 E ST NW,RN 999 E STREET LLC,2,"999 E Street, NW",WASHINGTON,DC,20004,1930,Office,183430,188671.0,153,WEATHERNORMALZEDSOUREUI_KBTUFT,2019,Office_all,147.3,,,Meets BEPS,2023/09/06 04:00:00+00,38.89642737,-77.02550197,397787.74980314,136509.0200477,239820,,{0639A2BF-D554-2945-E063-782F520A104C},259748
-77.0251720870186,38.8838481571337,PM4866016,0387 0872,4866016,,429 L'Enfant Plaza (L'Enfant Plaza Retail),,,429 L'ENFANT PLAZA SW,POTOMAC CREEK ASSOCIATES LP,6,"429 L'Enfant Plaza, SW",WASHINGTON,DC,20024,1968,Parking,1388747,203729.0,229,WEATHERNORMALZEDSOUREUI_KBTUFT,2019,Other,156.9,,,Meets BEPS,2023/09/13 04:00:00+00,38.88384037,-77.0251698,397816.17970744,135111.75665225,302402,,{0639A2BF-D555-2945-E063-782F520A104C},259749
-76.976485801281,38.8978356996556,PM4866570,4515 0835,4866570,,Blow Pierce,,,729 19TH STREET NE,JAMES PLACE CONDO,7,"729 19th Street, NE",WASHINGTON,DC,20002,1999,K-12 School,52994,52994.0,36,ENERGYSTARSCORE,2019,K-12 School,15,-22.00%,-20.00%,Does Not Meet BEPS,2023/05/04 04:00:00+00,38.89782791,-76.97648352,402039.9724511,136664.44488688,811561,,{0639A2BF-D556-2945-E063-782F520A104C},259750
-76.9838378565221,38.8905642389108,PM4867461,1057 2645,4867461,,The Car Barn Condominium,,,24 15TH ST NE,THE CAR BARN CONDOMINIUM,6,1 14th Street NE,WASHINGTON,DC,20002,1982,Multifamily Housing,179681,165000.0,66,ENERGYSTARSCORE,2019,Multifamily Housing,84,,,Meets BEPS,2023/05/04 04:00:00+00,38.89055645,-76.98383558,401402.34987809,135857.1167762,285723,,{0639A2BF-D557-2945-E063-782F520A104C},259751
-76.9958289051907,38.893075051226,PM4871674,0895 0843,4871674,,BridgePoint Hospital Capitol Hill,,,223 7TH ST NE,CAPITOL HILL GROUP,6,"223 7th Street, NE",WASHINGTON,DC,20002,1968,Other/Specialty Hospital,254982,180000.0,426,WEATHERNORMALZEDSOUREUI_KBTUFT,2019,Hospital/Healthcare,228.5,,,Meets BEPS,2023/05/04 04:00:00+00,38.89306726,-76.99582662,400362.05029285,136135.72052589,315754,,{0639A2BF-D558-2945-E063-782F520A104C},259752
-77.0221402911226,38.9094307917593,PM4880468,0398 7011,4880468,,The Hodge on 7th,9480457,880 P / City Market at O / Hodge,1490 7TH ST NW,LIHTC SENIOR HOUSING LLC,6,"1490 7th Street, NW",WASHINGTON,DC,20001,2014,Multifamily Housing,62921,72117.0,66,ENERGYSTARSCORE,2019,Multifamily Housing,21,-26.74%,-20.00%,Does Not Meet BEPS,2023/09/19 04:00:00+00,38.909423,-77.022138,398079.91800992,137951.56372396,310635,,{0639A2BF-D559-2945-E063-782F520A104C},259753
-77.0802863031124,38.9253383106889,PM4885741,1709 2430,4885741,,4000 Tunlaw Condominium - 4000 Tunlaw,,,4000 TUNLAW RD NW,4000 TUNLAW RD CONDO,3,4000 Tunlaw Rd NW,WASHINGTON,DC,20007,1961,Multifamily Housing,227228,225513.0,66,ENERGYSTARSCORE,2019,Multifamily Housing,76,,,Meets BEPS,2023/05/04 04:00:00+00,38.92533052,-77.08028399,393038.33026237,139720.2599574,224803,,{0639A2BF-D55A-2945-E063-782F520A104C},259754
-77.0132277883577,38.8248590424915,PM4885876,PAR 02520093,4885876,,Bridgepoint Hospital National Harbor,,,4601 MARTIN LUTHER KING JR AVE SW,DCA ACQUISITIONS LLC,8,4601 Martin Luther King Jr. Ave. SW,WASHINGTON,DC,20032,1975,Other/Specialty Hospital,69502,144953.0,426,WEATHERNORMALZEDSOUREUI_KBTUFT,2019,Hospital/Healthcare,319.1,,,Meets BEPS,2023/05/04 04:00:00+00,38.82485127,-77.01322551,398851.55959003,128563.32700504,295152,,{0639A2BF-D55B-2945-E063-782F520A104C},259755
-77.0330236564578,38.9346332083045,PM4897677,2688 0043,4897677,,Hubbard Place,,,3500 14TH ST NW,CAVALIER APARTMENTS LP,1,3500 14th ST NW,WASHINGTON,DC,20010,1927,Multifamily Housing,235994,247264.0,66,ENERGYSTARSCORE,2019,Multifamily Housing,55,-7.33%,-7.33%,Does Not Meet BEPS,2023/09/19 04:00:00+00,38.93462541,-77.03302136,397136.99004489,140749.52951615,234780,,{0639A2BF-D55C-2945-E063-782F520A104C},259756
-77.0215449084809,38.9000056706368,PM4898777,0453 5030,4898777,,Arch Square,,,675 H ST NW,AFIAA ARCH SQUARE LLC,2,675 H Street,WASHINGTON,DC,20001,1871,Office,55750,61230.0,71,ENERGYSTARSCORE,2019,Office_all,96,,,Meets BEPS,2023/05/04 04:00:00+00,38.89999788,-77.02154262,398131.30984678,136905.2866401,305827,,{0639A2BF-D55D-2945-E063-782F520A104C},259757
-77.0299157289911,38.9070723317039,PM4898837,0245 2637,4898837,,Radius Condominium - 1300 N St. NW,,,1300 N ST NW,THE RADIUS CONDOMINIUM,2,1300 N Street NW,WASHINGTON,DC,20005,2005,Multifamily Housing,115407,124416.0,66,ENERGYSTARSCORE,2019,Multifamily Housing,64,-1.44%,-1.44%,Does Not Meet BEPS,2023/05/31 04:00:00+00,38.90706454,-77.02991344,397405.44962749,137689.94764525,242843,,{0639A2BF-D55E-2945-E063-782F520A104C},259758
-76.9463488996773,38.8975575857432,PM4899440,5078 0813,4899440,,Collegiate,,,4095 MINNESOTA AVENUE NE,DISTRICT OF COLUMBIA,7,"4095 Minnesota Avenue, NE",WASHINGTON,DC,20019,2001,K-12 School,153955,151558.0,36,ENERGYSTARSCORE,2019,K-12 School,19,-17.49%,-20.00%,Does Not Meet BEPS,2023/05/04 04:00:00+00,38.8975498,-76.94634663,404654.26026001,136634.67743948,288100,,{0639A2BF-D55F-2945-E063-782F520A104C},259759
-76.9665719808443,38.9295967298872,PM4899803,4339 0812,4899803,,Woodridge,,,2959 CARLTON AVE NE,FRIENDSHIP PUBLIC CHARTER SCHOOL,5,2959 Carlton Avenue NE,WASHINGTON,DC,20018,2004,K-12 School,72600,72600.0,36,ENERGYSTARSCORE,2019,K-12 School,86,,,Meets BEPS,2023/05/04 04:00:00+00,38.92958893,-76.96656971,402898.66964585,140190.4495028,42808,,{0639A2BF-D560-2945-E063-782F520A104C},259760
-77.0318116451339,38.9249792199207,PM4900810,2860 0081,4900810,,Columbia Uptown,,,1375 FAIRMONT ST NW,VAN METRE COLUMBIA UPTOWN APARTMENTS LLC,1,1375 Fairmont St NW,WASHINGTON,DC,20009,1951,Multifamily Housing,88913,88913.0,66,ENERGYSTARSCORE,2019,Multifamily Housing,54,-7.94%,-7.94%,Does Not Meet BEPS,2023/05/04 04:00:00+00,38.92497143,-77.03180935,397241.70001431,139677.81723591,298447,,{0639A2BF-D561-2945-E063-782F520A104C},259761
-77.0369850041621,38.9358712670095,PM4900811,2624 0828,4900811,,Oaklawn Apartments,,,3620 16TH ST NW,VAN METRE OAKLAWN TERRACE APARTMENTS L L C,1,3620 16th St NW,WASHINGTON,DC,20010,1930,Multifamily Housing,94298,94298.0,66,ENERGYSTARSCORE,2019,Multifamily Housing,81,,,Meets BEPS,2023/09/19 04:00:00+00,38.93586347,-77.03698271,396793.58973236,140887.0966713,234118,,{0639A2BF-D562-2945-E063-782F520A104C},259762
-77.0361032341757,38.9377013175753,PM4900812,2692 0032,4900812,,Pershing House Apartments,,,3701 16TH ST NW,VAN METRE PERSHING HOUSE APARTMENT LLC,4,3701 16th St NW,WASHINGTON,DC,20010,1925,Multifamily Housing,54701,54701.0,66,ENERGYSTARSCORE,2019,Multifamily Housing,58,-5.45%,-5.45%,Does Not Meet BEPS,2023/09/19 04:00:00+00,38.93769352,-77.03610094,396870.11974762,141090.21765306,259016,,{0639A2BF-D563-2945-E063-782F520A104C},259763
-77.0474489454789,38.9162181826871,PM4903213,2530 0817,4903213,,Westmoreland Cooperative,,,2122 CALIFORNIA ST NW,WESTMORELAND CO-OP,2,2122 California St NW,WASHINGTON,DC,20008,1906,Multifamily Housing,84667,84667.0,66,ENERGYSTARSCORE,2019,Multifamily Housing,92,,,Meets BEPS,2023/05/04 04:00:00+00,38.91621039,-77.04744665,395885.22966814,138705.85666818,235059,,{0639A2BF-D564-2945-E063-782F520A104C},259764
-76.9601898930171,38.8700416896704,PM4917549,5539 0838,4917549,,Penn Branch Shopping Center,,,3206 PENNSYLVANIA AVE SE,3200 PENN AVE PJV LLC,7,3200 Pennsylvania Avenue,WASHINGTON,DC,20020,1964,Strip Mall,68892,88823.0,228,WEATHERNORMALZEDSOUREUI_KBTUFT,2019,Strip shopping mall,152.8,,,Meets BEPS,2023/09/02 04:00:00+00,38.87003391,-76.96018762,403454.93032122,133579.58744003,287751,,{0639A2BF-D565-2945-E063-782F520A104C},259765
-76.9968438867497,38.8482414703908,PM4919501,5982 0049,4919501,,Tech Prep High,,,642 MILWAUKEE PL SE,FRIENDSHIP PUBLIC CHARTER SCHOOL INC,8,"2705 MLK Avenue, SE",WASHINGTON,DC,20032,2014,K-12 School,56351,142172.0,36,ENERGYSTARSCORE,2019,K-12 School,82,,,Meets BEPS,2023/05/04 04:00:00+00,38.84823369,-76.99684161,400274.16976989,131158.85672,289904,,{0639A2BF-D566-2945-E063-782F520A104C},259766
-77.0132480673382,38.9093246329642,PM4924642,0553 0844,4924642,,Armstrong,,,122 P ST NW,FRIENDSHIP PUBLIC CHARTER SCHOOL INC,5,"1400 First Street, NW",WASHINGTON,DC,20001,2008,K-12 School,170227,170547.0,36,ENERGYSTARSCORE,2019,K-12 School,32,-4.07%,-20.00%,Does Not Meet BEPS,2023/09/18 04:00:00+00,38.90931684,-77.01324578,398851.15992244,137939.62962465,238253,,{0639A2BF-D567-2945-E063-782F520A104C},259767
-77.0316124122486,38.8977660630534,PM4938598,0253 0066,4938598,,The Westory - 607 14th Street,,,607 14TH ST NW,REEP-OFC WESTORY DC LLC,2,607 14th Street NW,WASHINGTON,DC,20004,1989,Office,295451,300625.0,71,ENERGYSTARSCORE,2019,Office_all,58,-17.61%,-17.61%,Does Not Meet BEPS,2023/09/13 04:00:00+00,38.89775828,-77.03161012,397257.92991376,136656.9273901,242889,,{0639A2BF-D568-2945-E063-782F520A104C},259768
-77.048447909579,38.9028818173257,PM4941418,0073 1044,4941418,,1099 22nd St,,,2175 K ST NW,WEST END PLACE CONDOMINIUM,2,1099 22nd ST NW,WASHINGTON,DC,20037,1982,Multifamily Housing,96271,103906.0,66,ENERGYSTARSCORE,2019,Multifamily Housing,54,-7.94%,-7.94%,Does Not Meet BEPS,2023/09/14 04:00:00+00,38.90287403,-77.04844561,395797.81006765,137225.45696055,226519,,{0639A2BF-D569-2945-E063-782F520A104C},259769
-76.9369118000254,38.9047035271038,PM4972906,5155 0169,4972906,,Integrated Design and Electronics Public Charter School,,,4501 LEE ST NE,INTEGRATED DESIGN AND ELECTRONICS ACADEMY PUBLIC CHARTER SCHOOL,7,"1027 45th Street, NE",WASHINGTON,DC,20019,1906,K-12 School,69039,100000.0,36,ENERGYSTARSCORE,2019,K-12 School,35,-1.02%,-20.00%,Does Not Meet BEPS,2023/06/29 04:00:00+00,38.90469574,-76.93690954,405472.34963998,137428.45748702,75296,,{0639A2BF-D56A-2945-E063-782F520A104C},259770
-76.9958193894874,38.9236800075649,PM4975646,3636 0810,4975646,,705 Edgewood Associates LLC,,,705 EDGEWOOD ST NE,705 EDGEWOOD ASSOCIATES LLC,5,705 Edgewood Street NE,WASHINGTON,DC,20017,1948,K-12 School,63476,72208.0,36,ENERGYSTARSCORE,2019,K-12 School,65,,,Meets BEPS,2023/07/26 04:00:00+00,38.92367221,-76.99581711,400362.71963642,139533.12050731,289576,,{0639A2BF-D56B-2945-E063-782F520A104C},259771
-77.0765346344084,38.9427610647589,PM4985823,1829 0056,4985823,,4115 Wisconsin Ave NW,,,4111 WISCONSIN AVE NW,VIVIAN CRESPI TRUSTEE,3,4115 Wisconsin Ave NW,WASHINGTON,DC,20016,1928,Multifamily Housing,50554,53298.0,66,ENERGYSTARSCORE,2019,Multifamily Housing,95,,,Meets BEPS,2023/06/01 04:00:00+00,38.94275327,-77.07653232,393365.2703833,141654.05691066,222253,,{0639A2BF-D56C-2945-E063-782F520A104C},259772
-77.0272851398204,38.9620786552444,PM4985998,2986 0039,4985998,,Walmart Supercenter #5968,,,5929 GEORGIA AVE NW,SCG 5929 GEORGIA AVENUE LLC,4,5929 Georgia Ave NW,WASHINGTON,DC,20011,2013,Wholesale Club/Supercenter,106243,105455.0,64,ENERGYSTARSCORE,2019,Retail_all,23,-35.06%,-20.00%,Does Not Meet BEPS,2023/09/15 04:00:00+00,38.96207086,-77.02728284,397635.44034582,143796.05749321,254296,,{0639A2BF-D56D-2945-E063-782F520A104C},259773
-77.038289270979,38.9062386779597,PM4988493,0182 0078,4988493,,Human Rights Campaign Foundation,,,1215 17TH ST NW,HUMAN RIGHTS CAMPAIGN FOUNDATION,2,1640 Rhode Island Ave. NW,WASHINGTON,DC,20036,1954,Office,54633,59530.0,71,ENERGYSTARSCORE,2019,Office_all,31,-42.06%,-20.00%,Does Not Meet BEPS,2023/09/20 04:00:00+00,38.90623089,-77.03828698,396679.12957829,137597.67700761,242020,,{0639A2BF-D56E-2945-E063-782F520A104C},259774
-77.0407755803336,38.9061006664762,PM4989400,0159 0855,4989400,,1201 Connecticut Novel Coworking LLC (Longfellow Building),,,1201 CONNECTICUT AVE NW,1201 CONNECTICUT NOVEL COWORKING LLC,2,1201 Connecticut Ave NW,WASHINGTON,DC,20036,1940,Office,202675,169043.0,71,ENERGYSTARSCORE,2019,Office_all,80,,,Meets BEPS,2023/05/04 04:00:00+00,38.90609288,-77.04077328,396463.47032332,137582.45015858,285495,,{0639A2BF-D56F-2945-E063-782F520A104C},259775
-77.0163220923397,38.8774811571646,PM4991913,0542 4184,4991913,,Leo at Waterfront Station,Not Applicable: Standalone Property,Not Applicable: Standalone Property,1150 4TH ST SW,BDC SKYHOUSE EAST LLC,6,1150 4th St SW,WASHINGTON,DC,20024,2014,Multifamily Housing,163184,238000.0,66,ENERGYSTARSCORE,2019,Multifamily Housing,74,,,Meets BEPS,2023/05/25 04:00:00+00,38.87747337,-77.01631981,398583.90957422,134404.79654283,307172,,{0639A2BF-D570-2945-E063-782F520A104C},259776
-77.0094358524629,38.8986110705214,PM4993774,0625 0062,4993774,,Six Sixty North Capitol,,,660 NORTH CAPITOL ST NW,660 NORTH CAPITOL STREET PROPERTIES,6,"660 North Capitol Street,NW",WASHINGTON,DC,20001,2016,Office,203000,221798.0,71,ENERGYSTARSCORE,2019,Office_all,80,,,Meets BEPS,2023/05/04 04:00:00+00,38.89860328,-77.00943357,399181.67965928,136750.2966718,310531,,{0639A2BF-D571-2945-E063-782F520A104C},259777
-77.0375086863953,38.9245449776655,PM4998267,2575 0844,4998267,,Embassy Tower (mb034),,,1620 FULLER STREET NW,EMBASSY TOWER LLC,1,1620 Fuller St NW,WASHINGTON,DC,20009,1932,Multifamily Housing,72924,72924.0,66,ENERGYSTARSCORE,2019,Multifamily Housing,71,,,Meets BEPS,2023/05/04 04:00:00+00,38.92453719,-77.03750639,396747.66997225,139629.80045295,235852,,{0639A2BF-D572-2945-E063-782F520A104C},259778
-77.0236396707447,38.9336668832586,PM5004402,1805 0802,5004402,,3900 Watson Place,5004402,3900 Watson Place,3900 WATSON PL NW,3900 WATSON PLACE NW INC,3,3900 Watson Place NW,WASHINGTON,DC,20016,1959,Multifamily Housing,262800,131400.0,66,ENERGYSTARSCORE,2019,Multifamily Housing,34,-19.27%,-19.27%,Does Not Meet BEPS,2023/05/04 04:00:00+00,38.93365909,-77.02363738,397950.56980827,140642.00709363,223992,,{0639A2BF-D573-2945-E063-782F520A104C},259779
-76.9327503618272,38.8789650241057,PM5007869,5359 0324,5007869,,JW King Senior Center,,,4638 H ST SE,J W KING SENIORS LIMITED PRTNSHP,7,"4638 H Street, SE",WASHINGTON,DC,20019,2006,Multifamily Housing,81264,81264.0,66,ENERGYSTARSCORE,2019,Multifamily Housing,88,,,Meets BEPS,2023/05/04 04:00:00+00,38.87895724,-76.9327481,405835.41004472,134571.54026072,300715,,{0639A2BF-D574-2945-E063-782F520A104C},259780
-77.0388697670453,38.9060282583743,PM5011813,0160 0037,5011813,,1200 17th Street,,,1200 17TH ST NW,1200 17TH STREET INVESTORS LLC,2,"1200 17th Street, NW",WASHINGTON,DC,20036,2014,Office,175383,188200.0,71,ENERGYSTARSCORE,2019,Office_all,75,,,Meets BEPS,2023/06/22 04:00:00+00,38.90602047,-77.03886747,396628.77008987,137574.33995425,241784,,{0639A2BF-D575-2945-E063-782F520A104C},259781
-76.9841309727586,38.9144367836796,PM5013045,4093 0022,5013045,,Jemal's Pappas Tomatos,,,1401 OKIE ST NE,JEMAL'S PAPPAS TOMATO'S LLC,5,1401 Okie Street NE,WASHINGTON,DC,20002,1937,Other - Restaurant/Bar,124380,131620.0,,,,,,,,Does Not Meet BEPS: Incomplete/Missing Report,2023/09/21 04:00:00+00,38.91442899,-76.98412869,401376.4602848,138507.15678017,286133,,{0639A2BF-D576-2945-E063-782F520A104C},259782
-77.0065691150614,38.9040334247605,PM5019130,0673 0847,5019130,,TA0121 - 1100 FIRST ST,,,1100 1ST ST NE,UNIZO REAL ESTATE DC FOUR LLC,6,1100 FIRST ST,WASHINGTON,DC,20002,2009,Office,360000,350327.0,71,ENERGYSTARSCORE,2019,Office_all,80,,,Meets BEPS,2023/05/04 04:00:00+00,38.90402564,-77.00656683,399430.39993348,137352.20044453,301064,,{0639A2BF-D577-2945-E063-782F520A104C},259783
-77.0088911690704,38.8238157316825,PM5021516,2595 1055,5021516,,Monsenor Romero Apts: Monsenor Romero,,,3145 MOUNT PLEASANT ST NW,3354 MOUNT PLEASANT ST LP,1,3145 Mount Pleasant Street Northwest,WASHINGTON,DC,20010,2014,Multifamily Housing,58040,57451.0,66,ENERGYSTARSCORE,2019,Multifamily Housing,91,,,Meets BEPS,2023/05/04 04:00:00+00,38.82380796,-77.00888889,399228.11977462,128447.4670893,236417,,{0639A2BF-D578-2945-E063-782F520A104C},259784
-77.0055967018322,38.8796369897646,PM5037186,0695 0831,5037186,,Ore 82- Greystar,,,82 I STREET SE,NEW JERSEY AVE,6,"82 I St, SE",WASHINGTON,DC,20003,2016,Multifamily Housing,208460,282568.0,66,ENERGYSTARSCORE,2019,Multifamily Housing,80,,,Meets BEPS,2023/05/04 04:00:00+00,38.87962921,-77.00559442,399514.57980867,134643.99945685,307326,,{0639A2BF-D579-2945-E063-782F520A104C},259785
-77.0086674524222,38.9540758754185,PM5047461,3698 0016,5047461,,East Coast: North Capitol at Plymouth,,,5233 NORTH CAPITOL ST NE,NORTH CAPITOL AT PLYMOUTH INC,5,5233 North Capitol Street Northeast,WASHINGTON,DC,20011,2005,Multifamily Housing,60487,60487.0,66,ENERGYSTARSCORE,2019,Multifamily Housing,53,-8.55%,-8.55%,Does Not Meet BEPS,2023/05/04 04:00:00+00,38.95406808,-77.00866516,399248.9202497,142907.35737226,298101,,{0639A2BF-D57A-2945-E063-782F520A104C},259786
-77.0646220152934,38.9468755231387,PM5093099,2046 0004,5093099,,Park Van Ness (pv70),,,4455 CONNECTICUT AVE NW,SAUL SUBSIDIARY II LIMITED PARTNERSHIP,3,4455 Connecticut Ave NW,WASHINGTON,DC,20008,2016,Multifamily Housing,290002,279617.0,66,ENERGYSTARSCORE,2019,Multifamily Housing,40,-15.96%,-15.96%,Does Not Meet BEPS,2023/09/25 04:00:00+00,38.94686773,-77.06461971,394398.31989306,142110.00023236,284922,,{0639A2BF-D57B-2945-E063-782F520A104C},259787
-77.0349888775773,38.9040351259036,PM5093497,0197 0863,5093497,,Midtown Center,,,1100 15TH ST NW,1100 15TH STREET LLC,2,1100 15th Street NW,WASHINGTON,DC,20005,2017,Office,1100000,865000.0,71,ENERGYSTARSCORE,2019,Office_all,86,,,Meets BEPS,2023/05/04 04:00:00+00,38.90402734,-77.03498658,396965.30025149,137352.95019992,278811,,{0639A2BF-D57C-2945-E063-782F520A104C},259788
-77.031548912855,38.8970270339543,PM5133861,0254 0053,5133861,,CXP - National Press Building,,,529 14TH ST NW,WILSON NPB LLC,2,529 14th St NW,WASHINGTON,DC,20004,1926,Office,982437,590569.0,71,ENERGYSTARSCORE,2019,Office_all,51,-24.94%,-20.00%,Does Not Meet BEPS,2023/08/16 04:00:00+00,38.89701925,-77.03154662,397263.40997194,136574.8872738,301074,,{0639A2BF-D57D-2945-E063-782F520A104C},259789
-77.0203755785893,38.9019361916112,PM5134091,0484W 0025,5134091,,601 Massachusetts Avenue,Not Applicable: Standalone Property,Not Applicable: Standalone Property,611 MASSACHUSETTS AVE NW,635 MASS AVE LLC,6,601 Massachusetts Ave. NW,WASHINGTON,DC,20001,2015,Office,526768,502968.0,71,ENERGYSTARSCORE,2019,Office_all,78,,,Meets BEPS,2023/05/04 04:00:00+00,38.9019284,-77.02037329,398232.78987753,137119.56657999,305814,,{0639A2BF-D57E-2945-E063-782F520A104C},259790
-77.0799500833609,38.9456562049145,PM5241330,1728 0001,5241330,,WCL Tenley,,,4300 NEBRASKA AVE NW,AMERICAN UNIVERSITY,3,4300 Nebraska Ave NW,WASHINGTON,DC,20016,2015,College/University,156934,347027.0,180,Blended Custom Source Energy Use Intensity (EUI),2019,American University Law Campus,113.7,,,Meets BEPS,2023/05/04 04:00:00+00,38.94564841,-77.07994777,393069.4601849,141975.69694409,284892,,{0639A2BF-D57F-2945-E063-782F520A104C},259791
-77.0444553664476,38.9159316337578,PM5765639,2535 0832,5765639,,The Hepburn,,,1901 CONNECTICUT AVE NW,DUPONT DC INVESTORS LLC,1,1901 Connecticut Ave NW,WASHINGTON,DC,20009,2016,Multifamily Housing,195500,226209.0,66,ENERGYSTARSCORE,2019,Multifamily Housing,71,,,Meets BEPS,2023/09/18 04:00:00+00,38.91592384,-77.04445307,396144.82983447,138673.91655523,311657,,{0639A2BF-D580-2945-E063-782F520A104C},259792
-77.0186341192305,38.8742781452398,PM5770631,0503 0116,5770631,,"Harbour Square Owners, Inc.",,,500 N ST SW,HARBOUR SQUARE OWERS INC,6,"500 N Street, SW",WASHINGTON,DC,20024,1966,Multifamily Housing,663600,729310.0,66,ENERGYSTARSCORE,2019,Multifamily Housing,41,-15.42%,-15.42%,Does Not Meet BEPS,2023/09/13 04:00:00+00,38.87427036,-77.01863183,398383.22012665,134049.27667508,276667,,{0639A2BF-D581-2945-E063-782F520A104C},259793
-77.032493062308,38.9105047151776,PM5772336,0209 2675,5772336,,Lofts at 1401 Churchstreet Condominium,,,1401 CHURCH ST NW,1401 CHURCH ST CONDOMINIUM,2,1401 Church St NW,WASHINGTON,DC,20036,2005,Multifamily Housing,77809,77809.0,66,ENERGYSTARSCORE,2019,Multifamily Housing,11,-33.72%,-20.00%,Does Not Meet BEPS,2023/05/10 04:00:00+00,38.91049693,-77.03249077,397182.03982765,138071.04743581,298454,,{0639A2BF-D582-2945-E063-782F520A104C},259794
-77.0554846587042,38.9319295713827,PM5777945,"2214 0806; 2214 0807",5777945,,Kennedy-Warren Apartments (tk18),5777945,Kennedy-Warren Apartments (tk18),3133 CONNECTICUT AVE NW,THE KLINGLE CORPORATION INC,3,3131 Connecticut Ave NW,WASHINGTON,DC,20008,1931,Multifamily Housing,484056,563400.0,66,ENERGYSTARSCORE,2019,Multifamily Housing,41,-15.42%,-15.42%,Does Not Meet BEPS,2023/09/18 04:00:00+00,38.93192178,-77.05548236,395189.39964777,140450.34713115,294459,,{0639A2BF-D583-2945-E063-782F520A104C},259795
-77.0340493439121,38.9179422131934,PM5777992,0204 0847,5777992,,Berkshire 15 (bh20),,,2011 15TH ST NW,BMIRF BERKSHIRE15 LLC,1,2011 15th Street NW,WASHINGTON,DC,20009,2016,Multifamily Housing,108936,82607.0,66,ENERGYSTARSCORE,2019,Multifamily Housing,69,,,Meets BEPS,2023/08/03 04:00:00+00,38.91793442,-77.03404705,397047.36988505,138896.71970594,310598,,{0639A2BF-D584-2945-E063-782F520A104C},259796
-77.0330622536908,38.9203681425169,PM5780344,2660 0238,5780344,,Milestone on Belmont,,,1430 BELMONT ST NW,E & G DC CO-OP OWNER LLC,1,1430 Belmont Street NW,WASHINGTON,DC,20009,1928,Multifamily Housing,51150,53425.0,,,,,,,,Does Not Meet BEPS: Incomplete/Missing Report,2023/09/25 04:00:00+00,38.92036035,-77.03305996,397133.0698797,139165.98683941,234159,,{0639A2BF-D585-2945-E063-782F520A104C},259797
-77.0011813027037,38.8809994660257,PM5785076,0796 0842,5785076,,Giddings Associates,,,315 G ST SE,"RAMSEY, LARA E",6,"315 G Street, SE",WASHINGTON,DC,20003,1887,Fitness Center/Health Club/Gym,60462,60462.0,206,WEATHERNORMALZEDSOUREUI_KBTUFT,2019,Recreation,240.3,-14.27%,-20.00%,Does Not Meet BEPS,2023/05/04 04:00:00+00,38.88099168,-77.00117902,399897.69999636,134795.22981058,278336,,{0639A2BF-D586-2945-E063-782F520A104C},259798
-77.0535693938007,38.9021024301113,PM5785904,"0016 0093; 0016 0863",5785904,,Claridge House Cooperative: 950 25th Street Northwest,,,950 25TH ST NW,CLARIDGE H COOPERATIVE,2,950 25th Street Northwest,WASHINGTON,DC,20037,1960,Multifamily Housing,144466,373216.0,66,ENERGYSTARSCORE,2019,Multifamily Housing,86,,,Meets BEPS,2023/05/04 04:00:00+00,38.90209464,-77.05356709,395353.52029946,137139.18661253,277542,,{0639A2BF-D587-2945-E063-782F520A104C},259799
-77.0246821880249,38.9366411190405,PM5786350,"2900 0824; 2900 0825",5786350,,Park Place at Petworth,,,3720 GEORGIA AVE NW,THE REALTY ASSOCIATES FUND X LP,4,850 Quincy Street NW,WASHINGTON,DC,20011,2009,Multifamily Housing,223707,240562.0,66,ENERGYSTARSCORE,2019,Multifamily Housing,70,,,Meets BEPS,2023/05/04 04:00:00+00,38.93663332,-77.02467989,397860.27039538,140972.19651384,307511,,{0639A2BF-D588-2945-E063-782F520A104C},259800
-76.954583531552,38.884012839862,PM5790932,PAR 02030087,5790932,,Anacostia Gardens,,,3600 ELY PL SE,ANACOSTIA GARDENS OWNER LLC,7,3600 Ely Place SE,WASHINGTON,DC,20019,1963,Multifamily Housing,97084,97084.0,66,ENERGYSTARSCORE,2019,Multifamily Housing,69,,,Meets BEPS,2023/05/04 04:00:00+00,38.88400505,-76.95458126,403940.68027216,135130.71664485,33069,,{0639A2BF-D589-2945-E063-782F520A104C},259801
-77.0250632954758,38.9391917914171,PM5806866,2906 7000,5806866,,3 Tree Flats: 3910 Georgia Avenue,,,3910 GEORGIA AVE NW,3910 GEORGIA AVE ASSOCIATES LP II,4,3910 Georgia Avenue,WASHINGTON,DC,20012,2010,Multifamily Housing,118950,122904.0,66,ENERGYSTARSCORE,2019,Multifamily Housing,64,-1.44%,-1.44%,Does Not Meet BEPS,2023/09/19 04:00:00+00,38.939184,-77.025061,397827.30615079,141255.35341564,224826,,{0639A2BF-D58A-2945-E063-782F520A104C},259802
-76.9784402930296,38.8549860298618,PM5806974,2892 0915,5806974,,32 Thirty-Two Apartments: 3232 Georgia Avenue Northwest,,,3232 GEORGIA AVE NW,3232 GEORGIA RETAIL LLC,1,3232 Georgia Avenue Northwest,WASHINGTON,DC,20010,2013,Multifamily Housing,100000,85815.0,66,ENERGYSTARSCORE,2019,Multifamily Housing,82,,,Meets BEPS,2023/07/28 04:00:00+00,38.85497825,-76.97843802,401871.54990875,131907.76700587,308223,,{0639A2BF-D58B-2945-E063-782F520A104C},259803
-76.9520022112512,38.8917883915044,PM5806975,5046E 0047,5806975,,Allen House: 3760 Minnesota Avenue Northeast,,,3760 MINNESOTA AVE NE,UPPER ROOM HOUSING CORPORATION,7,3760 Minnesota Avenue Northeast,WASHINGTON,DC,20019,1991,Multifamily Housing,73776,67167.0,66,ENERGYSTARSCORE,2019,Multifamily Housing,87,,,Meets BEPS,2023/08/18 04:00:00+00,38.8917806,-76.95199994,404164.19027472,135993.97764737,30794,,{0639A2BF-D58C-2945-E063-782F520A104C},259804
-77.0241839906823,38.9185064040188,PM5807330,2873 1927,5807330,,The Floridian,,,919 FLORIDA AVE NW,THE FLORIDIAN CONDO,1,919-929 Florida Ave NW,WASHINGTON,DC,20001,2007,Multifamily Housing,100401,100401.0,66,ENERGYSTARSCORE,2019,Multifamily Housing,6,-38.55%,-20.00%,Does Not Meet BEPS,2023/07/12 04:00:00+00,38.91849861,-77.0241817,397902.92986842,138959.0766678,218794,,{0639A2BF-D58D-2945-E063-782F520A104C},259805
-77.0527026152289,38.9070099452575,PM5809050,0024 1008,5809050,,"Sodium, LLC",,,2450 N ST NW,SODIUM LLC,2,"2450 N Street, NW",WASHINGTON,DC,20037,1990,Office,130580,101675.0,71,ENERGYSTARSCORE,2019,Office_all,29,-43.62%,-20.00%,Does Not Meet BEPS,2023/06/28 04:00:00+00,38.90700216,-77.05270031,395429.02042107,137683.91726469,259698,,{0639A2BF-D58E-2945-E063-782F520A104C},259806
-76.9335333118066,38.8816115709207,PM5811456,5358 0145,5811456,,Benning,,,4837 BENNING RD SE,KIP DC,7,4801 Benning Rd. SE,WASHINGTON,DC,20019,2008,K-12 School,84684,84681.0,36,ENERGYSTARSCORE,2019,K-12 School,24,-12.20%,-20.00%,Does Not Meet BEPS,2023/05/04 04:00:00+00,38.88160378,-76.93353105,405767.26000833,134865.27656025,17421,,{0639A2BF-D58F-2945-E063-782F520A104C},259807
-76.9880520416557,38.8566271232478,PM5811457,5872 0950,5811457,,Douglass,,,2600 DOUGLAS PLACE SE,DISTRICT OF COLUMBIA,8,2600 Douglass Rd. SE,WASHINGTON,DC,20020,2010,K-12 School,155871,142470.0,36,ENERGYSTARSCORE,2019,K-12 School,30,-6.09%,-20.00%,Does Not Meet BEPS,2023/05/04 04:00:00+00,38.85661934,-76.98804976,401037.2403891,132089.78662717,311456,,{0639A2BF-D590-2945-E063-782F520A104C},259808
-77.0181196266331,38.909894180151,PM5811459,0510 0163,5811459,,Shaw,,,421 P STREET NW,DISTRICT OF COLUMBIA,2,421 P St. NW,WASHINGTON,DC,20001,2010,K-12 School,42213,100625.0,36,ENERGYSTARSCORE,2019,K-12 School,14,-23.19%,-20.00%,Does Not Meet BEPS,2023/05/04 04:00:00+00,38.90988639,-77.01811734,398428.64972674,138002.92692956,294487,,{0639A2BF-D591-2945-E063-782F520A104C},259809
-76.9246471557199,38.891955998915,PM5811460,5236 0104,5811460,,Smilow,,,5300 BLAINE ST NE,KIPP DC,7,5300 Blaine St. NE,WASHINGTON,DC,20019,1999,K-12 School,79970,107097.0,36,ENERGYSTARSCORE,2019,K-12 School,47,,,Meets BEPS,2023/05/04 04:00:00+00,38.89194821,-76.9246449,406537.32966549,136014.18705102,304054,,{0639A2BF-D592-2945-E063-782F520A104C},259810
-76.9811382901974,38.9080817643448,PM5811461,4079 0261,5811461,,Webb,,,1375 MOUNT OLIVET ROAD NE,DISTRICT OF COLUMBIA,5,1375 Mt. Olivet Rd. NE,WASHINGTON,DC,20002,2013,K-12 School,108626,102000.0,36,ENERGYSTARSCORE,2019,K-12 School,36,,,Meets BEPS,2023/05/04 04:00:00+00,38.90807397,-76.98113601,401636.15017721,137801.74657644,286108,,{0639A2BF-D593-2945-E063-782F520A104C},259811
-76.974933731971,38.8649776526682,PM5812805,5627 0099,5812805,,Marbury Plaza,,,2308 GOOD HOPE RD SE,MP PPH LLC,8,2300 Good Hope Road SE,WASHINGTON,DC,20020,1966,Multifamily Housing,870359,870359.0,66,ENERGYSTARSCORE,2019,Multifamily Housing,57,-6.08%,-6.08%,Does Not Meet BEPS,2023/09/19 04:00:00+00,38.86496987,-76.97493146,402175.60985893,133016.98693273,286775,,{0639A2BF-D594-2945-E063-782F520A104C},259812
-77.0446846640391,38.9053631372503,PM5813424,0117 0076,5813424,,"Meitnerium Alpha, LLC",,,1195 20TH ST NW,MEITNERIUM ALPHA LLC,2,1990 M St,WASHINGTON,DC,20036,1971,Office,153905,112197.0,71,ENERGYSTARSCORE,2019,Office_all,41,-33.99%,-20.00%,Does Not Meet BEPS,2023/05/04 04:00:00+00,38.90535535,-77.04468237,396124.36967564,137500.73704025,241073,,{0639A2BF-D595-2945-E063-782F520A104C},259813
-77.0084338772853,38.8316522604992,PM5814316,6150 5218,5814316,,Trinity Plaza,,,21 ATLANTIC ST SW,TRINITY PLAZA LLC,8,21 Atlantic St SW,WASHINGTON,DC,20032,2015,Multifamily Housing,78348,58513.0,66,ENERGYSTARSCORE,2019,Multifamily Housing,88,,,Meets BEPS,2023/05/04 04:00:00+00,38.83164449,-77.0084316,399267.90959069,129317.37039829,52006,,{0639A2BF-D596-2945-E063-782F520A104C},259814
-77.0115468442188,38.9028201268265,PM5815464,0621 0248,5815464,,Severna on K,,,43 K ST NW,SEVERNA PHASE II LLC,6,43 K St NW,WASHINGTON,DC,20001,2015,Multifamily Housing,152325,136141.0,66,ENERGYSTARSCORE,2019,Multifamily Housing,82,,,Meets BEPS,2023/05/04 04:00:00+00,38.90281234,-77.01154456,398998.61973234,137217.55716745,310112,,{0639A2BF-D597-2945-E063-782F520A104C},259815
-77.0334724011244,38.9271879829222,PM5821035,2670 0835,5821035,,"Selenium, LLC",,,1420 COLUMBIA RD NW,SELENIUM LLC,1,"1420 Columbia Rd, NW",WASHINGTON,DC,20009,1910,K-12 School,86675,71576.0,36,ENERGYSTARSCORE,2019,K-12 School,56,,,Meets BEPS,2023/05/04 04:00:00+00,38.92718019,-77.03347011,397097.77960997,139923.05994539,234355,,{0639A2BF-D598-2945-E063-782F520A104C},259816
-77.0171262579719,38.8802869765258,PM5823132,0540 2838,5823132,,Potomac Place Tower,,,800 4TH ST SW,POTOMAC PLACE TOWER CONDO,6,800 4th Street SW,WASHINGTON,DC,20024,1959,Multifamily Housing,251028,249516.0,66,ENERGYSTARSCORE,2019,Multifamily Housing,32,-20.37%,-20.00%,Does Not Meet BEPS,2023/09/14 04:00:00+00,38.88027919,-77.01712397,398514.19002638,134716.27667318,79541,,{0639A2BF-D599-2945-E063-782F520A104C},259817
-77.0323880819947,38.96470887093,PM5824478,2790 0812,5824478,,Fort Stevens Place,,,1339 FORT STEVENS DRIVE NW,FT STEVENS PLACE LLC,4,1339 Fort Stevens Place NW,WASHINGTON,DC,20011,1954,Multifamily Housing,57925,53000.0,66,ENERGYSTARSCORE,2019,Multifamily Housing,60,-4.16%,-4.16%,Does Not Meet BEPS,2023/08/15 04:00:00+00,38.96470107,-77.03238578,397193.28038232,144088.17989965,259562,,{0639A2BF-D59A-2945-E063-782F520A104C},259818
-77.0187840778823,38.8774597344615,PM5825075,0542 4235,5825075,,Lex at Waterfront Station,Not Applicable: Standalone Property,Not Applicable: Standalone Property,1151 4TH ST SW,SKY HOUSE II,6,1151 4TH ST SW,WASHINGTON,DC,20024,2015,Multifamily Housing,176618,248000.0,66,ENERGYSTARSCORE,2019,Multifamily Housing,79,,,Meets BEPS,2023/05/04 04:00:00+00,38.87745195,-77.01878179,398370.27998881,134402.45983216,307157,,{0639A2BF-D59B-2945-E063-782F520A104C},259819
-77.0369603134304,38.9042630337461,PM5826641,0183 0105,5826641,,William Calomiris Building,,,1112 16TH ST NW,GWC DISTRICT RESIDENTIAL LLC,2,1112 16th Street NW,WASHINGTON,DC,20036,1940,Office,58049,62100.0,71,ENERGYSTARSCORE,2019,Office_all,47,-28.72%,-20.00%,Does Not Meet BEPS,2023/05/04 04:00:00+00,38.90425525,-77.03695802,396794.30983745,137378.31743653,242024,,{0639A2BF-D59C-2945-E063-782F520A104C},259820
-77.0381310764228,38.9040561859983,PM5829,0183 0857,5829,,1101 17th Street,,,1101 17TH ST NW,CESC 1101 17TH STREET LIMITED PARTNERSHIP,2,1101 17th Street N.W.,WASHINGTON,DC,20036,1964,Office,330550,231396.0,71,ENERGYSTARSCORE,2019,Office_all,69,-3.20%,-3.20%,Does Not Meet BEPS,2023/09/13 04:00:00+00,38.9040484,-77.03812878,396692.75006638,137355.39717693,278813,,{0639A2BF-D59D-2945-E063-782F520A104C},259821
-77.0734463447896,38.9268684317375,PM5830048,1930 1076,5830048,,The Worland Condomminium,,,2828 WISCONSIN AVE NW,THE WORLAND CONDOMINIUM,3,2828 Wisconsin Avenue,WASHINGTON,DC,20007,1977,Multifamily Housing,62269,62269.0,66,ENERGYSTARSCORE,2019,Multifamily Housing,99,,,Meets BEPS,2023/05/04 04:00:00+00,38.92686064,-77.07344404,393631.57971718,139889.61690407,274838,,{0639A2BF-D59E-2945-E063-782F520A104C},259822
-77.0584950671341,38.9363926196037,PM5831585,2222 0015,5831585,,Sam's Park & Shop,,,3525 CONNECTICUT AVENUE NW,"AP 3501 -3529 CONNECTICUT AVE,LP",3,Connecticut Ave & Ordway,WASHINGTON,DC,20036,1995,Strip Mall,53447,50427.0,228,WEATHERNORMALZEDSOUREUI_KBTUFT,2019,Strip shopping mall,235.6,-3.23%,-3.23%,Does Not Meet BEPS,2023/05/04 04:00:00+00,38.93638483,-77.05849276,394928.70027387,140945.94741557,900585,,{0639A2BF-D59F-2945-E063-782F520A104C},259823
-76.948937247936,38.8959319517964,PM5831703,5052 0811,5831703,,Park 7,,,4020 MINNESOTA AVE NE,PARK 7 RESIDENTIAL LAfA,7,4020 Minnesota Ave NE,WASHINGTON,DC,20019,2014,Multifamily Housing,375000,373509.0,66,ENERGYSTARSCORE,2019,Multifamily Housing,56,-6.72%,-6.72%,Does Not Meet BEPS,2023/09/19 04:00:00+00,38.89592416,-76.94893498,404429.83004802,136454.0897203,310430,,{0639A2BF-D5A0-2945-E063-782F520A104C},259824
-77.0342079744517,38.9284412769494,PM5831704,2672 0889,5831704,,Highland Park II,,,1436 IRVING ST NW,HIGHLAND PARK WEST INVESTORS LLC,1,1444 Irving Street NW,WASHINGTON,DC,20010,2013,Multifamily Housing,268299,148440.0,66,ENERGYSTARSCORE,2019,Multifamily Housing,96,,,Meets BEPS,2023/05/04 04:00:00+00,38.92843348,-77.03420568,397034.04987181,140062.20952323,306034,,{0639A2BF-D5A1-2945-E063-782F520A104C},259825
-77.0336236499813,38.9285307819781,PM5831705,2672 0888,5831705,,Highland Park I,,,1400 IRVING ST NW,COLUMBIA HEIGHTS VENTURES PARCEL 26 LLC,1,1400 Irving Street NW,WASHINGTON,DC,20010,2007,Multifamily Housing,288311,288311.0,66,ENERGYSTARSCORE,2019,Multifamily Housing,50,-10.32%,-10.32%,Does Not Meet BEPS,2023/08/03 04:00:00+00,38.92852299,-77.03362135,397084.72036679,140072.12707933,302718,,{0639A2BF-D5A2-2945-E063-782F520A104C},259826
-77.0041575734754,38.9209235422811,PM5832179,3540 0804,5832179,,Glenwood Apartments,,,2321 LINCOLN RD NE,GLENWOOD PARTNERSHIP LLC,5,2321 Lincoln Rd NE,WASHINGTON,DC,20002,1972,Multifamily Housing,70145,70145.0,66,ENERGYSTARSCORE,2019,Multifamily Housing,39,-16.52%,-16.52%,Does Not Meet BEPS,2023/09/19 04:00:00+00,38.92091575,-77.00415529,399639.65977161,139227.12999769,48505,,{0639A2BF-D5A3-2945-E063-782F520A104C},259827
-77.0353715276533,38.9635645620198,PM5832970,2726 0822,5832970,,The Rockford,,,1444 ROCK CREEK FORD RD NW,ROCKFORD APARTMENTS LP,4,1444 Rock Creek Ford Rd NW,WASHINGTON,DC,20011,1959,Multifamily Housing,77000,77000.0,66,ENERGYSTARSCORE,2019,Multifamily Housing,35,-18.72%,-18.72%,Does Not Meet BEPS,2023/09/19 04:00:00+00,38.96355676,-77.03536923,396934.66993155,143961.24674087,256158,,{0639A2BF-D5A4-2945-E063-782F520A104C},259828
-77.0476678923479,38.9028998846655,PM5833257,0073 0082,5833257,,2131 K Street,,,2131 K STREET NW,2131 K STREET NY LLC,2,2131 K Street NW,WASHINGTON,DC,20037,1982,Medical Office,93662,93662.0,62,ENERGYSTARSCORE,2019,Medical Office,59,,,Does Not Meet BEPS,2023/09/20 04:00:00+00,38.9028921,-77.04766559,395865.47032894,137227.42725936,242483,,{0639A2BF-D5A5-2945-E063-782F520A104C},259829
-77.0876709735221,38.9348767728512,PM5835394,1601 0010,5835394,,Metropolitan Memorial United Methodist Church,,,3401 NEBRASKA AVE NW,METROPOLITAN MEMORIAL METHODIST EPISC CHURCH TRUSTEES,3,"3401 Nebraska Avenue, NW",WASHINGTON,DC,20016,1932,Worship Facility,57474,55464.0,17,ENERGYSTARSCORE,2019,Worship Facility,14,-6.38%,-20.00%,Does Not Meet BEPS,2023/09/19 04:00:00+00,38.93486898,-77.08766866,392399.00004775,140779.69990019,298676,,{0639A2BF-D5A6-2945-E063-782F520A104C},259830
-77.0516505728178,38.8998578793906,PM5837422,0030 2012,5837422,,Bon Wit Plaza,,,800 24TH ST NW,BON WIT PLAZA CONDO,2,"2401 H Street, NW",WASHINGTON,DC,20037,1979,Multifamily Housing,70638,70638.0,66,ENERGYSTARSCORE,2019,Multifamily Housing,26,-23.76%,-20.00%,Does Not Meet BEPS,2023/05/04 04:00:00+00,38.89985009,-77.05164827,395519.82027795,136889.92765027,274902,,{0639A2BF-D5A7-2945-E063-782F520A104C},259831
-77.077475809604,38.9294105893549,PM5837742,1815 1071,5837742,,The Marlyn Condominiums,,,3901 CATHEDRAL AVE NW,THE MARLYN CONDOMINIUM,3,3901 Cathedral Ave NW,WASHINGTON,DC,20016,1938,Multifamily Housing,83582,128700.0,66,ENERGYSTARSCORE,2019,Multifamily Housing,72,,,Meets BEPS,2023/05/04 04:00:00+00,38.9294028,-77.0774735,393282.4200126,140172.10720845,224802,,{0639A2BF-D5A8-2945-E063-782F520A104C},259832
-77.0184732838116,38.8204407709718,PM5848051,PAR 02600014,5848051,,Blue Plains Wastewater Treatment Plant,,,5000 OVERLOOK AVE SW,DISTRICT OF COLUMBIA,8,5000 Overlook Avenue SW,WASHINGTON,DC,20032,1937,Wastewater Treatment Plant,402617,4101020.0,50,ENERGYSTARSCORE,2019,Wastewater_all,87,,,Meets BEPS,2023/05/04 04:00:00+00,38.820433,-77.018471,398395.96694517,128072.94905293,276170,,{0639A2BF-D5A9-2945-E063-782F520A104C},259833
-76.9954962805932,38.8576237814406,PM5866334,5868 1061,5866334,,Matthews Memorial Terrace LP,,,2632 MARTIN LUTHER KING JR AVE SE,MATTHEWS MEMORIAL BAPTIST CHURCH,8,"2632 Martin Luther King Jr. Ave.,SE",WASHINGTON,DC,20020,2010,Multifamily Housing,96030,96030.0,66,ENERGYSTARSCORE,2019,Multifamily Housing,91,,,Meets BEPS,2023/09/16 04:00:00+00,38.857616,-76.995494,400391.1000904,132200.36481933,278197,,{0639A2BF-D5AA-2945-E063-782F520A104C},259834
-77.0491535572193,38.9055269430485,PM5883322,0050 0087,5883322,,238-HGIMStreet,,,2201 M ST NW,HHLP GEORGETOWN II ASSOCIATES LLC,2,2201 M. Street NW,WASHINGTON,DC,20037,2016,Hotel,129960,167888.0,54,ENERGYSTARSCORE,2019,Hotel,48,-4.81%,-4.81%,Does Not Meet BEPS,2023/05/04 04:00:00+00,38.90551916,-77.04915126,395736.75983017,137519.12049176,243160,,{0639A2BF-D5AB-2945-E063-782F520A104C},259835
-76.9946206335119,38.8273611410292,PM5890437,6210 0038,5890437,,800 Southern Ave Apartments,,,800 SOUTHERN AVE SE,800 SOUTHERN AVENUE LLC,8,800 Southern Ave SE,WASHINGTON,DC,20032,1965,Multifamily Housing,316536,301896.0,66,ENERGYSTARSCORE,2019,Multifamily Housing,50,-10.32%,-10.32%,Does Not Meet BEPS,2023/09/19 04:00:00+00,38.82735337,-76.99461836,400467.29965896,128841.00730019,79579,,{0639A2BF-D5AC-2945-E063-782F520A104C},259836
-77.0527395241879,38.9263646954947,PM5904440,2208 1089,5904440,,Woodley Plaza Condominium - 2725 Connecticut Ave NW,,,2725 CONNECTICUT AVE NW,WOODLEY PLAZA CONDOMINIUM,3,2725 Connecticut Avenue NW,WASHINGTON,DC,20008,1989,Multifamily Housing,66780,66780.0,66,ENERGYSTARSCORE,2019,Multifamily Housing,80,,,Meets BEPS,2023/08/22 04:00:00+00,38.9263569,-77.05273722,395427.06022659,139832.45656127,223240,,{0639A2BF-D5AD-2945-E063-782F520A104C},259837
-76.9282727417118,38.899263619151,PM5909718,5179 0090,5909718,,GAHC Washington DC SNF LLC,,,5000 NANNIE HELEN BURROUGHS AVE NE,GAHC WASHINGTON DC SNF LLC,7,5000 Nannie Helen Burroughs Ave NE,WASHINGTON,DC,20019,1983,Senior Living Community,133706,112500.0,50,ENERGYSTARSCORE,2019,Senior Care Community,23,-18.17%,-18.17%,Does Not Meet BEPS,2023/09/19 04:00:00+00,38.89925583,-76.92827048,406222.16004863,136825.13717388,289526,,{0639A2BF-D5AE-2945-E063-782F520A104C},259838
-77.0575520675893,38.936854700119,PM5912917,2225 0011,5912917,,Adas Israel Hebrew Congregation,,,2850 QUEBEC ST NW,ADAS ISRAEL HEBREW CONGREGATION,3,2850 Quebec St. NW,WASHINGTON,DC,20008,1951,Worship Facility,93950,106541.0,17,ENERGYSTARSCORE,2019,Worship Facility,24,,,Meets BEPS,2023/07/14 04:00:00+00,38.93684691,-77.05754976,395010.49033631,140997.19037257,219289,,{0639A2BF-D5AF-2945-E063-782F520A104C},259839
-77.0746510601896,38.9623636579323,PM5916142,1858 0058,5916142,,Chevy Chase House,,,5420 CONNECTICUT AVE NW,BV MSTAR CHEVY CHASE OWNER LLC,3,5420 Connecticut Ave NW,WASHINGTON,DC,20015,1929,Senior Care Community,119242,87929.0,50,ENERGYSTARSCORE,2019,Senior Care Community,13,-25.95%,-20.00%,Does Not Meet BEPS,2023/09/19 04:00:00+00,38.96235586,-77.07464875,393530.33996421,143829.98700471,263809,,{0639A2BF-D5B0-2945-E063-782F520A104C},259840
-77.0257762956612,38.9410227972572,PM5921077,2910 7002,5921077,,4100 Georgia Avenue: 4100 Georgia Avenue Northwest,,,4100 GEORGIA AVE NW,4100 GEORGIA AVE LIMITED PARTNERSHIP,4,4100 Georgia Avenue Northwest,WASHINGTON,DC,20011,2009,Multifamily Housing,75240,93200.0,66,ENERGYSTARSCORE,2019,Multifamily Housing,29,-22.06%,-20.00%,Does Not Meet BEPS,2023/09/19 04:00:00+00,38.941015,-77.025774,397765.54913772,141458.62780534,300492,,{0639A2BF-D5B1-2945-E063-782F520A104C},259841
-76.9965908637361,38.8999222357836,PM5924418,0859 0839,5924418,,645 H Street,,,645 H ST NE,U S REIF 645 H STREET WASHINGTON DC LLC,6,"645 H Street, NE",WASHINGTON,DC,20002,2015,Office,77521,88886.0,71,ENERGYSTARSCORE,2019,Office_all,83,,,Meets BEPS,2023/06/02 04:00:00+00,38.89991445,-76.99658858,400295.9201098,136895.81028019,288821,,{0639A2BF-D5B2-2945-E063-782F520A104C},259842
-77.0192530108711,38.8996642035815,PM5927475,0486 0832,5927475,,Fairfield Inn & Suites DC Downtown,Not Applicable: Standalone Property,Not Applicable: Standalone Property,500 H ST NW,RLJ III F WASHINGTON DC LLC,2,500 H St NW,WASHINGTON,DC,200012620,1986,Hotel,111056,111056.0,54,ENERGYSTARSCORE,2019,Hotel,71,,,Meets BEPS,2023/05/04 04:00:00+00,38.89965642,-77.01925072,398330.110118,136867.33742509,242981,,{0639A2BF-D5B3-2945-E063-782F520A104C},259843
-77.0532619396236,38.9272843879535,PM5927578,2208 0810,5927578,,"LMG 2807, LLC",,,2807 CONNECTICUT AVE NW,LMG 2807 LLC,3,2807 CONNECTICUT AVENUE NW,WASHINGTON,DC,20008,1929,Multifamily Housing,53088,53080.0,66,ENERGYSTARSCORE,2019,Multifamily Housing,91,,,Meets BEPS,2023/05/04 04:00:00+00,38.9272766,-77.05325964,395381.81981232,139934.57741704,219204,,{0639A2BF-D5B4-2945-E063-782F520A104C},259844
-77.0483279299779,38.9107587957055,PM5929962,0067 0830,5929962,,State House - 2122 Massachusetts Ave,,,2122 MASSACHUSETTS AVE NW,THOMAS E ANDRACSEK TRUSTEE,2,2122 Massachusetts Ave NW,WASHINGTON,DC,20008,1951,Multifamily Housing,244904,196060.0,66,ENERGYSTARSCORE,2019,Multifamily Housing,62,-2.82%,-2.82%,Does Not Meet BEPS,2023/09/19 04:00:00+00,38.91075101,-77.04832563,395808.68006389,138099.86031719,225943,,{0639A2BF-D5B5-2945-E063-782F520A104C},259845
-77.0316795159328,38.904800771319,PM7545160,0247 3113,7545160,,The Alta Condominium,,,1133 14TH STREET NW,THE ALTA CONDOMINIUM,2,1133 14th St NW,WASHINGTON,DC,20005,2006,Multifamily Housing,89649,123207.0,66,ENERGYSTARSCORE,2019,Multifamily Housing,76,,,Meets BEPS,2023/05/04 04:00:00+00,38.90479298,-77.03167722,397252.38019398,137437.83762964,300319,,{0639A2BF-D5B6-2945-E063-782F520A104C},259846
-77.0526802990391,38.9030200654006,PM8000392,0027 0823,8000392,,Melrose Georgetown Hotel WML,Not Applicable: Standalone Property,Not Applicable: Standalone Property,2430 PENNSYLVANIA AVE NW,HH MELROSE HOTEL ASSOCIATES LP,2,2430 Pennsylvania Avenue NW,WASHINGTON,DC,20037,2010,Hotel,164017,190400.0,54,ENERGYSTARSCORE,2019,Hotel,79,,,Meets BEPS,2023/09/13 04:00:00+00,38.90301228,-77.052678,395430.69990589,137241.00715991,279592,,{0639A2BF-D5B7-2945-E063-782F520A104C},259847
-77.0137538425946,38.9276870643592,PM8260895,3129 0801,8260895,,Childrens National Hospital,,,111 MICHIGAN AVE NW,WASHINGTON HOSPITAL CENTER,5,111 Michigan Ave. N.W.,WASHINGTON,DC,20010,1974,Hospital (General Medical & Surgical),823802,2261206.0,50,ENERGYSTARSCORE,2019,Hospital,85,,,Meets BEPS,2023/05/04 04:00:00+00,38.92767927,-77.01375155,398807.60026732,139978.01987855,243365,,{0639A2BF-D5B8-2945-E063-782F520A104C},259848
-76.984592541108,38.8551774690061,PM8670562,5877 1074,8670562,,Stanton Commons/Martha's Table (st566)(st492),,,2375 ELVANS RD SE,MARTHAS TABLE HILLSDALE LLC,8,2375 Elvans Rd SE,WASHINGTON,DC,20020,2018,Social/Meeting Hall,56888,56888.0,192,WEATHERNORMALZEDSOUREUI_KBTUFT,2019,Social/meeting,41.7,,,Meets BEPS,2023/09/19 04:00:00+00,38.85516969,-76.98459027,401337.53957466,131928.9100797,313874,,{0639A2BF-D5B9-2945-E063-782F520A104C},259849
-76.9944950231692,38.9225582904672,PM8869463,"3846 0087; 3846 0860",8869463,,Brookland Press (br407),,,805 CHANNING PL NE,JEMAL'S CHANNING PLACE LLC,5,805-806 Channing Place Building B,WASHINGTON,DC,20018,2017,Multifamily Housing,145324,311294.0,66,ENERGYSTARSCORE,2019,Multifamily Housing,99,,,Meets BEPS,2023/09/18 04:00:00+00,38.9225505,-76.99449274,400477.56999737,139408.60727561,79780,,{0639A2BF-D5BA-2945-E063-782F520A104C},259850
-77.0159679836806,38.903411274909,PM8886082,0526 0026,8886082,,The Aspen,,,1025 4TH ST NW,GS ASPEN LLC,6,1011 4th Street,WASHINGTON,DC,20001,2016,Multifamily Housing,110002,110954.0,66,ENERGYSTARSCORE,2019,Multifamily Housing,95,,,Meets BEPS,2023/07/28 04:00:00+00,38.90340349,-77.01596569,398615.14043055,137283.23737514,810159,,{0639A2BF-D5BB-2945-E063-782F520A104C},259851
-77.0327493475526,38.8989016143985,PM9025507,0223 0026,9025507,,CNBB,,,1404 NEW YORK AVE NW,CNBB OWNER LLC,2,700 14th Street and 1420 New York Avenue NW,WASHINGTON,DC,20005,1988,Office,463869,259162.0,71,ENERGYSTARSCORE,2019,Office_all,59,-16.48%,-16.48%,Does Not Meet BEPS,2023/06/02 04:00:00+00,38.89889383,-77.03274705,397159.35033708,136783.01726135,900822,,{0639A2BF-D5BC-2945-E063-782F520A104C},259852
-77.0154885303162,38.9168084585033,PM9287329,3088 0835,9287329,,Slowe Hall (share),,,1919 3RD ST NW,HOWARD UNIVERSITY,1,1919 3rd St NW,WASHINGTON,DC,20001,1942,Multifamily Housing,87251,85067.0,66,ENERGYSTARSCORE,2019,Multifamily Housing,100,,,Meets BEPS,2023/07/14 04:00:00+00,38.91680067,-77.01548624,398656.98008065,138770.42727804,229750,,{0639A2BF-D5BD-2945-E063-782F520A104C},259853
-77.0150078087459,38.9179145011852,PM9287381,3084 0830,9287381,,Carver Hall (share),,,211 ELM ST NW,HOWARD UNIVERSITY,1,211 Elm Street NW,WASHINGTON,DC,20001,1942,Multifamily Housing,52598,58482.0,66,ENERGYSTARSCORE,2019,Multifamily Housing,100,,,Meets BEPS,2023/05/04 04:00:00+00,38.91790671,-77.01500552,398698.68995154,138893.20000708,229667,,{0639A2BF-D5BE-2945-E063-782F520A104C},259854
-76.9913070290126,38.8469946284376,PM9374278,5868S 0838,9374278,,Entertainment and Sports Arena,,,1100 OAK DRIVE SE,DISTRICT OF COLUMBIA,8,1100 Oak Drive SE,WASHINGTON,DC,20032,2018,Indoor Arena,58657,150000.0,240,WEATHERNORMALZEDSOUREUI_KBTUFT,2019,Public assembly,177.2,,,Meets BEPS,2023/08/15 04:00:00+00,38.84698685,-76.99130475,400754.82012255,131020.47993175,316039,,{0639A2BF-D5BF-2945-E063-782F520A104C},259855
-77.0430868200803,38.9106555385307,PM9593902,0135 0004,9593902,,Dupont Doyle LLC,,,1500 NEW HAMPSHIRE AVE NW,DOYLE DUPONT LLC,2,1500 New Hampshire Ave NW,WASHINGTON,DC,20036,1947,Hotel,192274,192274.0,54,ENERGYSTARSCORE,2019,Hotel,23,-23.27%,-20.00%,Does Not Meet BEPS,2023/05/04 04:00:00+00,38.91064775,-77.04308452,396263.24021471,138088.17002291,225560,,{0639A2BF-D5C0-2945-E063-782F520A104C},259856
-76.9670512890766,38.8587145721598,PM9636937,5642 0001,9636937,,GoodHope Marketplace,,,2839 ALABAMA AVE SE,GOOD HOPE MARKETPLACE LLC,7,2839 Alabama Avenue S.E.,WASHINGTON,DC,20020,1980,Supermarket/Grocery Store,97110,97110.0,401,WEATHERNORMALZEDSOUREUI_KBTUFT,2019,Retail_all,385,,,Meets BEPS,2023/05/04 04:00:00+00,38.85870679,-76.96704902,402859.94985383,132321.95688131,278280,,{0639A2BF-D5C1-2945-E063-782F520A104C},259857
-77.0840898160479,38.9584313872409,PM9649296,1659 0001,9649296,,"5225 Wisconsin Avenue,",,,5225 WISCONSIN AVE NW,C L NORRIS TRUSTEES & J S NORRIS TRUSTEES,3,"5225 Wisconsin Avenue, N.W.",WASHINGTON,DC,20015,1963,Mixed Use Property,193158,104595.0,229,SOURCEEUI_KBTU_FT,2019,Other,220.6,,,Meets BEPS,2023/09/15 04:00:00+00,38.95842359,-77.0840875,392711.90023807,143394.17995412,265902,,{0639A2BF-D5C2-2945-E063-782F520A104C},259858
-77.0234688136047,38.912160627895,PM9712401,0396N 0006,9712401,,"Foster House Apartments, 801 Rhode Island Ave N.W.",,,801 RHODE ISLAND AVE NW,NEW BETHEL BAPTIST CHURCH,6,Foster House Apartments,WASHINGTON,DC,20001,1972,Multifamily Housing,76847,76847.0,66,ENERGYSTARSCORE,2019,Multifamily Housing,81,,,Meets BEPS,2023/08/21 04:00:00+00,38.91215284,-77.02346652,397964.77017497,138254.62720847,225972,,{0639A2BF-D5C3-2945-E063-782F520A104C},259859
-77.031116514636,38.9049696670995,PM9846547,0247 3100,9846547,,600-The Residences at Thomas Circle,Not Applicable: Standalone Property,Not Applicable: Standalone Property,1330 MASSACHUSETTS AVE NW,WASHINGTON DC SENIOR PROPERTY LLC/1330 MASS AVE CONDOMINIUM,2,1330 Massachusetts Ave NW,WASHINGTON,DC,20005,1965,Senior Care Community,131965,143000.0,50,ENERGYSTARSCORE,2019,Senior Care Community,39,-7.45%,-7.45%,Does Not Meet BEPS,2023/05/04 04:00:00+00,38.90496188,-77.03111422,397301.22009596,137456.57010419,240636,,{0639A2BF-D5C4-2945-E063-782F520A104C},259860
-77.015615940078,38.8767598072823,PM9951595,0542 0817,9951595,,301-M,,,301 M ST SW,3RD & M DEVELOPMENT LLC,6,301 M Street SW,WASHINGTON,DC,20024,2018,Multifamily Housing,162896,165875.0,66,ENERGYSTARSCORE,2019,Multifamily Housing,45,-13.18%,-13.18%,Does Not Meet BEPS,2023/05/04 04:00:00+00,38.87675202,-77.01561365,398645.17026858,134324.7105164,312585,,{0639A2BF-D5C5-2945-E063-782F520A104C},259861
-77.0438106905653,38.9031837167463,PM9960917,0085 0061,9960917,,1020 19th Street: 1020 19th Street Northwest,,,1020 19TH ST NW,"ZG 1020 19TH STREET, LLC",2,1020 19th Street Northwest,WASHINGTON,DC,20036,1983,Office,158688,122865.0,71,ENERGYSTARSCORE,2019,Office_all,74,,,Meets BEPS,2023/05/04 04:00:00+00,38.90317593,-77.04380839,396200.06027688,137258.76705075,242546,,{0639A2BF-D5C6-2945-E063-782F520A104C},259862
-77.0444822095509,38.903507853884,PM9960918,0085 0843,9960918,,1920 L Street: 1920 L Street Northwest,,,1920 L ST NW,ZG 1920 L STREET LLC,2,1920 L Street Northwest,WASHINGTON,DC,20036,1968,Office,110000,158638.0,71,ENERGYSTARSCORE,2019,Office_all,85,,,Meets BEPS,2023/05/04 04:00:00+00,38.90350007,-77.04447991,396141.83016919,137294.777373,242545,,{0639A2BF-D5C7-2945-E063-782F520A104C},259863
-77.0374118929215,38.9029310046845,PM9960919,0184 0804,9960919,,1625 K Street: 1625 K Street Northwest,,,1625 K ST NW,ZG 1625 K STREET LLC,2,1625 K Street Northwest,WASHINGTON,DC,20006,1943,Office,121311,125632.0,71,ENERGYSTARSCORE,2019,Office_all,85,,,Meets BEPS,2023/05/04 04:00:00+00,38.90292322,-77.0374096,396755.07978811,137230.46730069,242032,,{0639A2BF-D5C8-2945-E063-782F520A104C},259864
-77.0387860457105,38.9028120966484,PM9960920,0164 0001,9960920,,1701 K Street: 1701 K Street Northwest,,,1701 K ST NW,1701 K LLC,2,1701 K Street Northwest,WASHINGTON,DC,20006,1954,Office,70785,71985.0,71,ENERGYSTARSCORE,2019,Office_all,72,,,Meets BEPS,2023/05/04 04:00:00+00,38.90280431,-77.03878375,396635.87999345,137217.31707425,218413,,{0639A2BF-D5C9-2945-E063-782F520A104C},259865
-77.0389937958404,38.901132058819,PM9961603,0165 0813,9961603,,1634 I Street: 1634 I Street Northwest,,,1634 I ST NW,1634 EYE LLC,2,1634 I Street Northwest,WASHINGTON,DC,20006,1962,Office,76697,75451.0,71,ENERGYSTARSCORE,2019,Office_all,74,,,Meets BEPS,2023/05/04 04:00:00+00,38.90112427,-77.0389915,396617.7800079,137030.82679482,285517,,{0639A2BF-D5CA-2945-E063-782F520A104C},259866
-77.0202634109779,38.8946487154961,PM9961605,0458 0824,9961605,,601 Indiana Ave: 601 Indiana Avenue Northwest,,,601 INDIANA AVE NW,BHB LP,2,601 Indiana Avenue Northwest,WASHINGTON,DC,20004,1963,Office,57083,56017.0,71,ENERGYSTARSCORE,2019,Office_all,53,-22.95%,-20.00%,Does Not Meet BEPS,2023/09/14 04:00:00+00,38.89464093,-77.02026112,398242.34012648,136310.59709607,279843,,{0639A2BF-D5CB-2945-E063-782F520A104C},259867
-77.0323972756856,38.9032029338197,PM6182212,0217 0025,6182212,,1012 14th Street NW: 1012 14th Street Northwest,,,1012 14TH ST NW,CONTINENTIAL BUILDING LP,2,1012 14th Street Northwest,WASHINGTON,DC,20005,1953,Office,99360,88717.0,71,ENERGYSTARSCORE,2019,Office_all,90,,,Meets BEPS,2023/05/04 04:00:00+00,38.90319515,-77.03239498,397190.06016189,137260.4874234,240262,,{0639A2BF-D5CC-2945-E063-782F520A104C},259868
-77.0391007141841,38.9029062191608,PM6182213,0164 0003,6182213,,1001 Connecticut Ave NW: 1001 Connecticut Avenue Northwest,,,1009 CONNECTICUT AVE NW,1001 CONNECTICUT LLC,2,1001 Connecticut Avenue Northwest,WASHINGTON,DC,20036,1953,Office,171080,166407.0,71,ENERGYSTARSCORE,2019,Office_all,100,,,Meets BEPS,2023/05/04 04:00:00+00,38.90289843,-77.03909842,396608.58985194,137227.77679621,278774,,{0639A2BF-D5CD-2945-E063-782F520A104C},259869
-77.0211628323777,38.8944592271016,PM6182214,0458 0023,6182214,,633 Indiana Ave NW: 633 Indiana Avenue Northwest,,,633 INDIANA AVE NW,INDIANA ASSOCIATES,2,633 Indiana Avenue Northwest,WASHINGTON,DC,20004,1963,Office,175739,185839.0,71,ENERGYSTARSCORE,2019,Office_all,71,,,Meets BEPS,2023/05/04 04:00:00+00,38.89445144,-77.02116054,398164.31022458,136289.57990986,238716,,{0639A2BF-D5CE-2945-E063-782F520A104C},259870
-77.0130238931866,38.8933403895268,PM6182215,0574 0024,6182215,,122 C Street: 122 C Street Northwest,,,122 C ST NW,ZG 122 C STREET LLC,6,122 C Street Northwest,WASHINGTON,DC,20001,1968,Office,128076,138111.0,71,ENERGYSTARSCORE,2019,Office_all,75,,,Meets BEPS,2023/05/04 04:00:00+00,38.8933326,-77.01302161,398870.34965299,136165.24764937,278952,,{0639A2BF-D5CF-2945-E063-782F520A104C},259871
-77.086523350603,38.9586323606933,PM6182216,1579 0010,6182216,,4400 Jenifer Street NW: 4400 Jenifer Street Northwest,,,4400 JENIFER ST NW,JENIFER STREET LIMITED PARTNERSHIP,3,4400 Jenifer Street Northwest,WASHINGTON,DC,20015,1972,Office,136710,86498.0,71,ENERGYSTARSCORE,2019,Office_all,70,-1.62%,-1.62%,Does Not Meet BEPS,2023/09/14 04:00:00+00,38.95862456,-77.08652104,392500.99969903,143416.68656575,267739,,{0639A2BF-D5D0-2945-E063-782F520A104C},259872
-77.0322831964438,38.9010320503514,PM6182217,0220 0064,6182217,,1400 Eye Street NW: 1400 I Street Northwest,,,1400 I ST NW,"ZG 1400 EYE, LLC",2,1400 I Street Northwest,WASHINGTON,DC,20005,1982,Office,257532,221495.0,71,ENERGYSTARSCORE,2019,Office_all,66,-7.60%,-7.60%,Does Not Meet BEPS,2023/09/14 04:00:00+00,38.90102426,-77.0322809,397199.87024198,137019.49765019,217995,,{0639A2BF-D5D1-2945-E063-782F520A104C},259873
-77.040224207392,38.9011101386806,PM6182219,0127 0853,6182219,,1712 Eye Street NW: 1712 I Street Northwest,,,1712 I ST NW,1712 LP,2,1712 I Street Northwest,WASHINGTON,DC,20006,1960,Medical Office,60361,63136.0,62,ENERGYSTARSCORE,2019,Medical Office,88,,,Meets BEPS,2023/05/04 04:00:00+00,38.90110235,-77.04022191,396511.05010937,137028.43980456,279323,,{0639A2BF-D5D2-2945-E063-782F520A104C},259874
-77.0068310328633,38.8713552416059,PM6192496,0708 0017,6192496,,Dock 79 (dc015),,,79 POTOMAC AVENUE SE,RIVERFRONT HOLDINGS I LLC,6,79 Potomac Ave SE,WASHINGTON,DC,20003,2016,Multifamily Housing,237563,237563.0,66,ENERGYSTARSCORE,2019,Multifamily Housing,65,-0.72%,-0.72%,Does Not Meet BEPS,2023/09/12 04:00:00+00,38.87134746,-77.00682875,399407.40990855,133724.67006183,313299,,{0639A2BF-D5D3-2945-E063-782F520A104C},259875
-77.0158972752642,38.9016926973628,PM6211690,0527 0856,6211690,,DC Bar Building,,,901 4TH ST NW,DISTRICT OF COLUMBIA BAR,6,901 4th Street,WASHINGTON,DC,20001,2017,Office,109812,96906.0,71,ENERGYSTARSCORE,2019,Office_all,75,,,Meets BEPS,2023/05/04 04:00:00+00,38.90168491,-77.01589499,398621.23971147,137092.4600647,805239,,{0639A2BF-D5D4-2945-E063-782F520A104C},259876
-77.0246312879174,38.879754779168,PM6211760,"; ",6211760,,The Wharf DC 800 Maine Ave SW,,,800 MAINE AVE SW,WHARF PHASE 1 RETAIL REIT LEASEHOLDER LLC,6,800 Maine Ave SW,WASHINGTON,DC,20024,2017,Office,120725,241450.0,71,ENERGYSTARSCORE,2019,Office_all,78,,,Meets BEPS,2023/05/04 04:00:00+00,38.879747,-77.024629,397862.9788219,134657.34844703,302922,,{0639A2BF-D5D5-2945-E063-782F520A104C},259877
-76.9661000291796,38.8709342160927,PM6211783,5583 0803,6211783,,Fairlawn Marshall,,,2834 Q ST SE,TCB FAIRLAWN/MARSHALL HOUSING LP,7,2834 Q Street SE,WASHINGTON,DC,20020,1965,Multifamily Housing,62306,62306.0,66,ENERGYSTARSCORE,2019,Multifamily Housing,20,-27.36%,-20.00%,Does Not Meet BEPS,2023/09/19 04:00:00+00,38.87092643,-76.96609776,402942.00982406,133678.45672249,44049,,{0639A2BF-D5D6-2945-E063-782F520A104C},259878
-77.0155309766075,38.9004538270688,PM6216269,0528 2819,6216269,,Sonata Condominium,,,301 MASSACHUSETTS AVE NW,THE SONATA CONDO,6,301 Massachusetts Ave NW,WASHINGTON,DC,20001,2006,Multifamily Housing,68989,68989.0,66,ENERGYSTARSCORE,2019,Multifamily Housing,26,-23.76%,-20.00%,Does Not Meet BEPS,2023/09/13 04:00:00+00,38.90044604,-77.01552869,398652.98984445,136954.9300711,303505,,{0639A2BF-D5D7-2945-E063-782F520A104C},259879
-77.0257249128333,38.904788181268,PM6216274,0369 2763,6216274,,Quincy Court Condominium,,,1117 10TH ST NW,QUINCY COURT CONDOMINIUM,2,1117 10th St NW,WASHINGTON,DC,20001,2006,Multifamily Housing,118578,130056.0,66,ENERGYSTARSCORE,2019,Multifamily Housing,8,-36.41%,-20.00%,Does Not Meet BEPS,2023/08/04 04:00:00+00,38.90478039,-77.02572262,397768.87008606,137436.27765972,300317,,{0639A2BF-D5D8-2945-E063-782F520A104C},259880
-77.0644072747944,38.9441282945027,PM6225389,1964 0812,6225389,,UDC,6225389,UDC,4200 CONNECTICUT AVENUE NW,UNIVERSITY OF THE DISTRICT OF COLUMBIA,3,4200 Connecticut Ave.,WASHINGTON,DC,20008,1968,College/University,516328,1366692.0,180,Blended Custom Source Energy Use Intensity (EUI),2019,University of District of Colubmia,186.6,-3.54%,-3.54%,Does Not Meet BEPS,2023/05/04 04:00:00+00,38.9441205,-77.06440497,394416.71987005,141805.02002043,297694,,{0639A2BF-D5D9-2945-E063-782F520A104C},259881
-76.9974999432612,38.9239079300622,PM6231598,3630 0807,6231598,,Edgewood Commons 1: Edgewood Commons 1,,,601 EDGEWOOD ST NE,EDGEWOOD TERRACE ONE LLC,5,501 Edgewood Street Northeast,WASHINGTON,DC,20017,1974,Multifamily Housing,345574,343042.0,66,ENERGYSTARSCORE,2019,Multifamily Housing,57,-6.08%,-6.08%,Does Not Meet BEPS,2023/08/09 04:00:00+00,38.92390014,-76.99749766,400216.98991704,139558.41733833,289567,,{0639A2BF-D5DA-2945-E063-782F520A104C},259882
-77.0221988939933,38.9081256784532,PM6235419,0423 0018,6235419,,1330 7th Street: 1330 7th Street,,,1330 7TH ST NW,1330 SEVENTH STREET LINITED PARTNERSHIP,6,1330 7th Street Northwest,WASHINGTON,DC,20001,1974,Multifamily Housing,145200,111846.0,66,ENERGYSTARSCORE,2019,Multifamily Housing,23,-25.52%,-20.00%,Does Not Meet BEPS,2023/08/16 04:00:00+00,38.90811789,-77.0221966,398074.80026432,137806.68706144,238401,,{0639A2BF-D5DB-2945-E063-782F520A104C},259883
-77.0106860405722,38.8953977690562,PM6240862,0630 0069,6240862,,Yotel Washington DC,,,415 NEW JERSEY AVE NW,BLDG METRO CAPITAL LLC,6,415 New Jersey Ave NW,WASHINGTON,DC,20001,1968,Hotel,259770,259770.0,54,ENERGYSTARSCORE,2019,Hotel,88,,,Meets BEPS,2023/08/26 04:00:00+00,38.89538998,-77.01068375,399073.19034598,136393.60675726,237162,,{0639A2BF-D5DC-2945-E063-782F520A104C},259884
-77.0330316597364,38.9048568972208,PM6244129,0214 0109,6244129,,1120 Vermont Avenue NW,,,1120 VERMONT AVE NW,1120 VERMONT AVE ASSOCIATES LLP,2,1120 Vermont Avenue NW,WASHINGTON,DC,20005,1979,Office,666961,502009.0,71,ENERGYSTARSCORE,2019,Office_all,100,,,Meets BEPS,2023/05/04 04:00:00+00,38.90484911,-77.03302937,397135.09961985,137444.11008044,240249,,{0639A2BF-D5DD-2945-E063-782F520A104C},259885
-77.0181364212676,38.9015805504259,PM6247604,0516 0063,6247604,,455 Eye Street - 29284,,,459 I ST NW,EQR EYE STREET LLC,6,455 I STREET NW,WASHINGTON,DC,20088,2017,Multifamily Housing,177501,162912.0,66,ENERGYSTARSCORE,2019,Multifamily Housing,79,,,Meets BEPS,2023/05/04 04:00:00+00,38.90157276,-77.01813413,398427.01017225,137080.04671281,305776,,{0639A2BF-D5DE-2945-E063-782F520A104C},259886
-77.0233090481383,38.9006492765413,PM6247638,0404 0817,6247638,,American Public Health Association,,,800 I ST NW,AMERICAN PUBLIC HEALTH ASSOC,2,800 I St NW,WASHINGTON,DC,20001,1999,Office,61006,46914.0,71,ENERGYSTARSCORE,2019,Office_all,57,-18.73%,-18.73%,Does Not Meet BEPS,2023/05/04 04:00:00+00,38.90064149,-77.02330676,397978.29976611,136976.77010187,285559,,{0639A2BF-D5DF-2945-E063-782F520A104C},259887
-77.0167369802264,38.8848667173282,PM6251371,0536 0053,6251371,,Museum of the Bible,,,300 D ST SW,THE MUSEUM OF THE BIBLE INC,6,400 4th Street SW,WASHINGTON,DC,20024,2017,Museum,376165,430000.0,240,WEATHERNORMALZEDSOUREUI_KBTUFT,2019,Public assembly,371.5,-35.40%,-20.00%,Does Not Meet BEPS,2023/08/16 04:00:00+00,38.88485893,-77.01673469,398548.06020827,135224.65668825,311513,,{0639A2BF-D5E0-2945-E063-782F520A104C},259888
-77.0246918053522,38.8851499082823,PM6254160,0386 0001,6254160,,370 L'Enfant Promenade,,,901 D ST SW,370 L ENFANT OWNER LLC,6,"901 D Street, SW",WASHINGTON,DC,20024,1987,Office,535757,407321.0,71,ENERGYSTARSCORE,2019,Office_all,72,,,Meets BEPS,2023/07/01 04:00:00+00,38.88514212,-77.02468952,397857.88956892,135256.24955592,81693,,{0639A2BF-D5E1-2945-E063-782F520A104C},259889
-77.0533080414903,38.9249322949028,PM6256695,2132 5106,6256695,,Wardman Tower,,,2660 CONNECTICUT AVE NW,WARDMAN TOWER MASTER,3,2660 Connecticut Ave. NW,WASHINGTON,DC,20008,2016,Multifamily Housing,109164,149614.0,66,ENERGYSTARSCORE,2019,Multifamily Housing,87,,,Meets BEPS,2023/05/04 04:00:00+00,38.9249245,-77.05330574,395377.66998495,139673.47659271,311605,,{0639A2BF-D5E2-2945-E063-782F520A104C},259890
-77.0273416515433,38.9048698711537,PM6257196,0315 0822,6257196,,Mass Place Apartments: Mass Place,,,1112 11TH ST NW,MASS PLACE APARTMENTS LLC,2,1111 Massachusetts Avenue Northwest,WASHINGTON,DC,20005,1964,Multifamily Housing,123113,118530.0,66,ENERGYSTARSCORE,2019,Multifamily Housing,80,,,Meets BEPS,2023/09/19 04:00:00+00,38.90486208,-77.02733936,397628.63993006,137445.38666759,239117,,{0639A2BF-D5E3-2945-E063-782F520A104C},259891
-76.9222838893786,38.9014993578008,PM6262953,5203 0028,6262953,,Hilltop Apartments,6262953,Hilltop Apartments,914 EASTERN AVE NE,EASTERN AVENUE REDEVELOPMENT LIMITED PARTNERSHIP,7,908 Eastern Ave NE,WASHINGTON,DC,20019,1963,Multifamily Housing,57672,102788.0,66,ENERGYSTARSCORE,2019,Multifamily Housing,90,,,Meets BEPS,2023/06/10 04:00:00+00,38.90149157,-76.92228163,406741.44999609,137073.74739851,151205,,{0639A2BF-D5E4-2945-E063-782F520A104C},259892
-77.0188112163382,38.8842279773891,PM6265890,0494 0860,6265890,,Tellurium,,,475 SCHOOL ST SW,TELLURIUM LLC,6,475 School Street S.W.,WASHINGTON,DC,20024,1968,Office,80612,62789.0,71,ENERGYSTARSCORE,2019,Office_all,45,-30.52%,-20.00%,Does Not Meet BEPS,2023/05/04 04:00:00+00,38.88422019,-77.01880893,398368.07981825,135153.78665867,17539,,{0639A2BF-D5E5-2945-E063-782F520A104C},259893
-77.0191787478978,38.8841486438166,PM6268144,0494 0859,6268144,,Carbon,,,501 SCHOOL ST SW,CARBON LLC,6,"501 School Street, S.W.",WASHINGTON,DC,20024,1988,Office,119720,67000.0,71,ENERGYSTARSCORE,2019,Office_all,24,-47.49%,-20.00%,Does Not Meet BEPS,2023/05/04 04:00:00+00,38.88414086,-77.01917646,398336.18994414,135144.98705192,15274,,{0639A2BF-D5E6-2945-E063-782F520A104C},259894
-76.9946098411709,38.9307076061517,PM6272380,3831 0047,6272380,,Brookland Artspace Lofts LLC,,,3305 8TH ST NE,BROOKLAND ARTSPACE LOFTS LLC,5,3305 8th St NE,WASHINGTON,DC,20017,2011,Multifamily Housing,55328,55328.0,66,ENERGYSTARSCORE,2019,Multifamily Housing,54,-7.94%,-7.94%,Does Not Meet BEPS,2023/09/19 04:00:00+00,38.93069981,-76.99460756,400467.55977785,140313.24982644,309078,,{0639A2BF-D5E7-2945-E063-782F520A104C},259895
-76.9954364530081,38.8923749869661,PM6272798,0895 0844,6272798,,700 Constitution,,,700 CONSTITUTION AVE NE,CAPITOL HILL GROUP,6,700 Constitution Ave NE,WASHINGTON,DC,20002,2017,Multifamily Housing,103353,129085.0,66,ENERGYSTARSCORE,2019,Multifamily Housing,72,,,Meets BEPS,2023/05/04 04:00:00+00,38.8923672,-76.99543417,400396.1001178,136058.00998471,295162,,{0639A2BF-D5E8-2945-E063-782F520A104C},259896
-77.0236522954175,38.9094907882892,PM6272987,0398 7000,6272987,,880 P,9480457,880 P / City Market at O / Hodge,880 P ST NW,CITYMARKET AT O CONDO LLC,6,880 P Street NW,WASHINGTON,DC,20001,2017,Multifamily Housing,148198,150770.0,66,ENERGYSTARSCORE,2019,Multifamily Housing,96,,,Meets BEPS,2023/05/04 04:00:00+00,38.909483,-77.02365,397948.78034137,137958.25710416,310638,,{0639A2BF-D5E9-2945-E063-782F520A104C},259897
-76.9978791407364,38.9231225019924,PM6274328,3630 0813,6274328,,Edgewood Commons 4: Edgewood Commons 4,,,611 EDGEWOOD ST NE,EDGEWOOD IV LP,5,611 Edgewood Street Northeast,WASHINGTON,DC,20017,1974,Multifamily Housing,383900,188717.0,66,ENERGYSTARSCORE,2019,Multifamily Housing,25,-24.35%,-20.00%,Does Not Meet BEPS,2023/07/01 04:00:00+00,38.92311471,-76.99787686,400184.10969202,139471.22710491,289572,,{0639A2BF-D5EA-2945-E063-782F520A104C},259898
-77.0341741196349,38.9174802925645,PM6274558,0204 0846,6274558,,Paul Lawrence Dunbar,,,2001 15TH ST NW,PAUL LAURENCE DUNBAR APARTMENTS LP,1,2001 15th St NW,WASHINGTON,DC,20009,1978,Multifamily Housing,149210,149210.0,66,ENERGYSTARSCORE,2019,Multifamily Housing,81,,,Meets BEPS,2023/05/04 04:00:00+00,38.9174725,-77.03417182,397036.53038045,138845.44676472,239975,,{0639A2BF-D5EB-2945-E063-782F520A104C},259899
-77.0413176440139,38.9092186258717,PM6275663,0157 0112,6275663,,Daniel A. D'Aniello Building,,,1785 MASSACHUSETTS AVE NW,AEI 1785 MASSACHUSETTS AVENUE PROPERTY OWNER LLC,2,1789 Massachusetts Avenue NW,WASHINGTON,DC,20036,1915,Office,69816,92408.0,71,ENERGYSTARSCORE,2019,Office_all,52,-23.96%,-20.00%,Does Not Meet BEPS,2023/09/19 04:00:00+00,38.90921084,-77.04131535,396416.60974408,137928.59029347,312856,,{0639A2BF-D5EC-2945-E063-782F520A104C},259900
-77.0356614548688,38.9021589954575,PM6275664,0199 0063,6275664,,Hyatt Place Washington DC Dtwn K St,Not Applicable: Standalone Property,Not Applicable: Standalone Property,1522 K ST NW,RLJ HP WASHINGTON DC LLC,2,1522 K St NW,WASHINGTON,DC,200051202,2015,Hotel,119251,92258.0,54,ENERGYSTARSCORE,2019,Hotel,31,-17.35%,-17.35%,Does Not Meet BEPS,2023/09/14 04:00:00+00,38.90215121,-77.03565916,396906.88000835,137144.70720476,218324,,{0639A2BF-D5ED-2945-E063-782F520A104C},259901
-77.0340994967602,38.9053869121334,PM6276306,0214 0854,6276306,,"The Madison Washington DC, a Hilton Hotel (DCAKE)",,,1177 15TH ST NW,AB MADISON PROPCO LLC,2,1177 15 ST,WASHINGTON,DC,20005,1963,Hotel,287557,287557.0,54,ENERGYSTARSCORE,2019,Hotel,35,-14.46%,-14.46%,Does Not Meet BEPS,2023/09/20 04:00:00+00,38.90537912,-77.0340972,397042.50019723,137502.97954234,240251,,{0639A2BF-D5EE-2945-E063-782F520A104C},259902
-77.0517637238719,38.9015287180517,PM6276858,0028 2010,6276858,,Jefferson House Condominiums: 922 24th Street NW,,,922 24TH ST NW,JEFFERSON HOUSE CONDO,2,922 24th Street Northwest,WASHINGTON,DC,20037,1960,Multifamily Housing,88255,135423.0,66,ENERGYSTARSCORE,2019,Multifamily Housing,86,,,Meets BEPS,2023/05/04 04:00:00+00,38.90152093,-77.05176142,395510.11035757,137075.40983577,274740,,{0639A2BF-D5EF-2945-E063-782F520A104C},259903
-77.0223823013969,38.8944462799711,PM6277195,"0408 0837; 0408 3037",6277195,,701 Pennsylvania Avenue NW,,,701 PENNSYLVANIA AVE NW,COLUMBIA REIT - MARKET SQUARE EAST AND WEST LLC,2,701 Pennsylvania Avenue NW,WASHINGTON,DC,20004,1990,Office,566130,532128.0,71,ENERGYSTARSCORE,2019,Office_all,59,-16.48%,-16.48%,Does Not Meet BEPS,2023/05/04 04:00:00+00,38.89443849,-77.02238001,398058.52010654,136288.16758602,279889,,{0639A2BF-D5F0-2945-E063-782F520A104C},259904
-77.0323825024555,38.9232275121807,PM6277427,2664 0053,6277427,,Faircliff West,,,1402 EUCLID ST NW,FPWLP,1,1400 Euclid Street NW,WASHINGTON,DC,20009,1979,Multifamily Housing,97418,97418.0,66,ENERGYSTARSCORE,2019,Multifamily Housing,49,-10.90%,-10.90%,Does Not Meet BEPS,2023/09/19 04:00:00+00,38.92321972,-77.03238021,397192.12977583,139483.37994356,284013,,{0639A2BF-D5F1-2945-E063-782F520A104C},259905
-77.0369782005444,38.9100783049745,PM6277431,0180 0085,6277431,,Foundry United Methodist Church,,,1500 16TH ST NW,"RAMAMOORTHY, ANAND",2,1500 16th St. NW,WASHINGTON,DC,20036,1904,Worship Facility,58701,58701.0,17,ENERGYSTARSCORE,2019,Worship Facility,13,-8.57%,-20.00%,Does Not Meet BEPS,2023/09/19 04:00:00+00,38.91007052,-77.0369759,396793.02042315,138023.86042999,243309,,{0639A2BF-D5F2-2945-E063-782F520A104C},259906
-77.0291920662708,38.9065917301392,PM6277481,0281 2557,6277481,,1225 Lofts Condo,,,1225 13TH STREET NW,1225 13TH STREET CONDOMINIUM,2,1225 13th Street NW,WASHINGTON,DC,20005,2004,Multifamily Housing,53214,53214.0,66,ENERGYSTARSCORE,2019,Multifamily Housing,48,-11.48%,-11.48%,Does Not Meet BEPS,2023/07/25 04:00:00+00,38.90658394,-77.02918977,397468.20028105,137636.57681098,226418,,{0639A2BF-D5F3-2945-E063-782F520A104C},259907
-77.0327462527807,38.9270651981153,PM6277493,2670 0839,6277493,,Columbia Heights Village,,,2900 14TH ST NW,COLUMBIA HGTS VILLAGE APARTMENT LP,1,2900 14th Street NW,WASHINGTON,DC,20009,1976,Multifamily Housing,170710,146730.0,66,ENERGYSTARSCORE,2019,Multifamily Housing,59,-4.81%,-4.81%,Does Not Meet BEPS,2023/09/19 04:00:00+00,38.92705741,-77.03274396,397160.73977405,139909.4074792,234356,,{0639A2BF-D5F4-2945-E063-782F520A104C},259908
-77.0360987089871,38.9021123780352,PM6277981,0199 0065,6277981,,"05WIY-St. Regis Hotel, Washington, D.C.",,,923 16TH ST NW,SELDAR DC HOLDING LLC,2,"923 16th and K Streets, NW",WASHINGTON,DC,30308,2000,Hotel,163249,205000.0,54,ENERGYSTARSCORE,2019,Hotel,16,-28.90%,-20.00%,Does Not Meet BEPS,2023/09/14 04:00:00+00,38.90210459,-77.03609641,396868.9503539,137139.54691562,901757,,{0639A2BF-D5F5-2945-E063-782F520A104C},259909
-77.0321891458842,38.9281571066561,PM6278959,2849 0839,6278959,,Trinity Towers Apartments LP,,,3023 14TH ST NW,TRINITY TOWERS APARTMENTS LP,1,3023 14th St NW,WASHINGTON,DC,20009,1928,Multifamily Housing,101814,101814.0,66,ENERGYSTARSCORE,2019,Multifamily Housing,65,-0.72%,-0.72%,Does Not Meet BEPS,2023/09/19 04:00:00+00,38.92814931,-77.03218685,397209.09005208,140030.60055773,284554,,{0639A2BF-D5F6-2945-E063-782F520A104C},259910
-77.0359532607409,38.9108867363831,PM6278976,0194 0113,6278976,,"Edlavitch Jewish Community Center of Washington, DC, Inc.",,,1529 16TH ST NW,DC JEWISH COMMUNITY CENTER,2,"1529 16th Street, NW",WASHINGTON,DC,20036,1997,Social/Meeting Hall,64844,64844.0,192,WEATHERNORMALZEDSOUREUI_KBTUFT,2019,Social/meeting,153.7,,,Meets BEPS,2023/05/04 04:00:00+00,38.91087895,-77.03595097,396881.94959622,138113.5672963,225737,,{0639A2BF-D5F7-2945-E063-782F520A104C},259911
-77.0212025259481,38.9000221555253,PM6279493,0453 0059,6279493,,Motto Hotel,,,627 H ST NW,MR GALLERY SQUARE LLC,2,627 H Street NW,WASHINGTON,DC,20001,2017,Hotel,73955,78735.0,54,ENERGYSTARSCORE,2019,Hotel,79,,,Meets BEPS,2023/05/23 04:00:00+00,38.90001437,-77.02120024,398161.00963636,136907.11020936,238700,,{0639A2BF-D5F8-2945-E063-782F520A104C},259912
-77.0452070582521,38.9146595754401,PM6279989,0090 0033,6279989,,American Geophysical Union,,,2000 FLORIDA AVE NW,AMERICAN GEOPHYSICAL UNION,2,2000 Florida Ave NW,WASHINGTON,DC,20009,1994,Office,88150,73295.2,71,ENERGYSTARSCORE,2019,Office_all,84,,,Meets BEPS,2023/05/04 04:00:00+00,38.91465179,-77.04520476,396079.56997785,138532.74044691,242565,,{0639A2BF-D5F9-2945-E063-782F520A104C},259913
-76.9647045064853,38.9175896819519,PM6280428,4373 0012,6280428,,Washington DC Corporate Center,,,2850 NEW YORK AVE NE,ITT WASHINGTON DC CORPORATION CENTER LLC,5,2850 New York Ave NE,WASHINGTON,DC,20002,1965,Police Station,107026,122708.0,185,WEATHERNORMALZEDSOUREUI_KBTUFT,2019,Fire station/police station,127.4,,,Meets BEPS,2023/05/04 04:00:00+00,38.91758189,-76.96470223,403061.11024877,138857.6271229,287304,,{0639A2BF-D5FA-2945-E063-782F520A104C},259914
-76.9953523067605,38.9259994429963,PM6280627,3643 0077,6280627,,8767-Washington DC - 8th Street,,,2800 8TH ST NE,2800 8TH STREET PARTNERS LLC,5,2800 8th Street NE,WASHINGTON,DC,20017,2017,Self-Storage Facility,111800,111800.0,21,WEATHERNORMALZEDSOUREUI_KBTUFT,2019,Nonrefrigerated warehouse (Self-Storage Facility),22.4,-6.25%,-6.25%,Does Not Meet BEPS,2023/05/04 04:00:00+00,38.92599165,-76.99535002,400403.21026741,139790.60006833,289739,,{0639A2BF-D5FB-2945-E063-782F520A104C},259915
-77.0238514216588,38.8791757193903,PM6281291,0473 0911,6281291,,Incanto (nz02),,,750 MAINE AVE SW,WHARF PHASE 1 APARTMENT REIT LEASEHOLDER B LLC,6,770 Maine Avenue SW,WASHINGTON,DC,20024,2017,Multifamily Housing,127142,375761.0,66,ENERGYSTARSCORE,2019,Multifamily Housing,54,-7.94%,-7.94%,Does Not Meet BEPS,2023/09/25 04:00:00+00,38.87916794,-77.02384913,397930.63017066,134593.05041252,315289,,{0639A2BF-D5FC-2945-E063-782F520A104C},259916
-76.9848086151082,38.9155516823275,PM6283083,4037 0810,6283083,,Hecht Warehouse (hc024),,,1401 NEW YORK AVENUE NE,JEMAL'S HECHT'S LLC,5,1401 New York Ave NE,WASHINGTON,DC,20002,2017,Multifamily Housing,332826,332826.0,66,ENERGYSTARSCORE,2019,Multifamily Housing,86,,,Meets BEPS,2023/08/04 04:00:00+00,38.91554389,-76.98480634,401317.66959707,138630.9099523,286132,,{0639A2BF-D5FD-2945-E063-782F520A104C},259917
-77.0360003029309,38.9245917278287,PM6286645,2574 0035,6286645,,The Century,,,2651 16TH ST NW,CENTURY PARTNERS 16TH STREET LLC,1,2651 16th Street NW,WASHINGTON,DC,20009,1937,Multifamily Housing,77367,77367.0,66,ENERGYSTARSCORE,2019,Multifamily Housing,69,,,Meets BEPS,2023/05/25 04:00:00+00,38.92458394,-77.03599801,396878.46971231,139634.93744223,235842,,{0639A2BF-D5FE-2945-E063-782F520A104C},259918
-77.0077728729931,38.9074910262106,PM6288078,0671 0027,6288078,,Hyatt Place Washington DC/US Capitol,,,33 NEW YORK AVE NE,EXCEL HOLDINGS 10 LLC,6,33 New York Avenue NE,WASHINGTON,DC,20002,2014,Hotel,109290,110000.0,54,ENERGYSTARSCORE,2019,Hotel,14,-30.66%,-20.00%,Does Not Meet BEPS,2023/09/13 04:00:00+00,38.90748324,-77.00777059,399326.01970327,137736.030356,37070,,{0639A2BF-D5FF-2945-E063-782F520A104C},259919
-77.0000965513048,38.876224635708,PM6291838,"0771 0811; 0771 0813",6291838,,Twelve12,,,401 M ST SE,FC 1212 LLC,6,1212 4th Street SE,WASHINGTON,DC,20003,2013,Multifamily Housing,139977,316055.0,66,ENERGYSTARSCORE,2019,Multifamily Housing,14,-31.39%,-20.00%,Does Not Meet BEPS,2023/09/25 04:00:00+00,38.87621685,-77.00009427,399991.81992952,134265.18674338,309485,,{0639A2BF-D600-2945-E063-782F520A104C},259920
-77.0015845421896,38.8747077006557,PM6291874,0771 4074,6291874,,Foundry Lofts,,,301 TINGEY ST SE,FOUNDRY LOFTS WORKFORCE LLC,6,301 Tingey Street SE,WASHINGTON,DC,20003,2011,Multifamily Housing,158188,158188.0,66,ENERGYSTARSCORE,2019,Multifamily Housing,27,-23.19%,-20.00%,Does Not Meet BEPS,2023/08/01 04:00:00+00,38.87469992,-77.00158226,399862.69997412,134096.79726409,307282,,{0639A2BF-D601-2945-E063-782F520A104C},259921
-76.9954812274857,38.8569938395983,PM6291924,5868 1794,6291924,,Parkway House,,,2652 MARTIN LUTHER KING JR AVE SE,PARKWAY HOUSE A CONDO,8,2652 Martin Luther King Jr Ave SE,WASHINGTON,DC,20003,1965,Multifamily Housing,80425,80425.0,66,ENERGYSTARSCORE,2019,Multifamily Housing,55,-7.33%,-7.33%,Does Not Meet BEPS,2023/09/25 04:00:00+00,38.85698606,-76.99547895,400392.40982439,132130.43700977,278211,,{0639A2BF-D602-2945-E063-782F520A104C},259922
-77.0215807609569,38.8954326580086,PM6342583,0457 0036,6342583,,Grand Lodge Of IOOF,,,419 7TH ST NW,GRAND LODGE OF IOOF,2,419 7th street N.W.,WASHINGTON,DC,20004,1917,Office,64495,74468.0,71,ENERGYSTARSCORE,2019,Office_all,56,-19.82%,-19.82%,Does Not Meet BEPS,2023/09/25 04:00:00+00,38.89542487,-77.02157847,398128.08008486,136397.64682927,279765,,{0639A2BF-D603-2945-E063-782F520A104C},259923
-76.982096341298,38.8793420603576,PM6342869,1077 0130,6342869,,1600 Penn,Not Applicable: Standalone Property,Not Applicable: Standalone Property,1550 PENNSYLVANIA AVE SE,BDC 1600 PENN LLC,6,1600 Pennsylvania Ave SE,WASHINGTON,DC,20003,2015,Multifamily Housing,54490,52000.0,66,ENERGYSTARSCORE,2019,Multifamily Housing,70,,,Meets BEPS,2023/05/04 04:00:00+00,38.87933428,-76.98209406,401553.68039873,134611.39748161,311021,,{0639A2BF-D604-2945-E063-782F520A104C},259924
-77.0003576954616,38.8766790277751,PM6346292,0825S 0844,6346292,,Capper Senior II,,,400 M STREET SE,DISTRICT OF COLUMBIA HOUSING AUTHORITY,6,400 M ST SE,WASHINGTON,DC,20003,2007,Multifamily Housing,118086,118086.0,66,ENERGYSTARSCORE,2019,Multifamily Housing,68,,,Meets BEPS,2023/09/19 04:00:00+00,38.87667124,-77.00035541,399969.16028076,134315.62752302,303528,,{0639A2BF-D605-2945-E063-782F520A104C},259925
-76.9967392847527,38.9234867903235,PM6346510,3630 0810,6346510,,Edgewood,,,635 EDGEWOOD ST NE,DISTRICT OF COLUMBIA HOUSING AUTHORITY,5,635 Edgewood ST NE,WASHINGTON,DC,20017,1984,Multifamily Housing,195002,195002.0,,,,,,,,Does Not Meet BEPS: Incomplete/Missing Report,2023/09/19 04:00:00+00,38.923479,-76.996737,400282.95206915,139511.66930305,289573,,{0639A2BF-D606-2945-E063-782F520A104C},259926
-76.951956940066,38.8883211294894,PM6346533,5409 0026,6346533,,Triangle View,,,35 RIDGE ROAD SE,DISTRICT OF COLUMBIA HOUSING AUTHORITY,7,3600 B ST SE,WASHINGTON,DC,20019,2006,Multifamily Housing,88276,88276.0,,,,,,,,Does Not Meet BEPS: Incomplete/Missing Report,2023/08/23 04:00:00+00,38.88831334,-76.95195467,404168.32019137,135609.08679354,301154,,{0639A2BF-D607-2945-E063-782F520A104C},259927
-76.9934809437658,38.8338902386753,PM6346566,"6123 0076; 6123 0077",6346566,,Highland Addition,,,3827 9TH STREET SE,DISTRICT OF COLUMBIA HOUSING AUTHORITY,8,400 Atlantic ST SE,WASHINGTON,DC,20032,1954,Multifamily Housing,17010,29858.0,66,ENERGYSTARSCORE,2019,Multifamily Housing,1,-48.19%,-20.00%,Does Not Meet BEPS,2023/09/15 04:00:00+00,38.83388246,-76.99347867,400566.20967745,129565.78660254,290742,,{0639A2BF-D608-2945-E063-782F520A104C},259928
-76.9979890733191,38.8318808856253,PM6346587,"6156 0117; 6156 0118",6346587,,Highland Dwellings II,,,619 YUMA STREET SE,DISTRICT OF COLUMBIA HOUSING AUTHORITY,8,530 Atlantic ST SE,WASHINGTON,DC,20032,2016,Multifamily Housing,53142,141586.0,66,ENERGYSTARSCORE,2019,Multifamily Housing,3,-42.90%,-20.00%,Does Not Meet BEPS,2023/09/08 04:00:00+00,38.83187311,-76.99798679,400174.80039564,129342.71687747,290955,,{0639A2BF-D609-2945-E063-782F520A104C},259929
-77.0201916788588,38.9002365264127,PM6347407,0453 0052,6347407,,Wah Luck House,,,800 6TH ST NW,WASHINGTON CHINATOWN DEVELOPMENT COMPANY,2,800 6th Street N.W.,WASHINGTON,DC,20001,1982,Multifamily Housing,149161,143614.0,66,ENERGYSTARSCORE,2019,Multifamily Housing,81,,,Meets BEPS,2023/05/04 04:00:00+00,38.90022874,-77.02018939,398248.699915,136930.88711976,279939,,{0639A2BF-D60A-2945-E063-782F520A104C},259930
-76.9741716262444,38.9178492556136,PM6348281,4263 0005,6348281,,Salvation Army Harbor Light Center,,,2100 NEW YORK AVE NE,SALVATION ARMY,5,"2100 New York Ave, NE",WASHINGTON,DC,20002,1996,Residential Care Facility,60352,60352.0,213,WEATHERNORMALZEDSOUREUI_KBTUFT,2019,ALFA/Industry Survey,179.6,,,Meets BEPS,2023/08/18 04:00:00+00,38.91784146,-76.97416935,402240.08997089,138886.16668299,286616,,{0639A2BF-D60B-2945-E063-782F520A104C},259931
-77.0707773941844,38.9206203106816,PM6352386,1299 1042,6352386,,2255 Wisconsin,Not Applicable: Standalone Property,Not Applicable: Standalone Property,2255 WISCONSIN AVE NW,2251 WISCONSIN AVENUE LLC,3,2255 Wisconsin Ave NW,WASHINGTON,DC,20015,2013,Multifamily Housing,97713,93269.0,66,ENERGYSTARSCORE,2019,Multifamily Housing,71,,,Meets BEPS,2023/05/25 04:00:00+00,38.92061252,-77.07077509,393862.46976992,139195.83989255,310936,,{0639A2BF-D60C-2945-E063-782F520A104C},259932
-76.9486780909684,38.9220762232292,PM6359141,4327 0803,6359141,,Premium Distributors of Washington DC,,,3500 FORT LINCOLN DRIVE NE,FORT LINCOLN NEW TOWN/PREMIUM DISTRIBUTORS LLC,5,3500 Fort Lincoln Dr NE,WASHINGTON,DC,20018,2001,Non-Refrigerated Warehouse,148521,149000.0,19,ENERGYSTARSCORE,2019,Warehouse_all,41,,,Meets BEPS,2023/05/04 04:00:00+00,38.92206843,-76.94867582,404450.68017955,139356.33014777,289765,,{0639A2BF-D60D-2945-E063-782F520A104C},259933
-76.9663744976878,38.9343254043228,PM6367076,4307 0801,6367076,,Hedin House Apartments,,,2900 NEWTON ST NE,HEDIN HOUSE PRESERVATION LP,5,2900 Newton Street NE,WASHINGTON,DC,20018,1956,Multifamily Housing,54908,56993.0,66,ENERGYSTARSCORE,2019,Multifamily Housing,93,,,Meets BEPS,2023/09/25 04:00:00+00,38.93431761,-76.96637222,402915.60021926,140715.38022732,287312,,{0639A2BF-D60E-2945-E063-782F520A104C},259934
-77.0856195174643,38.9594248524909,PM6367270,1660 0812,6367270,,Mazza Gallerie,,,5300 WISCONSIN AVE NW,ACREG 5300 WISCONSIN LLC,3,5300 Wisconsin Ave NW,WASHINGTON,DC,20015,1977,Enclosed Mall,386528,386528.0,170,WEATHERNORMALZEDSOUREUI_KBTUFT,2019,Enclosed mall,524.1,-67.56%,-20.00%,Does Not Meet BEPS,2023/05/04 04:00:00+00,38.95941706,-77.0856172,392579.42031477,143504.58749718,265944,,{0639A2BF-D60F-2945-E063-782F520A104C},259935
-77.0237202950981,38.9087547926539,PM6367979,0398 7006,6367979,,City Market Hotel Development LLC (Cambria Hotel Washington DC),,,899 O ST NW,CITY MARKET HOTEL DEVELOPMENT LLC,6,899 O Street NW,WASHINGTON,DC,20001,2014,Hotel,80361,112390.0,54,ENERGYSTARSCORE,2019,Hotel,47,-5.58%,-5.58%,Does Not Meet BEPS,2023/09/14 04:00:00+00,38.908747,-77.023718,397942.8613156,137876.5566029,310640,,{0639A2BF-D610-2945-E063-782F520A104C},259936
-77.0086393454742,38.9658517704571,PM6374510,3722W 0001,6374510,,AEP Charter Hope Lamond LLC,,,6200 KANSAS AVE NE,AEP CHARTER HOPE LAMOND LLC,4,"6200 - 6220 Kansas Ave, NE",WASHINGTON,DC,20011,1970,K-12 School,80623,80623.0,36,ENERGYSTARSCORE,2019,K-12 School,58,,,Meets BEPS,2023/05/04 04:00:00+00,38.96584397,-77.00863706,399251.47958573,144214.59007636,304055,,{0639A2BF-D611-2945-E063-782F520A104C},259937
-77.0359278708733,38.9270894955662,PM6377522,2671 0817,6377522,,National Baptist Memorial Church,,,3029 16TH ST NW,NATIONAL BAPTIST MEMORIAL CHURCH,1,1501 Columbia Rd. NW,WASHINGTON,DC,20009,1933,Worship Facility,50040,39820.0,17,ENERGYSTARSCORE,2019,Worship Facility,38,,,Meets BEPS,2023/09/20 04:00:00+00,38.9270817,-77.03592557,396884.86038939,139912.20763922,297688,,{0639A2BF-D612-2945-E063-782F520A104C},259938
-77.0256522895729,38.8804517818877,PM6384924,"0473 0903; 0473 0907; 0473 0909",6384924,,The Channel (lh71),,,900 MAINE AVE SW,WHARF PHASE 1 APT REIT A LLC,6,950 Maine Avenue SW,WASHINGTON,DC,20024,2017,Multifamily Housing,431984,603003.0,110,WEATHERNORMALZEDSOUREUI_KBTUFT,2019,Multifamily Housing,113,-2.65%,-2.65%,Does Not Meet BEPS,2023/05/24 04:00:00+00,38.880444,-77.02565,397774.40993419,134734.74515649,315293,,{0639A2BF-D613-2945-E063-782F520A104C},259939
-77.0398387651711,38.9088667059738,PM6387271,0157 2151,6387271,,"Winthrop Condominium Association, Inc.",,,1727 MASSACHUSETTS AVE NW,THE WINTHROP CONDOMINIUM,2,1727 Massachusetts Ave. NW,WASHINGTON,DC,20036,1965,Multifamily Housing,68660,68660.0,66,ENERGYSTARSCORE,2019,Multifamily Housing,61,-3.49%,-3.49%,Does Not Meet BEPS,2023/07/27 04:00:00+00,38.90885892,-77.03983647,396544.85988623,137889.46728032,238083,,{0639A2BF-D614-2945-E063-782F520A104C},259940
-76.9893549498211,38.9216880015363,PM6392529,3939 0801,6392529,,Israel Baptist Church,,,1251 SARATOGA AVE NE,ISRAEL BAPTIST CHURCH,5,1251 Saratoga Ave NE,WASHINGTON,DC,20018,1984,Medical Office,55238,55238.0,62,ENERGYSTARSCORE,2019,Medical Office,9,,,Does Not Meet BEPS,2023/05/04 04:00:00+00,38.92168021,-76.98935267,400923.30985048,139312.0371587,69666,,{0639A2BF-D615-2945-E063-782F520A104C},259941
-77.0005492850875,38.9074857885114,PM6406712,3587 7002,6406712,,The Edison at Union Market District (hk26),6406712,The Edison at Union Market District,340 FLORIDA AVE NE,GATEWAY MARKET LLC,5,1240 4th St NE,WASHINGTON,DC,20002,2017,Multifamily Housing,190218,290491.0,66,ENERGYSTARSCORE,2019,Multifamily Housing,85,,,Meets BEPS,2023/05/04 04:00:00+00,38.907478,-77.000547,399952.55608006,137735.42013033,285974,,{0639A2BF-D616-2945-E063-782F520A104C},259942
-77.0189069578676,38.8940926761247,PM6410079,0490 0038,6410079,,H. Carl Moultrie Bldg,,,500 INDIANA AVENUE NW,DISTRICT OF COLUMBIA,2,500 Indiana Ave NW,WASHINGTON,DC,20001,1978,Courthouse,838980,645000.0,71,ENERGYSTARSCORE,2019,Office_all,27,-45.17%,-20.00%,Does Not Meet BEPS,2023/09/06 04:00:00+00,38.89408489,-77.01890467,398359.99989623,136248.84701951,285553,,{0639A2BF-D617-2945-E063-782F520A104C},259943
-77.0064450319169,38.8781600378773,PM6414772,0699N 0823,6414772,,Parc Riverside-Toll Brothers,,,1011 1ST ST SE,TOLL DC LP,6,1011 1st ST SE,WASHINGTON,DC,20003,2015,Multifamily Housing,263354,271944.0,66,ENERGYSTARSCORE,2019,Multifamily Housing,64,-1.44%,-1.44%,Does Not Meet BEPS,2023/05/04 04:00:00+00,38.87815225,-77.00644275,399440.95980085,134480.05051969,277870,,{0639A2BF-D618-2945-E063-782F520A104C},259944
-77.0322456245589,38.9161012234333,PM6421979,0205 0847,6421979,,The Louis,,,1914 14TH ST NW,THE LOUIS DC RESIDENTIAL LLC,2,1920 14th Street NW,WASHINGTON,DC,20009,2014,Multifamily Housing,269670,221754.0,66,ENERGYSTARSCORE,2019,Multifamily Housing,55,-7.33%,-7.33%,Does Not Meet BEPS,2023/05/04 04:00:00+00,38.91609343,-77.03224333,397203.7199996,138692.29764555,303028,,{0639A2BF-D619-2945-E063-782F520A104C},259945
-77.0154672755324,38.8996223368347,PM6421989,0529 0851,6421989,,Mass Court,,,300 MASSACHUSETTS AVE NW,T-C MASS COURT LLC,2,"300 Massachusetts Avenue, NW",WASHINGTON,DC,20001,2004,Multifamily Housing,200000,368297.0,66,ENERGYSTARSCORE,2019,Multifamily Housing,35,-18.72%,-18.72%,Does Not Meet BEPS,2023/06/07 04:00:00+00,38.89961455,-77.01546499,398658.49975731,136862.62707874,279643,,{0639A2BF-D61A-2945-E063-782F520A104C},259946
-77.0155086560001,38.8990666956119,PM6422003,0529 1403,6422003,,The Ashton,,,750 3RD ST NW,TC ASHTON JUDICIARY LLC,2,750 3rd Street NW,WASHINGTON,DC,20001,2009,Multifamily Housing,72607,79933.0,66,ENERGYSTARSCORE,2019,Multifamily Housing,34,-19.27%,-19.27%,Does Not Meet BEPS,2023/09/24 04:00:00+00,38.89905891,-77.01550637,398654.89979972,136800.94720187,306693,,{0639A2BF-D61B-2945-E063-782F520A104C},259947
-77.0735479500111,38.9360401797828,PM6431347,1819 0804,6431347,,Village Tower (vl021),,,3414 IDAHO AVE NW,VAUGHN MCLEAN LLC,3,3401 38th St NW,WASHINGTON,DC,20016,1992,Mixed Use Property,60234,135985.0,229,SOURCEEUI_KBTU_FT,2019,Other,184.3,,,Meets BEPS,2023/05/04 04:00:00+00,38.93603239,-77.07354564,393623.59011879,140907.76732541,223167,,{0639A2BF-D61C-2945-E063-782F520A104C},259948
-77.0086903304856,38.8748927808089,PM6435739,0700 0047,6435739,,1221 Van St,,,1244 SOUTH CAPITOL ST SE,1244 SOUTH CAPITOL RESIDENTIAL LLC,6,1221 Van St SE,WASHINGTON,DC,20003,2017,Multifamily Housing,275894,253663.0,66,ENERGYSTARSCORE,2019,Multifamily Housing,46,-12.62%,-12.62%,Does Not Meet BEPS,2023/08/16 04:00:00+00,38.874885,-77.00868805,399246.09963331,134117.37722189,316449,,{0639A2BF-D61D-2945-E063-782F520A104C},259949
-77.013498981407,38.9246988551016,PM6442611,PAR 01080008,6442611,,Bryant Street Campus,,,2500 1ST STREET NW,DISTRICT OF COLUMBIA,1,301 Bryant St NW,WASHINGTON,DC,20001,1904,Drinking Water Treatment & Distribution,253020,151499.0,5,WEATHERNORMALZEDSOUREUI_KBTUGDP,2019,Water (Energy per flow),2.73,,,Meets BEPS,2023/05/04 04:00:00+00,38.92469106,-77.01349669,398829.65018706,139646.29973035,300810,,{0639A2BF-D61E-2945-E063-782F520A104C},259950
-76.9514234851913,38.9018904048845,PM6442801,5039 0834,6442801,,Anacostia Pump Station Campus,,,1801 MINNESOTA AVENUE SE,DISTRICT OF COLUMBIA,7,1801 Minnesota Avenue SE,WASHINGTON,DC,20020,2006,Drinking Water Treatment & Distribution,23774,23774.0,5,WEATHERNORMALZEDSOUREUI_KBTUGDP,2019,Water (Energy per flow),3.45,,,Meets BEPS,2023/05/04 04:00:00+00,38.90188261,-76.95142122,404213.79971138,137115.40750049,286484,,{0639A2BF-D61F-2945-E063-782F520A104C},259951
-77.05063198271,38.9039736227698,PM6451389,"0037 0862; 0037 5616; 0037 7023",6451389,,1Westlight,6451389,1Westlight,2301 L STREET NW,DISTRICT OF COLUMBIA,2,1110 23rd St NW,WASHINGTON,DC,20037,2018,Multifamily Housing,36868,357585.0,66,ENERGYSTARSCORE,2019,Multifamily Housing,48,-11.48%,-11.48%,Does Not Meet BEPS,2023/09/25 04:00:00+00,38.90396584,-77.05062968,395608.43027474,137346.75948156,310901,,{0639A2BF-D620-2945-E063-782F520A104C},259952
-77.0359306986807,38.903178235539,PM6453431,0198 0039,6453431,,Capital Hilton (DCASH),,,1001 16TH ST NW,CHH CAPITAL HOTEL PARTNERS LP,2,1001 16th Street NW,WASHINGTON,DC,20036,1943,Hotel,1050362,559168.0,54,ENERGYSTARSCORE,2019,Hotel,12,-32.54%,-20.00%,Does Not Meet BEPS,2023/05/04 04:00:00+00,38.90317045,-77.0359284,396883.57032632,137257.86021729,278775,,{0639A2BF-D621-2945-E063-782F520A104C},259953
-77.045239109933,38.9164721032865,PM6453786,2535 0833,6453786,,Washington Hilton (DCAWH),,,1919 CONNECTICUT AVE NW,DUPONT HOTEL PROJECT OWNER LLC,1,"1919 Connecticut Ave., NW",WASHINGTON,DC,20009,1965,Hotel,973414,1400000.0,54,ENERGYSTARSCORE,2019,Hotel,78,,,Meets BEPS,2023/05/04 04:00:00+00,38.91646431,-77.04523681,396076.89011274,138733.94661625,242829,,{0639A2BF-D622-2945-E063-782F520A104C},259954
-77.0175599864569,38.8954433399814,PM6507479,0489E 0800,6507479,,DC Courts of Appeals,,,451 INDIANA AVENUE NW,DISTRICT OF COLUMBIA,2,430 E Street,WASHINGTON,DC,20001,1820,Courthouse,174467,140000.0,71,ENERGYSTARSCORE,2019,Office_all,21,-49.84%,-20.00%,Does Not Meet BEPS,2023/06/14 04:00:00+00,38.89543555,-77.0175577,398476.87980301,136398.75762721,308548,,{0639A2BF-D623-2945-E063-782F520A104C},259955
-77.033613067322,38.9222285650036,PM6571125,"2662 0204; 2861 0078",6571125,,[Archive] Faircliff East,,,1426 CLIFTON ST NW,FPW LP,1,1352 Fairmont ST NW,WASHINGTON,DC,20009,1979,Multifamily Housing,122869,84452.0,66,ENERGYSTARSCORE,2019,Multifamily Housing,71,,,Meets BEPS,2023/05/04 04:00:00+00,38.92222077,-77.03361077,397085.38016976,139372.5266026,297782,,{0639A2BF-D624-2945-E063-782F520A104C},259956
-77.024206995369,38.9047488598997,PM6628956,0369 0885,6628956,,SQ 369 HOTEL,,,1112 9TH ST NW,SQUARE 369 HOTEL LLC,2,901 L Street NW,WASHINGTON,DC,20001,2018,Hotel,369644,304578.0,54,ENERGYSTARSCORE,2019,Hotel,75,,,Meets BEPS,2023/05/04 04:00:00+00,38.90474107,-77.0242047,397900.53034725,137431.87681695,313138,,{0639A2BF-D625-2945-E063-782F520A104C},259957
-77.016903604572,38.9022181937215,PM6628967,0516 0895,6628967,,400 K Street - Lydian,,,420 K ST NW,400 K STREET LLC,6,400 K Street NW,WASHINGTON,DC,20001,2018,Multifamily Housing,332240,332240.0,66,ENERGYSTARSCORE,2019,Multifamily Housing,66,,,Meets BEPS,2023/08/16 04:00:00+00,38.90221041,-77.01690132,398533.95962154,137150.81047653,311471,,{0639A2BF-D626-2945-E063-782F520A104C},259958
-77.0248308335097,38.9044347878581,PM6628974,0369 0884,6628974,,The Lurgan,,,919 L ST NW,SQUARE 369 RESIDENCES SPE LLC,2,915 L Street,WASHINGTON,DC,20001,2018,Multifamily Housing,222300,222309.0,66,ENERGYSTARSCORE,2019,Multifamily Housing,82,,,Meets BEPS,2023/09/23 04:00:00+00,38.904427,-77.02482854,397846.41017085,137397.02703401,-38135,,{0639A2BF-D627-2945-E063-782F520A104C},259959
-77.029955628049,38.8963845263234,PM6628982,0254 0835,6628982,,Freedom Plaza,,,1301 PENNSYLVANIA AVE NW,"1301 TRUSTEE, LLC AS TRUSTEE",2,1301 Pennsylvania Avenue,WASHINGTON,DC,20004,2018,Office,286850,298535.0,71,ENERGYSTARSCORE,2019,Office_all,76,,,Meets BEPS,2023/07/28 04:00:00+00,38.89637674,-77.02995334,397401.59960138,136503.51700314,800757,,{0639A2BF-D628-2945-E063-782F520A104C},259960
-77.0511259889515,38.9057365947045,PM6633348,0036 0859,6633348,,Park Hyatt Washington,Not Applicable: Standalone Property,Not Applicable: Standalone Property,1201 24TH ST NW,BW HOSPITALITY LLC,2,1201 24th Street NW,WASHINGTON,DC,20037,1983,Hotel,361400,361400.0,54,ENERGYSTARSCORE,2019,Hotel,57,,,Meets BEPS,2023/05/04 04:00:00+00,38.90572881,-77.05112369,395565.68992594,137542.4873044,242765,,{0639A2BF-D629-2945-E063-782F520A104C},259961
-77.0055414239852,38.8772067798047,PM6649921,0743N 0076,6649921,,Onyx on First,,,1100 1ST ST SE,ONYX OWNER LLC,6,1100 First St SE,WASHINGTON,DC,20003,2009,Multifamily Housing,238094,224857.0,66,ENERGYSTARSCORE,2019,Multifamily Housing,45,-13.18%,-13.18%,Does Not Meet BEPS,2023/09/14 04:00:00+00,38.877199,-77.00553914,399519.36000982,134374.22739819,74573,,{0639A2BF-D62A-2945-E063-782F520A104C},259962
-76.9983822798283,38.9281750053515,PM6652788,3648 1068,6652788,,St Paul,,,3031 4TH ST NE,ST PAUL ON FOURTH STREET INC,5,"3015 4th Street, NE",WASHINGTON,DC,20017,1940,K-12 School,113006,113006.0,36,ENERGYSTARSCORE,2019,K-12 School,49,,,Meets BEPS,2023/05/04 04:00:00+00,38.92816721,-76.99838,400140.46957294,140032.09684299,289740,,{0639A2BF-D62B-2945-E063-782F520A104C},259963
-77.0084062730777,38.9033627881452,PM6654985,0674 0438,6654985,,North Capitol Medical Center,,,1011 NORTH CAPITOL ST NE,KAISER FOUNDATION HEALTH ATTEN: PROPERTYMANAGER,6,1101 North Capitol Street NE,WASHINGTON,DC,20002,1985,Medical Office,80660,82678.0,62,ENERGYSTARSCORE,2019,Medical Office,66,,,Meets BEPS,2023/05/04 04:00:00+00,38.903355,-77.00840399,399271.03971531,137277.76704621,-2054,,{0639A2BF-D62C-2945-E063-782F520A104C},259964
-77.0753689193206,38.9409284813394,PM6668477,1825 0800,6668477,,"3939 Wisconsin Ave, NW",,,3939 WISCONSIN AVE NW,SIDWELL FRIENDS SCHOOL,3,3939 Wisconsin Ave NW,WASHINGTON,DC,20016,1948,Office,59407,56000.0,71,ENERGYSTARSCORE,2019,Office_all,73,,,Meets BEPS,2023/05/04 04:00:00+00,38.94092069,-77.07536661,393466.15998372,141450.54025446,222232,,{0639A2BF-D62D-2945-E063-782F520A104C},259965
-77.0360983329267,38.9015971000738,PM6681716,0199 0066,6681716,,Laborerss' International Union of NA,,,905 16TH ST NW,LABORERS INTERNATIONAL UNION OF NORTH AMERICA,2,905 16th St NW,WASHINGTON,DC,20006,1958,Office,172833,133698.0,71,ENERGYSTARSCORE,2019,Office_all,34,-39.70%,-20.00%,Does Not Meet BEPS,2023/09/14 04:00:00+00,38.90158931,-77.03609604,396868.95983086,137082.34667799,279980,,{0639A2BF-D62E-2945-E063-782F520A104C},259966
-76.9268235058852,38.8994158895971,PM6687734,5197 0074,6687734,,Residences At Hayes (Deanwood),,,5201 HAYES ST NE,DEANWOOD HILLS LLC,7,5201 Hayes Street NE,WASHINGTON,DC,20019,2018,Multifamily Housing,154822,154822.0,66,ENERGYSTARSCORE,2019,Multifamily Housing,84,,,Meets BEPS,2023/08/22 04:00:00+00,38.8994081,-76.92682125,406347.8595816,136842.14013337,299817,,{0639A2BF-D62F-2945-E063-782F520A104C},259967
-77.0062938937251,38.8762893265036,PM6689784,0701 0869,6689784,,"Ballpark Square 701, LLC",,,99 M ST SE,99 M DC OFFICE LLC,6,99 M Street SE,WASHINGTON,DC,20003,2018,Office,235000,231385.0,71,ENERGYSTARSCORE,2019,Office_all,90,,,Meets BEPS,2023/09/21 04:00:00+00,38.87628154,-77.00629161,399454.05997173,134272.38663089,311582,,{0639A2BF-D630-2945-E063-782F520A104C},259968
-77.0480997679742,38.9015497151259,PM6691973,0075 0049,6691973,,"SCD Square 75, LLC",,,2136 PENNSYLVANIA AVE NW,THE GEORGE WASHINGTON UNIVERSITY,2,2112 Pennsylvania Avenue,WASHINGTON,DC,20037,2018,Office,240620,249060.0,71,ENERGYSTARSCORE,2019,Office_all,62,-12.87%,-12.87%,Does Not Meet BEPS,2023/06/07 04:00:00+00,38.90154193,-77.04809747,395827.92994502,137077.56717645,313280,,{0639A2BF-D631-2945-E063-782F520A104C},259969
-77.0070149603121,38.9054568086325,PM6692082,0673 5512,6692082,,DC520_AVA NoMa (dc56),,,55 M ST NE,ARCHSTONE NORTH CAPITOL HILL,6,55 M St NE,WASHINGTON,DC,20002,2017,Multifamily Housing,368288,436860.0,66,ENERGYSTARSCORE,2019,Multifamily Housing,72,,,Meets BEPS,2023/09/14 04:00:00+00,38.90544902,-77.00701267,399391.74036931,137510.21004469,310088,,{0639A2BF-D632-2945-E063-782F520A104C},259970
-77.0773118178193,38.9352670002246,PM6700577,1798 1066,6700577,,McLean Gardens Condominium,6700577,McLean Gardens Condominium,3470 39TH ST NW,MCLEAN GARDENS,3,"3811 Porter Street, N.W.",WASHINGTON,DC,20016,1942,Multifamily Housing,771856,975285.0,66,ENERGYSTARSCORE,2019,Multifamily Housing,56,-6.72%,-6.72%,Does Not Meet BEPS,2023/09/14 04:00:00+00,38.93525921,-77.07730951,393297.1898312,140822.2072437,284797,,{0639A2BF-D633-2945-E063-782F520A104C},259971
-76.997443153502,38.8416682029367,PM6701704,5973 0016,6701704,,Randle Hill Apartments,,,3344 6TH ST SE,RANDLE HILL LLC,8,3300 6th Street SE,WASHINGTON,DC,20032,1966,Multifamily Housing,210652,175500.0,66,ENERGYSTARSCORE,2019,Multifamily Housing,60,-4.16%,-4.16%,Does Not Meet BEPS,2023/09/25 04:00:00+00,38.84166043,-76.99744087,400222.17037456,130429.17739764,297993,,{0639A2BF-D634-2945-E063-782F520A104C},259972
-76.9992142364632,38.919134622917,PM6706911,3620 0814,6706911,,2135 5th Street NE Building (818032),,,2135 5TH ST NE,AMERCO REAL ESTATE COMPANY,5,2215 NE 5th St,WASHINGTON,DC,20002,1918,Self-Storage Facility,79920,79920.0,21,WEATHERNORMALZEDSOUREUI_KBTUFT,2019,Nonrefrigerated warehouse (Self-Storage Facility),44,-52.27%,-20.00%,Does Not Meet BEPS,2023/05/04 04:00:00+00,38.91912683,-76.99921195,400068.34017371,139028.53690752,286729,,{0639A2BF-D635-2945-E063-782F520A104C},259973
-77.0076961497089,38.907002418465,PM6707103,0672 0863,6707103,,The Belgard (th081),,,33 N ST NE,WD-04 WOOD 33N OWNER LLC,6,33 N St NE,WASHINGTON,DC,20002,2018,Multifamily Housing,315800,316225.0,66,ENERGYSTARSCORE,2019,Multifamily Housing,82,,,Meets BEPS,2023/09/20 04:00:00+00,38.90699463,-77.00769386,399332.6702904,137681.79009507,37300,,{0639A2BF-D636-2945-E063-782F520A104C},259974
-77.036843861913,38.9468729583338,PM6719327,2652 0805,6719327,,Nineteenth Street Baptist Church,,,4606 16TH ST NW,NINETEENTH STREET BAPTIST CHURCH,4,4606 16th Street NW,WASHINGTON,DC,20011,1935,Worship Facility,80976,60000.0,17,ENERGYSTARSCORE,2019,Worship Facility,43,,,Meets BEPS,2023/05/04 04:00:00+00,38.94686516,-77.03684156,396806.32034973,142108.37677065,258718,,{0639A2BF-D637-2945-E063-782F520A104C},259975
-77.0526196507532,38.9436420452497,PM6719573,2245 0001,6719573,,"Hillwood Estate, Museum & Gardens",6719573,"Hillwood Estate, Museum & Gardens",4155 LINNEAN AVE NW,HILLWOOD ESTATE MUSEUM AND GARDENS,3,4155 Linnean Ave NW,WASHINGTON,DC,20008,1926,Museum,38976,71542.0,240,WEATHERNORMALZEDSOUREUI_KBTUFT,2019,Public assembly,284.5,-15.64%,-20.00%,Does Not Meet BEPS,2023/09/15 04:00:00+00,38.94363425,-77.05261735,395438.55984051,141750.38697555,284839,,{0639A2BF-D638-2945-E063-782F520A104C},259976
-77.0372285532997,38.90352894783,PM6723153,0184 0075,6723153,,1602 L St NW,,,1618 L ST NW,1602 IS LLC,2,1602 L St NW,WASHINGTON,DC,20036,2006,Office,62476,62476.0,71,ENERGYSTARSCORE,2019,Office_all,52,-23.96%,-20.00%,Does Not Meet BEPS,2023/09/20 04:00:00+00,38.90352116,-77.03722626,396771.00982256,137296.83696565,279242,,{0639A2BF-D639-2945-E063-782F520A104C},259977
-77.0656644615315,38.9038752282892,PM6723175,1185 2381,6723175,,Flour Mill,,,1015 33RD ST NW,THE FLOUR MILL CONDO/WHETSTONE FLOUR MILL LLC,2,1015 33rd Street,WASHINGTON,DC,20007,1985,Multifamily Housing,89348,89348.0,66,ENERGYSTARSCORE,2019,Multifamily Housing,25,-24.35%,-20.00%,Does Not Meet BEPS,2023/05/31 04:00:00+00,38.90386744,-77.06566216,394304.51976667,137336.66680468,274891,,{0639A2BF-D63A-2945-E063-782F520A104C},259978
-77.0720909166269,38.9342745590038,PM6723673,1919 0035,6723673,,3333 Wisconsin,,,3333 WISCONSIN AVE NW,PACOLET 3333 WISCONSIN LLC,3,3333 Wisconsin Avenue NW,WASHINGTON,DC,20016,1977,Multifamily Housing,89910,110610.0,66,ENERGYSTARSCORE,2019,Multifamily Housing,68,,,Meets BEPS,2023/08/16 04:00:00+00,38.93426677,-77.07208861,393749.75987412,140711.66737865,222127,,{0639A2BF-D63B-2945-E063-782F520A104C},259979
-77.0475513171261,38.9047715350972,PM6734553,0072 0074,6734553,,The Wink Hotel,,,1143 NEW HAMPSHIRE AVE NW,BSREP II DUPONT CIRCLE LLC,2,1143 New Hampshire Avenue NW,WASHINGTON,DC,20037,1971,Hotel,226694,207478.0,54,ENERGYSTARSCORE,2019,Hotel,89,,,Meets BEPS,2023/08/08 04:00:00+00,38.90476375,-77.04754902,395875.68986923,137435.19025405,243210,,{0639A2BF-D63C-2945-E063-782F520A104C},259980
-77.0056186232829,38.9062790493049,PM6735390,0711 0817,6735390,,Washington US Capitol DC HGI,,,1225 1ST ST NE,MHF NOMA IV LLC,6,1225 First St NE,WASHINGTON,DC,20002,1980,Hotel,124200,129000.0,54,ENERGYSTARSCORE,2019,Hotel,20,-25.60%,-20.00%,Does Not Meet BEPS,2023/05/04 04:00:00+00,38.90627126,-77.00561634,399512.85979298,137601.47699428,307284,,{0639A2BF-D63D-2945-E063-782F520A104C},259981
-77.0411055544895,38.9109174132753,PM6735443,0156 2138,6735443,,Dupont East Condominium,,,1545 18TH ST NW,DUPONT EAST CONDO,2,1545 18th Street NW,WASHINGTON,DC,20036,1961,Multifamily Housing,123462,171760.0,66,ENERGYSTARSCORE,2019,Multifamily Housing,83,,,Meets BEPS,2023/05/04 04:00:00+00,38.91090962,-77.04110326,396435.0897817,138117.16051049,226107,,{0639A2BF-D63E-2945-E063-782F520A104C},259982
-77.0411502541007,38.9084559211964,PM6739997,0158 0078,6739997,,1776 Mass Ave RE LLC Washington DC,,,1776 MASSACHUSETTS AVE NW,1776 MASS AVE RE LLC,2,1776 Massachusetts Avenue NW,WASHINGTON,DC,20036,1970,Office,115510,96006.0,71,ENERGYSTARSCORE,2019,Office_all,76,,,Meets BEPS,2023/05/04 04:00:00+00,38.90844813,-77.04114796,396431.08975989,137843.91668601,241745,,{0639A2BF-D63F-2945-E063-782F520A104C},259983
-76.9924041942817,38.9192214262917,PM6742536,3854 0802,6742536,,0375 Washington,,,1050 BRENTWOOD RD NE,1050 BRENTWOOD CAPITAL LP,5,1050 Brentwood Road NE,WASHINGTON,DC,20018,2001,Supermarket/Grocery Store,53236,55006.0,64,ENERGYSTARSCORE,2019,Retail_all,78,,,Meets BEPS,2023/05/04 04:00:00+00,38.91921363,-76.99240191,400658.91016805,139038.19956303,299835,,{0639A2BF-D640-2945-E063-782F520A104C},259984
-77.0316482874874,38.93107710949,PM6742603,2837 0079,6742603,,0378 Washington,,,1345 PARK RD NW,TIVOLI PARTNERS COMMERCIAL,1,1345 Park Road,WASHINGTON,DC,20010,2005,Supermarket/Grocery Store,119074,51677.0,64,ENERGYSTARSCORE,2019,Retail_all,69,,,Meets BEPS,2023/05/04 04:00:00+00,38.93106932,-77.03164599,397256.10019049,140354.73042075,297595,,{0639A2BF-D641-2945-E063-782F520A104C},259985
-77.0399266977307,38.9184778528188,PM6748804,2562 0095,6748804,,Reed Row (rd092),,,1711 FLORIDA AVE NW,KJ FLORIDA AVENUE PROPERTY LLC,1,2101 Champlain St NW,WASHINGTON,DC,20009,2017,Multifamily Housing,104000,117863.0,66,ENERGYSTARSCORE,2019,Multifamily Housing,75,,,Meets BEPS,2023/08/14 04:00:00+00,38.91847006,-77.0399244,396537.70005464,138956.38673509,311956,,{0639A2BF-D642-2945-E063-782F520A104C},259986
-76.9972879111824,38.8772716502976,PM6748874,0882 4215,6748874,,The Bixby,,,601 L ST SE,SQUARE 882N OWNER LLC,6,601 L Street SE,WASHINGTON,DC,20003,2016,Multifamily Housing,218400,218400.0,66,ENERGYSTARSCORE,2019,Multifamily Housing,89,,,Meets BEPS,2023/09/18 04:00:00+00,38.87726387,-76.99728563,400235.52998925,134381.41737904,289693,,{0639A2BF-D643-2945-E063-782F520A104C},259987
-77.0380797425475,38.9070223197785,PM6751573,0182N 0011,6751573,,The Beacon Hotel & Corporate Quarters,,,1615 RHODE ISLAND AVE NW,DUPONT CIRCLE HOTEL OWNER LP,2,1615 Rhode Island Avenue NW,WASHINGTON,DC,20036,1963,Hotel,159762,159762.0,54,ENERGYSTARSCORE,2019,Hotel,56,,,Meets BEPS,2023/08/16 04:00:00+00,38.90701453,-77.03807745,396697.33971577,137684.65982405,279263,,{0639A2BF-D644-2945-E063-782F520A104C},259988
-77.0336059649918,38.917190596237,PM6751768,0204 0853,6751768,,Sonnet,,,1443 U ST NW,1441 U STREET LLC,1,1441 U Street,WASHINGTON,DC,20006,2018,Multifamily Housing,298647,298647.0,66,ENERGYSTARSCORE,2019,Multifamily Housing,73,,,Meets BEPS,2023/09/13 04:00:00+00,38.91718281,-77.03360367,397085.78999492,138813.27046314,279189,,{0639A2BF-D645-2945-E063-782F520A104C},259989
-76.9811623367956,38.8449642534176,PM6751777,5912 0818,6751777,,0384 Washington,,,1525 ALABAMA AVE SE,CHR LLC,8,"1535 Alabama Ave., SE",WASHINGTON,DC,20032,2001,Supermarket/Grocery Store,64945,69321.0,64,ENERGYSTARSCORE,2019,Retail_all,69,,,Meets BEPS,2023/05/04 04:00:00+00,38.84495648,-76.98116006,401635.51021489,130795.22748538,306557,,{0639A2BF-D646-2945-E063-782F520A104C},259990
-76.9505204149265,38.8986277560075,PM6751836,5041 0072,6751836,,The Grove at Parkside,,,600 KENILWORTH TER NE,CI GD PARKSIDE 7 LLC,7,600 Kenilworth Terrace NE,WASHINGTON,DC,20019,2016,Multifamily Housing,146226,146226.0,66,ENERGYSTARSCORE,2019,Multifamily Housing,78,,,Meets BEPS,2023/05/31 04:00:00+00,38.89861997,-76.95051815,404292.32972955,136753.27041658,311058,,{0639A2BF-D647-2945-E063-782F520A104C},259991
-77.0720909166269,38.9342745590038,PM6751849,1919 0035,6751849,,2379 Washington,,,3333 WISCONSIN AVE NW,PACOLET 3333 WISCONSIN LLC,3,3336 Wisconsin Ave. NW,WASHINGTON,DC,20016,2001,Supermarket/Grocery Store,89910,58790.0,64,ENERGYSTARSCORE,2019,Retail_all,56,-8.29%,-8.29%,Does Not Meet BEPS,2023/05/04 04:00:00+00,38.93426677,-77.07208861,393749.75987412,140711.66737865,223125,,{0639A2BF-D648-2945-E063-782F520A104C},259992
-77.0464192688802,38.9003137273095,PM6752530,0101 0058,6752530,,2000 Penn,,,825 21ST ST NW,91 TTPA LESSEE LLC,2,2000 Pennsylvania Ave NW,WASHINGTON,DC,20006,1982,Office,480875,365866.0,71,ENERGYSTARSCORE,2019,Office_all,81,,,Meets BEPS,2023/09/22 04:00:00+00,38.90030594,-77.04641697,395973.63007541,136940.28691327,243283,,{0639A2BF-D649-2945-E063-782F520A104C},259993
-77.0315899162257,38.916470293837,PM6766494,0237 0841,6766494,,Elysium Fourteen,,,1925 14TH STREET NW,SNELL ELYSIUM LLC,1,1925 14th St NW,WASHINGTON,DC,20009,2000,Multifamily Housing,53828,82572.0,66,ENERGYSTARSCORE,2019,Multifamily Housing,80,,,Meets BEPS,2023/05/04 04:00:00+00,38.9164625,-77.03158762,397260.60015989,138733.24761166,302229,,{0639A2BF-D64A-2945-E063-782F520A104C},259994
-77.0483633354904,38.9066907645231,PM6766508,0070 0198,6766508,,Legacy West End (ly77),,,1255 22ND ST NW,1255 22ND STREET LIMITED,2,1255 22nd St NW,WASHINGTON,DC,20037,2018,Multifamily Housing,198405,178191.0,66,ENERGYSTARSCORE,2019,Multifamily Housing,47,-12.05%,-12.05%,Does Not Meet BEPS,2023/09/25 04:00:00+00,38.90668298,-77.04836104,395805.36969531,137648.27735746,242473,,{0639A2BF-D64B-2945-E063-782F520A104C},259995
-77.0457561375763,38.9076408443679,PM6766758,0097 0816,6766758,,Hotel Madera,,,1310 NEW HAMPSHIRE AVE NW,PIOS GRANDE XGEN DC HOTEL LLC,2,"1310 New Hampshire Ave NW,",WASHINGTON,DC,20036,1967,Hotel,60291,53971.0,54,ENERGYSTARSCORE,2019,Hotel,52,-1.64%,-1.64%,Does Not Meet BEPS,2023/05/04 04:00:00+00,38.90763306,-77.04575384,396031.55994162,137753.62740662,243325,,{0639A2BF-D64C-2945-E063-782F520A104C},259996
-77.022176776718,38.9130082137598,PM6767762,0419 0037,6767762,,Channing E. Phillips Homes,,,1718 7TH ST NW,CHANNING PHILLIPS HOMES LLC,6,1710 7th Street NW,WASHINGTON,DC,20001,2016,Multifamily Housing,100794,58000.0,66,ENERGYSTARSCORE,2019,Multifamily Housing,64,-1.44%,-1.44%,Does Not Meet BEPS,2023/09/19 04:00:00+00,38.91300042,-77.02217449,398076.84960794,138348.6875819,311198,,{0639A2BF-D64D-2945-E063-782F520A104C},259997
-77.0412380601386,38.9021891396802,PM6768,0126 0057,6768,,1776 K Street NW,,,1776 K ST NW,1776 K STREET ASSOCIATES & RIDDELL PARTNERS,2,1776 K Street NW,WASHINGTON,DC,22202,1969,Office,256839,213067.0,71,ENERGYSTARSCORE,2019,Office_all,66,-7.60%,-7.60%,Does Not Meet BEPS,2023/09/13 04:00:00+00,38.90218135,-77.04123576,396423.16031446,137148.25671345,236718,,{0639A2BF-D64E-2945-E063-782F520A104C},259998
-77.018293350998,38.9043847640104,PM6769548,0514 0869,6769548,,Homewood Suites DC Convention Center,,,465 NEW YORK AVE NW,ALDUWALIYA HOSPITALITY WDC 1 INC,6,465 New York Avenue NW,WASHINGTON,DC,20001,2016,Hotel,98546,98546.0,54,ENERGYSTARSCORE,2019,Hotel,46,-6.34%,-6.34%,Does Not Meet BEPS,2023/09/14 04:00:00+00,38.90437698,-77.01829106,398413.46012993,137391.34048711,279794,,{0639A2BF-D64F-2945-E063-782F520A104C},259999
-77.0340313304477,38.9000090962905,PM6771738,0221 0037,6771738,,740 15th Street NW,,,1500 H ST NW,NCRC 740 LLC,2,750 15th Street NW,WASHINGTON,DC,20005,1907,Office,207654,187215.0,71,ENERGYSTARSCORE,2019,Office_all,48,-27.80%,-20.00%,Does Not Meet BEPS,2023/09/12 04:00:00+00,38.90000131,-77.03402904,397048.18968021,136905.99707105,310544,,{0639A2BF-D650-2945-E063-782F520A104C},260000
-76.9973903421037,38.8999522271792,PM6772305,0859 0838,6772305,,Anthology Apartments,,,625 H ST NE,MEPT ANTHOLOGY LLC,6,625 H St. NE,WASHINGTON,DC,20002,2016,Multifamily Housing,285413,227737.0,66,ENERGYSTARSCORE,2019,Multifamily Housing,95,,,Meets BEPS,2023/05/25 04:00:00+00,38.89994444,-76.99738806,400226.56994645,136899.13712263,288803,,{0639A2BF-D651-2945-E063-782F520A104C},260001
-77.0080130099147,38.8785791824692,PM6772563,06975 5430,6772563,,One Hill South,,,28 K ST SE,23 I LLC,6,28 K St SE,WASHINGTON,DC,20003,2016,Multifamily Housing,416448,462077.0,66,ENERGYSTARSCORE,2019,Multifamily Housing,60,-4.16%,-4.16%,Does Not Meet BEPS,2023/05/04 04:00:00+00,38.8785714,-77.00801073,399304.90958258,134526.59012297,313269,,{0639A2BF-D652-2945-E063-782F520A104C},260002
-77.0187622972996,38.9761138060412,PM6772597,3186 0806,6772597,,7051 Metro Village,,,7051 SPRING PL NW,TAKOMA SPRING PLACE LP,4,7051 Spring Place Northwest,WASHINGTON,DC,20012,2016,Multifamily Housing,52256,70000.0,66,ENERGYSTARSCORE,2019,Multifamily Housing,98,,,Meets BEPS,2023/05/04 04:00:00+00,38.976106,-77.01876,398374.4212826,145353.90464375,285374,,{0639A2BF-D653-2945-E063-782F520A104C},260003
-77.0315897979709,38.9029276794382,PM6773549,0248 0812,6773549,,Copy of Hamilton Hotel DC,,,1001 14TH ST NW,EOS DCH OWNER LLC,2,1001 14th St. N.W.,WASHINGTON,DC,20005,1921,Hotel,146425,222000.0,54,ENERGYSTARSCORE,2019,Hotel,48,-4.81%,-4.81%,Does Not Meet BEPS,2023/09/14 04:00:00+00,38.90291989,-77.0315875,397260.09038317,137229.90679681,240644,,{0639A2BF-D654-2945-E063-782F520A104C},260004
-77.0190952994293,38.9762888000548,PM6774015,3185 0825,6774015,,7053 Metro Village,,,7053 SPRING PL NW,TAKOMA SPRING PLACE LP,4,7053 Spring Place Northwest,WASHINGTON,DC,20012,2016,Multifamily Housing,172466,52000.0,66,ENERGYSTARSCORE,2019,Multifamily Housing,90,,,Meets BEPS,2023/05/04 04:00:00+00,38.976281,-77.019093,398345.57045736,145373.33731078,285375,,{0639A2BF-D655-2945-E063-782F520A104C},260005
-77.0144313259682,38.8829439417846,PM6774079,0538 0873,6774079,,One Independence Square,,,250 E ST SW,250 E STREET LLC,6,250 E Street SW,WASHINGTON,DC,20024,1991,Office,560163,340355.0,71,ENERGYSTARSCORE,2019,Office_all,88,,,Meets BEPS,2023/05/04 04:00:00+00,38.88293616,-77.01442904,398748.06991138,135011.18027016,301036,,{0639A2BF-D656-2945-E063-782F520A104C},260006
-76.974507240398,38.855740621254,PM6774207,5742 0183,6774207,,Rocketship Rise Academy,,,2335 RAYNOLDS PL SE,LAUNCHPAD DEVELOPMENT ONE DC LLC,8,"2335 Raynolds Pl., SE",WASHINGTON,DC,20020,2016,K-12 School,73672,58598.0,36,ENERGYSTARSCORE,2019,K-12 School,53,,,Meets BEPS,2023/07/18 04:00:00+00,38.85573284,-76.97450497,402212.90978268,131991.61988442,48301,,{0639A2BF-D657-2945-E063-782F520A104C},260007
-77.0157098890966,38.9752707703012,PM6775177,"3353 0051; 3353 0052",6775177,,Takoma Central,,,255 CARROLL ST NW,TAKOMA CENTRAL OWNER LLC,4,235-255 Carroll St NW,WASHINGTON,DC,20012,2014,Multifamily Housing,70245,165930.0,66,ENERGYSTARSCORE,2019,Multifamily Housing,67,,,Meets BEPS,2023/09/19 04:00:00+00,38.97526297,-77.0157076,398638.8996588,145260.27027488,245143,,{0639A2BF-D658-2945-E063-782F520A104C},260008
-76.9371306182366,38.9075829216952,PM6776119,5118 0020,6776119,,(SOLD) 1325 Kenilworth Avenue Ne (6688) - CubeSmart,,,1325 KENILWORTH AVE NE,295DC LLC,7,1325 Kenilworth Avenue Ne,WASHINGTON,DC,20019,2011,Self-Storage Facility,118220,90325.0,21,WEATHERNORMALZEDSOUREUI_KBTUFT,2019,Nonrefrigerated warehouse (Self-Storage Facility),16.3,,,Meets BEPS,2023/05/06 04:00:00+00,38.90757513,-76.93712835,405453.15033136,137748.0800414,286055,,{0639A2BF-D659-2945-E063-782F520A104C},260009
-77.0147096443929,38.8761345529937,PM6776589,0546 0820,6776589,,VALO - CO (vl049),6776589,VALO - CO (vl049),222 M ST SW,TC/MP ST MATTHEWS OWNER LLC,6,222 M St SW,WASHINGTON,DC,20024,2018,Multifamily Housing,209880,199711.0,66,ENERGYSTARSCORE,2019,Multifamily Housing,93,,,Meets BEPS,2023/09/13 04:00:00+00,38.87612677,-77.01470736,398723.79980314,134255.28998228,277791,,{0639A2BF-D65A-2945-E063-782F520A104C},260010
-77.0370595634256,38.9337478962427,PM6776980,2622 1233,6776980,,Northbrook I Condomiium,,,3420 16TH ST NW,NORTHBROOK CONDO I,1,3420 16th Street NW,WASHINGTON,DC,20010,1979,Multifamily Housing,51057,51057.0,66,ENERGYSTARSCORE,2019,Multifamily Housing,89,,,Meets BEPS,2023/05/04 04:00:00+00,38.9337401,-77.03705727,396787.02967776,140651.38670864,226333,,{0639A2BF-D65B-2945-E063-782F520A104C},260011
-77.0370299329439,38.9299939634346,PM6777063,2595 1056,6777063,,The Vintage,,,3146 16TH ST NW,VALOR 3146 16TH LLC,1,3146 16th Street,WASHINGTON,DC,20110,2017,Multifamily Housing,59931,59931.0,66,ENERGYSTARSCORE,2019,Multifamily Housing,81,,,Meets BEPS,2023/09/25 04:00:00+00,38.92998617,-77.03702764,396789.42965679,140234.66693653,236414,,{0639A2BF-D65C-2945-E063-782F520A104C},260012
-76.9977178910657,38.9530163786861,PM6777220,3765 0005,6777220,,The Modern at Art Place,,,5180 SOUTH DAKOTA AVE NE,ART PLACE AT FT TOTTEN LLC,5,400 Galloway Street NE,WASHINGTON,DC,20011,2017,Multifamily Housing,869190,631407.0,66,ENERGYSTARSCORE,2019,Multifamily Housing,58,-5.45%,-5.45%,Does Not Meet BEPS,2023/09/18 04:00:00+00,38.95300858,-76.99771561,400198.00956659,142789.71003121,314559,,{0639A2BF-D65D-2945-E063-782F520A104C},260013
-77.0335545230925,38.9178965669884,PM6786655,0204 0851,6786655,,Portner Flats,,,1450 V ST NW,PORTNER FLATS LLC,1,1440 V Street NW,WASHINGTON,DC,20009,2018,Multifamily Housing,110317,90982.0,66,ENERGYSTARSCORE,2019,Multifamily Housing,66,,,Meets BEPS,2023/09/24 04:00:00+00,38.91788878,-77.03355223,397090.27982784,138891.6373958,298461,,{0639A2BF-D65E-2945-E063-782F520A104C},260014
-77.0102261316444,38.8224859081613,PM6804936,6271 0027,6804936,,The Vista at Wingate,,,4660 MARTIN LUTHER KING JR AVE SW,WINGATE PROPERTIES LLC,8,"4660 Martin Luther King Jr. Avenue., SW",WASHINGTON,DC,20032,1964,Multifamily Housing,426944,422359.0,66,ENERGYSTARSCORE,2019,Multifamily Housing,64,-1.44%,-1.44%,Does Not Meet BEPS,2023/09/01 04:00:00+00,38.82247814,-77.01022385,399112.17996912,128299.86044483,18525,,{0639A2BF-D65F-2945-E063-782F520A104C},260015
-77.0054786214745,38.9027939944465,PM6805990,0713 0050,6805990,,100K Apartments - 29909,,,100 K ST NE,ARCHSTONE NEAR NORTHEAST LLC,6,100 K St NE,WASHINGTON,DC,20002,2018,Multifamily Housing,199752,211508.0,66,ENERGYSTARSCORE,2019,Multifamily Housing,81,,,Meets BEPS,2023/09/16 04:00:00+00,38.90278621,-77.00547634,399524.97965837,137214.60745617,76096,,{0639A2BF-D660-2945-E063-782F520A104C},260016
-77.0075106709871,38.9039858129084,PM6814547,0673 0849,6814547,,Camden NoMa-Camden,,,60 L ST NE,NOMA DEVELOPMENT LLC,6,60 L St NE,WASHINGTON,DC,20002,2013,Multifamily Housing,305084,259348.0,66,ENERGYSTARSCORE,2019,Multifamily Housing,90,,,Meets BEPS,2023/09/17 04:00:00+00,38.90397802,-77.00750838,399348.73042222,137346.92053505,5783,,{0639A2BF-D661-2945-E063-782F520A104C},260017
-77.0075088745775,38.9044436085403,PM6815927,0673 0848,6815927,,Camden NoMa II-Camden,,,61 PIERCE ST NE,NOMA DEVELOPMENT LLC,6,61 Pierce Street NE,WASHINGTON,DC,20002,2016,Multifamily Housing,376766,307533.0,66,ENERGYSTARSCORE,2019,Multifamily Housing,93,,,Meets BEPS,2023/09/24 04:00:00+00,38.90443582,-77.00750659,399348.88986393,137397.74003024,311211,,{0639A2BF-D662-2945-E063-782F520A104C},260018
-77.036022449112,38.9186652607975,PM6820040,0188 0802,6820040,,Camden Roosevelt-Camden,,,2101 16TH ST NW,SUMMIT ROOSEVELT LLC,1,2101 16th Street NW,WASHINGTON,DC,20009,1920,Multifamily Housing,244643,169532.0,66,ENERGYSTARSCORE,2019,Multifamily Housing,31,-20.93%,-20.00%,Does Not Meet BEPS,2023/09/20 04:00:00+00,38.91865747,-77.03602015,396876.29027897,138977.04997976,242036,,{0639A2BF-D663-2945-E063-782F520A104C},260019
-77.0095414340684,38.8735126363252,PM6820047,0653 0111,6820047,,South Capitol-Camden,,,1339 SOUTH CAPITOL ST SW,FUND SOUTH CAPITOL LLC,6,1345 South Capitol St. SW,WASHINGTON,DC,20003,2013,Multifamily Housing,269995,270220.0,66,ENERGYSTARSCORE,2019,Multifamily Housing,67,,,Meets BEPS,2023/07/11 04:00:00+00,38.87350485,-77.00953915,399172.22992844,133964.17757508,276500,,{0639A2BF-D664-2945-E063-782F520A104C},260020
-77.0307097340673,38.9070247417694,PM6829389,0245 2247,6829389,,Crescent Tower Condo,,,1239 VERMONT AVE NW,CRESCENT TOWERS CONDO,2,1239 Vermont Ave NW,WASHINGTON,DC,20005,1945,Multifamily Housing,58708,92391.0,66,ENERGYSTARSCORE,2019,Multifamily Housing,68,,,Meets BEPS,2023/06/13 04:00:00+00,38.90701695,-77.03070744,397336.58004657,137684.68763349,226427,,{0639A2BF-D665-2945-E063-782F520A104C},260021
-77.0725153429037,38.9606818088574,PM6832439,1873 0128,6832439,,5333 Connecticut (cn029),,,5333 CONNECTICUT AVE NW,CMK DEV LLC,3,5333 Connecticut Ave NW,WASHINGTON,DC,20015,2016,Multifamily Housing,299583,181079.0,66,ENERGYSTARSCORE,2019,Multifamily Housing,29,-22.06%,-20.00%,Does Not Meet BEPS,2023/05/17 04:00:00+00,38.96067401,-77.07251303,393715.29026593,143643.13687305,310383,,{0639A2BF-D666-2945-E063-782F520A104C},260022
-77.0348295048136,38.9015838916496,PM6836003,"0199 0834; 0199 0835",6836003,,Camden Grand Parc-Camden,,,900 15TH ST NW,SUMMIT GRAND PARC LLC,2,910 15th Street NW,WASHINGTON,DC,20005,1918,Multifamily Housing,50094,133225.0,66,ENERGYSTARSCORE,2019,Multifamily Housing,58,-5.45%,-5.45%,Does Not Meet BEPS,2023/09/22 04:00:00+00,38.9015761,-77.03482721,396979.02002881,137080.83750796,279982,,{0639A2BF-D667-2945-E063-782F520A104C},260023
-77.0424774707,38.9098926377664,PM6837103,0136 0034,6837103,,Ampeer Residences,,,15 DUPONT CIR NW,PATTERSON OWNER SPE LLC,2,15 Dupont Circle NW,WASHINGTON,DC,20036,2017,Multifamily Housing,50919,56718.0,66,ENERGYSTARSCORE,2019,Multifamily Housing,50,-10.32%,-10.32%,Does Not Meet BEPS,2023/07/27 04:00:00+00,38.90988485,-77.04247517,396316.05028899,138003.45709317,225555,,{0639A2BF-D668-2945-E063-782F520A104C},260024
-77.0262994183732,38.9167155681033,PM6837521,0333 0037,6837521,,Prince Hall Freemason Charitable Foundation,,,1000 U ST NW,PRINCE HALL FREEMASON & EASTERN STAR CHARITABLE,1,"1000 U St., N.W.",WASHINGTON,DC,20001,1922,Social/Meeting Hall,83104,83104.0,192,WEATHERNORMALZEDSOUREUI_KBTUFT,2019,Social/meeting,68.2,,,Meets BEPS,2023/05/04 04:00:00+00,38.91670778,-77.02629713,397719.4196207,138760.33027572,242764,,{0639A2BF-D669-2945-E063-782F520A104C},260025
-76.9915581554952,38.9444465840689,PM6840843,"3894 0824; 3894 0825; 3894 0826",6840843,,Providence Hospital,,,1160 VARNUM ST NE,LHPT DC THE LP,5,"1150 Varnum St., NE",WASHINGTON,DC,20017,1954,Hospital (General Medical & Surgical),90888,724707.0,50,ENERGYSTARSCORE,2019,Hospital,95,,,Meets BEPS,2023/05/04 04:00:00+00,38.94443879,-76.99155587,400732.02016232,141838.41737765,289609,,{0639A2BF-D66A-2945-E063-782F520A104C},260026
-76.9958140918541,38.9451801153084,PM6840969,3894 0021,6840969,,Carroll Manor Nursing and Rehab,,,725 BUCHANAN ST NE,PROVIDENCE HOSPITAL & DEPAUL FOUNDATION INC,5,"725 Buchanan St., NE",WASHINGTON,DC,20017,1996,Senior Living Community,169500,196500.0,50,ENERGYSTARSCORE,2019,Senior Care Community,66,,,Meets BEPS,2023/09/19 04:00:00+00,38.94517232,-76.99581181,400363.06972786,141919.8202388,288920,,{0639A2BF-D66B-2945-E063-782F520A104C},260027
-77.0469627989082,38.9163822407016,PM6841465,2530 0820,6841465,,Churchill WCH DC,Not Applicable: Standalone Property,Not Applicable: Standalone Property,1914 CONNECTICUT AVE NW,H H CHURCHILL HOTEL ASSOCIATES LP,2,1914 Connecticut Avenue,WASHINGTON,DC,20009,2000,Hotel,111018,111018.0,54,ENERGYSTARSCORE,2019,Hotel,88,,,Meets BEPS,2023/05/04 04:00:00+00,38.91637445,-77.0469605,395927.39997792,138724.04689411,235060,,{0639A2BF-D66C-2945-E063-782F520A104C},260028
-77.0316482874874,38.93107710949,PM6841466,2837 0079,6841466,,Tivoli Square (tv003),,,1345 PARK RD NW,TIVOLI PARTNERS COMMERCIAL,1,3333 14th St NW,WASHINGTON,DC,20010,1940,Office,119074,119074.0,71,ENERGYSTARSCORE,2019,Office_all,54,-21.93%,-20.00%,Does Not Meet BEPS,2023/09/19 04:00:00+00,38.93106932,-77.03164599,397256.10019049,140354.73042075,299650,,{0639A2BF-D66D-2945-E063-782F520A104C},260029
-77.0427063841361,38.9040020212769,PM6843319,0140 0086,6843319,,RL Washington DC,,,1823 L ST NW,L STREET HOTEL LLC,2,1823 L Street NW,WASHINGTON,DC,20036,2017,Hotel,84839,84839.0,54,ENERGYSTARSCORE,2019,Hotel,82,,,Meets BEPS,2023/05/04 04:00:00+00,38.90399423,-77.04270409,396295.88974447,137349.55957096,241297,,{0639A2BF-D66E-2945-E063-782F520A104C},260030
-76.933447265893,38.899119791152,PM6844934,5148 0828,6844934,,The Nannie Helen at 4800 - nb47,6844934,The Nannie Helen at 4800 - nb47,4800 NANNIE HELEN BURROUGHS AVE NE,4800 NHB LP,7,4800 Nannie Helen Burroughs Ave NE,WASHINGTON,DC,20019,2013,Multifamily Housing,92700,90676.0,66,ENERGYSTARSCORE,2019,Multifamily Housing,88,,,Meets BEPS,2023/05/04 04:00:00+00,38.899112,-76.933445,405773.30927245,136808.83092734,302568,,{0639A2BF-D66F-2945-E063-782F520A104C},260031
-77.0267381335405,38.9027817841908,PM6865764,0342 0061,6865764,,"Moxy Washington DC, Downtown",,,1001 11TH ST NW,JEMAL'S BULLDOG LLC,2,1011 K St.NW,WASHINGTON,DC,20001,2018,Hotel,76180,73727.0,54,ENERGYSTARSCORE,2019,Hotel,59,,,Meets BEPS,2023/05/04 04:00:00+00,38.902774,-77.02673584,397680.92013088,137213.57739623,316590,,{0639A2BF-D670-2945-E063-782F520A104C},260032
-77.0016492932548,38.9039636029801,PM6866198,0773 0278,6866198,,Aria on L,,,300 L ST NE,A AND W 300 L STREET L STREET LLC,6,300 L St NE,WASHINGTON,DC,20002,2013,Multifamily Housing,58814,50921.0,66,ENERGYSTARSCORE,2019,Multifamily Housing,73,,,Meets BEPS,2023/07/11 04:00:00+00,38.90395581,-77.00164701,399857.13991001,137344.42955088,42495,,{0639A2BF-D671-2945-E063-782F520A104C},260033
-77.0600067799283,38.9445444590462,PM6867192,2049 1080,6867192,,Van Ness East Condominium,,,2939 VAN NESS ST NW,VAN NESS EAST CONDOMINIUM,3,2939 Van Ness Street NW,WASHINGTON,DC,20008,1965,Multifamily Housing,324999,318678.0,66,ENERGYSTARSCORE,2019,Multifamily Housing,81,,,Meets BEPS,2023/05/04 04:00:00+00,38.94453666,-77.06000447,394798.23043138,141850.95754326,223260,,{0639A2BF-D672-2945-E063-782F520A104C},260034
-76.9724406720609,38.8477818117179,PM6868870,"5894 0045; 5894 0046; 5894 0047; 5894 0048; 5894 0049; 5894 0050; 5894 0052; 5894 0053; 5894 0054; 5894 0055; 5894 0056; 5894 0057; 5894 0058",6868870,,Ridgecrest Court,6868870,Ridgecrest Court,2206 SAVANNAH ST SE,RIDGECREST COURT INVESTOR LLC,8,2000 Ridgecrest Ct SE,WASHINGTON,DC,20020,1949,Multifamily Housing,24300,248800.0,66,ENERGYSTARSCORE,2019,Multifamily Housing,26,-23.76%,-20.00%,Does Not Meet BEPS,2023/09/19 04:00:00+00,38.84777403,-76.9724384,402392.55002494,131108.18766311,150229,,{0639A2BF-D673-2945-E063-782F520A104C},260035
-76.9895058925588,38.9201695717581,PM6872313,3942 0040,6872313,,Brentwood Square Shopping Center,,,1213 BRENTWOOD RD NE,BRENTWOOD SQUARE SHOPPING CENT,5,1201-1233 Brentwood Road NE,WASHINGTON,DC,20018,1989,Other - Mall,68163,68163.0,,,,,,,,Does Not Meet BEPS: Incomplete/Missing Report,2023/05/04 04:00:00+00,38.92016178,-76.98950361,400910.24009186,139143.47709951,149821,,{0639A2BF-D674-2945-E063-782F520A104C},260036
-77.0265325634786,38.9200987470574,PM7060750,"0330 0800; 2873 1110; 2877 0930; 2877 0933; 3055 0015; 3057 0092; 3058 0834; 3058 0835; 3060 0041; 3060 0830; 3060 0839; 3063 0801; 3064 0044; 3064 0837; 3065 0833; 3068 0809; 3068 0810; 3069 0065; 3069 0066; 3072 0052; 3074 0011; 3075 0807; 3080 0073; PAR 01460073",7060750,,Howard University Main Campus,7060750,Howard University Main Campus,1000 FLORIDA AVE NW,HOWARD UNIVERSITY,1,100 6th and Trumbul St.,WASHINGTON,DC,20059,1867,Mixed Use Property,218339,4414673.0,235,Blended Custom Source Energy Use Intensity (EUI),2019,Howard University Main Campus,278.3,-15.56%,-15.56%,Does Not Meet BEPS,2023/08/16 04:00:00+00,38.92009096,-77.02653027,397699.31003927,139135.89746644,76086,,{0639A2BF-D675-2945-E063-782F520A104C},260037
-77.0157432110732,38.9035832118522,PM7145162,0526 0027,7145162,,Plaza West,,,1035 4TH ST NW,PLAZA WEST LLC,6,1035 4th Street NW,WASHINGTON,DC,20001,2016,Multifamily Housing,260976,278987.0,66,ENERGYSTARSCORE,2019,Multifamily Housing,78,,,Meets BEPS,2023/05/04 04:00:00+00,38.90357542,-77.01574092,398634.64020942,137302.31960921,312743,,{0639A2BF-D676-2945-E063-782F520A104C},260038
-77.0538195013144,38.9055348590029,PM7226928,0013 1001,7226928,,Westgate Condominiums,,,2501 M ST NW,THE WESTGATE CONDOMINIUM,2,2501 M St.,WASHINGTON,DC,20037,1979,Multifamily Housing,135350,133350.0,66,ENERGYSTARSCORE,2019,Multifamily Housing,6,-38.55%,-20.00%,Does Not Meet BEPS,2023/09/25 04:00:00+00,38.90552707,-77.0538172,395332.05005893,137520.22681149,274800,,{0639A2BF-D677-2945-E063-782F520A104C},260039
